Account,Transaction ID,Timestamp,Date,Delta,Amount,Cash Change Type,Currency,Contract
DEMO4543231,239056644870,06/29/2025 23:21:45,2025-06-30,95.21,"50,000.00", Fund Transaction,USD,
DEMO4543231,239056644875,06/30/2025 00:00:18,2025-06-30,-0.35,"49,999.65", Exchange Fee,USD,MESU5
DEMO4543231,239056644876,06/30/2025 00:00:18,2025-06-30,-0.19,"49,999.46", Clearing Fee,USD,MESU5
DEMO4543231,239056644877,06/30/2025 00:00:18,2025-06-30,-0.02,"49,999.44", Nfa Fee,USD,MESU5
DEMO4543231,239056644878,06/30/2025 00:00:18,2025-06-30,-0.35,"49,999.09", Commission,USD,MESU5
DEMO4543231,239056644885,06/30/2025 00:04:23,2025-06-30,-0.35,"49,998.74", Exchange Fee,USD,MESU5
DEMO4543231,239056644886,06/30/2025 00:04:23,2025-06-30,-0.19,"49,998.55", Clearing Fee,USD,MESU5
DEMO4543231,239056644887,06/30/2025 00:04:23,2025-06-30,-0.02,"49,998.53", Nfa Fee,USD,MESU5
DEMO4543231,239056644888,06/30/2025 00:04:23,2025-06-30,-0.35,"49,998.18", Commission,USD,MESU5
DEMO4543231,239056644891,06/30/2025 00:04:23,2025-06-30,1.25,"49,999.43", Trade Paired,USD,MESU5
DEMO4543231,239056644896,06/30/2025 00:15:03,2025-06-30,-0.35,"49,999.08", Exchange Fee,USD,MESU5
DEMO4543231,239056644897,06/30/2025 00:15:03,2025-06-30,-0.19,"49,998.89", Clearing Fee,USD,MESU5
DEMO4543231,239056644898,06/30/2025 00:15:03,2025-06-30,-0.02,"49,998.87", Nfa Fee,USD,MESU5
DEMO4543231,239056644899,06/30/2025 00:15:03,2025-06-30,-0.35,"49,998.52", Commission,USD,MESU5
DEMO4543231,239056644905,06/30/2025 00:39:18,2025-06-30,-0.35,"49,998.17", Exchange Fee,USD,MESU5
DEMO4543231,239056644906,06/30/2025 00:39:18,2025-06-30,-0.19,"49,997.98", Clearing Fee,USD,MESU5
DEMO4543231,239056644907,06/30/2025 00:39:18,2025-06-30,-0.02,"49,997.96", Nfa Fee,USD,MESU5
DEMO4543231,239056644908,06/30/2025 00:39:18,2025-06-30,-0.35,"49,997.61", Commission,USD,MESU5
DEMO4543231,239056644911,06/30/2025 00:39:18,2025-06-30,5.00,"50,002.61", Trade Paired,USD,MESU5
DEMO4543231,239056644916,06/30/2025 01:00:03,2025-06-30,-0.50,"50,002.11", Exchange Fee,USD,MGCQ5
DEMO4543231,239056644917,06/30/2025 01:00:03,2025-06-30,-0.19,"50,001.92", Clearing Fee,USD,MGCQ5
DEMO4543231,239056644918,06/30/2025 01:00:03,2025-06-30,-0.02,"50,001.90", Nfa Fee,USD,MGCQ5
DEMO4543231,239056644919,06/30/2025 01:00:03,2025-06-30,-0.35,"50,001.55", Commission,USD,MGCQ5
DEMO4543231,239056644926,06/30/2025 01:00:21,2025-06-30,-0.50,"50,001.05", Exchange Fee,USD,MGCQ5
DEMO4543231,239056644927,06/30/2025 01:00:21,2025-06-30,-0.19,"50,000.86", Clearing Fee,USD,MGCQ5
DEMO4543231,239056644928,06/30/2025 01:00:21,2025-06-30,-0.02,"50,000.84", Nfa Fee,USD,MGCQ5
DEMO4543231,239056644929,06/30/2025 01:00:21,2025-06-30,-0.35,"50,000.49", Commission,USD,MGCQ5
DEMO4543231,239056644932,06/30/2025 01:00:21,2025-06-30,5.00,"50,005.49", Trade Paired,USD,MGCQ5
DEMO4543231,239056644937,06/30/2025 01:15:00,2025-06-30,-0.35,"50,005.14", Exchange Fee,USD,MESU5
DEMO4543231,239056644938,06/30/2025 01:15:00,2025-06-30,-0.19,"50,004.95", Clearing Fee,USD,MESU5
DEMO4543231,239056644939,06/30/2025 01:15:00,2025-06-30,-0.02,"50,004.93", Nfa Fee,USD,MESU5
DEMO4543231,239056644940,06/30/2025 01:15:00,2025-06-30,-0.35,"50,004.58", Commission,USD,MESU5
DEMO4543231,239056644946,06/30/2025 01:21:24,2025-06-30,-0.35,"50,004.23", Exchange Fee,USD,MESU5
DEMO4543231,239056644947,06/30/2025 01:21:24,2025-06-30,-0.19,"50,004.04", Clearing Fee,USD,MESU5
DEMO4543231,239056644948,06/30/2025 01:21:24,2025-06-30,-0.02,"50,004.02", Nfa Fee,USD,MESU5
DEMO4543231,239056644949,06/30/2025 01:21:24,2025-06-30,-0.35,"50,003.67", Commission,USD,MESU5
DEMO4543231,239056644952,06/30/2025 01:21:24,2025-06-30,2.50,"50,006.17", Trade Paired,USD,MESU5
DEMO4543231,239056644957,06/30/2025 01:30:01,2025-06-30,-0.50,"50,005.67", Exchange Fee,USD,MGCQ5
DEMO4543231,239056644958,06/30/2025 01:30:01,2025-06-30,-0.19,"50,005.48", Clearing Fee,USD,MGCQ5
DEMO4543231,239056644959,06/30/2025 01:30:01,2025-06-30,-0.02,"50,005.46", Nfa Fee,USD,MGCQ5
DEMO4543231,239056644960,06/30/2025 01:30:01,2025-06-30,-0.35,"50,005.11", Commission,USD,MGCQ5
DEMO4543231,239056644966,06/30/2025 01:30:04,2025-06-30,-0.19,"50,004.92", Clearing Fee,USD,MCLQ5
DEMO4543231,239056644967,06/30/2025 01:30:04,2025-06-30,-0.35,"50,004.57", Commission,USD,MCLQ5
DEMO4543231,239056644974,06/30/2025 01:30:11,2025-06-30,-0.50,"50,004.07", Exchange Fee,USD,MGCQ5
DEMO4543231,239056644975,06/30/2025 01:30:11,2025-06-30,-0.19,"50,003.88", Clearing Fee,USD,MGCQ5
DEMO4543231,239056644976,06/30/2025 01:30:11,2025-06-30,-0.02,"50,003.86", Nfa Fee,USD,MGCQ5
DEMO4543231,239056644977,06/30/2025 01:30:11,2025-06-30,-0.35,"50,003.51", Commission,USD,MGCQ5
DEMO4543231,239056644980,06/30/2025 01:30:11,2025-06-30,-1.00,"50,002.51", Trade Paired,USD,MGCQ5
DEMO4543231,239056644985,06/30/2025 01:30:13,2025-06-30,-0.19,"50,002.32", Clearing Fee,USD,MCLQ5
DEMO4543231,239056644986,06/30/2025 01:30:13,2025-06-30,-0.35,"50,001.97", Commission,USD,MCLQ5
DEMO4543231,239056644989,06/30/2025 01:30:13,2025-06-30,-1.00,"50,000.97", Trade Paired,USD,MCLQ5
DEMO4543231,239056644994,06/30/2025 01:45:08,2025-06-30,-0.35,"50,000.62", Exchange Fee,USD,MESU5
DEMO4543231,239056644995,06/30/2025 01:45:08,2025-06-30,-0.19,"50,000.43", Clearing Fee,USD,MESU5
DEMO4543231,239056644996,06/30/2025 01:45:08,2025-06-30,-0.02,"50,000.41", Nfa Fee,USD,MESU5
DEMO4543231,239056644997,06/30/2025 01:45:08,2025-06-30,-0.35,"50,000.06", Commission,USD,MESU5
DEMO4543231,239056645003,06/30/2025 01:47:38,2025-06-30,-0.35,"49,999.71", Exchange Fee,USD,MESU5
DEMO4543231,239056645004,06/30/2025 01:47:38,2025-06-30,-0.19,"49,999.52", Clearing Fee,USD,MESU5
DEMO4543231,239056645005,06/30/2025 01:47:38,2025-06-30,-0.02,"49,999.50", Nfa Fee,USD,MESU5
DEMO4543231,239056645006,06/30/2025 01:47:38,2025-06-30,-0.35,"49,999.15", Commission,USD,MESU5
DEMO4543231,239056645014,06/30/2025 02:00:00,2025-06-30,-0.50,"49,998.65", Exchange Fee,USD,MGCQ5
DEMO4543231,239056645015,06/30/2025 02:00:00,2025-06-30,-0.19,"49,998.46", Clearing Fee,USD,MGCQ5
DEMO4543231,239056645016,06/30/2025 02:00:00,2025-06-30,-0.02,"49,998.44", Nfa Fee,USD,MGCQ5
DEMO4543231,239056645017,06/30/2025 02:00:00,2025-06-30,-0.35,"49,998.09", Commission,USD,MGCQ5
DEMO4543231,239056645023,06/30/2025 02:00:11,2025-06-30,-0.35,"49,997.74", Exchange Fee,USD,MESU5
DEMO4543231,239056645024,06/30/2025 02:00:11,2025-06-30,-0.19,"49,997.55", Clearing Fee,USD,MESU5
DEMO4543231,239056645025,06/30/2025 02:00:11,2025-06-30,-0.02,"49,997.53", Nfa Fee,USD,MESU5
DEMO4543231,239056645026,06/30/2025 02:00:11,2025-06-30,-0.35,"49,997.18", Commission,USD,MESU5
DEMO4543231,239056645032,06/30/2025 02:00:20,2025-06-30,-0.50,"49,996.68", Exchange Fee,USD,MGCQ5
DEMO4543231,239056645033,06/30/2025 02:00:20,2025-06-30,-0.19,"49,996.49", Clearing Fee,USD,MGCQ5
DEMO4543231,239056645034,06/30/2025 02:00:20,2025-06-30,-0.02,"49,996.47", Nfa Fee,USD,MGCQ5
DEMO4543231,239056645035,06/30/2025 02:00:20,2025-06-30,-0.35,"49,996.12", Commission,USD,MGCQ5
DEMO4543231,239056645038,06/30/2025 02:00:20,2025-06-30,5.00,"50,001.12", Trade Paired,USD,MGCQ5
DEMO4543231,239056645043,06/30/2025 02:00:21,2025-06-30,-0.19,"50,000.93", Clearing Fee,USD,MCLQ5
DEMO4543231,239056645044,06/30/2025 02:00:21,2025-06-30,-0.35,"50,000.58", Commission,USD,MCLQ5
DEMO4543231,239056645050,06/30/2025 02:00:56,2025-06-30,-0.19,"50,000.39", Clearing Fee,USD,MCLQ5
DEMO4543231,239056645051,06/30/2025 02:00:56,2025-06-30,-0.35,"50,000.04", Commission,USD,MCLQ5
DEMO4543231,239056645054,06/30/2025 02:00:56,2025-06-30,1.00,"50,001.04", Trade Paired,USD,MCLQ5
DEMO4543231,239056645059,06/30/2025 02:06:15,2025-06-30,-0.35,"50,000.69", Exchange Fee,USD,MESU5
DEMO4543231,239056645060,06/30/2025 02:06:15,2025-06-30,-0.19,"50,000.50", Clearing Fee,USD,MESU5
DEMO4543231,239056645061,06/30/2025 02:06:15,2025-06-30,-0.02,"50,000.48", Nfa Fee,USD,MESU5
DEMO4543231,239056645062,06/30/2025 02:06:15,2025-06-30,-0.35,"50,000.13", Commission,USD,MESU5
DEMO4543231,239056645065,06/30/2025 02:06:15,2025-06-30,5.00,"50,005.13", Trade Paired,USD,MESU5
DEMO4543231,239056645070,06/30/2025 02:15:00,2025-06-30,-0.35,"50,004.78", Exchange Fee,USD,MESU5
DEMO4543231,239056645071,06/30/2025 02:15:00,2025-06-30,-0.19,"50,004.59", Clearing Fee,USD,MESU5
DEMO4543231,239056645072,06/30/2025 02:15:00,2025-06-30,-0.02,"50,004.57", Nfa Fee,USD,MESU5
DEMO4543231,239056645073,06/30/2025 02:15:00,2025-06-30,-0.35,"50,004.22", Commission,USD,MESU5
DEMO4543231,239056645079,06/30/2025 02:15:36,2025-06-30,-0.35,"50,003.87", Exchange Fee,USD,MESU5
DEMO4543231,239056645080,06/30/2025 02:15:36,2025-06-30,-0.19,"50,003.68", Clearing Fee,USD,MESU5
DEMO4543231,239056645081,06/30/2025 02:15:36,2025-06-30,-0.02,"50,003.66", Nfa Fee,USD,MESU5
DEMO4543231,239056645082,06/30/2025 02:15:36,2025-06-30,-0.35,"50,003.31", Commission,USD,MESU5
DEMO4543231,239056645085,06/30/2025 02:15:36,2025-06-30,1.25,"50,004.56", Trade Paired,USD,MESU5
DEMO4543231,239056645090,06/30/2025 02:30:01,2025-06-30,-0.35,"50,004.21", Exchange Fee,USD,MESU5
DEMO4543231,239056645091,06/30/2025 02:30:01,2025-06-30,-0.19,"50,004.02", Clearing Fee,USD,MESU5
DEMO4543231,239056645092,06/30/2025 02:30:01,2025-06-30,-0.02,"50,004.00", Nfa Fee,USD,MESU5
DEMO4543231,239056645093,06/30/2025 02:30:01,2025-06-30,-0.35,"50,003.65", Commission,USD,MESU5
DEMO4543231,239056645099,06/30/2025 02:30:10,2025-06-30,-0.50,"50,003.15", Exchange Fee,USD,MGCQ5
DEMO4543231,239056645100,06/30/2025 02:30:10,2025-06-30,-0.19,"50,002.96", Clearing Fee,USD,MGCQ5
DEMO4543231,239056645101,06/30/2025 02:30:10,2025-06-30,-0.02,"50,002.94", Nfa Fee,USD,MGCQ5
DEMO4543231,239056645102,06/30/2025 02:30:10,2025-06-30,-0.35,"50,002.59", Commission,USD,MGCQ5
DEMO4543231,239056645108,06/30/2025 02:31:14,2025-06-30,-0.50,"50,002.09", Exchange Fee,USD,MGCQ5
DEMO4543231,239056645109,06/30/2025 02:31:14,2025-06-30,-0.19,"50,001.90", Clearing Fee,USD,MGCQ5
DEMO4543231,239056645110,06/30/2025 02:31:14,2025-06-30,-0.02,"50,001.88", Nfa Fee,USD,MGCQ5
DEMO4543231,239056645111,06/30/2025 02:31:14,2025-06-30,-0.35,"50,001.53", Commission,USD,MGCQ5
DEMO4543231,239056645114,06/30/2025 02:31:14,2025-06-30,5.00,"50,006.53", Trade Paired,USD,MGCQ5
DEMO4543231,239056645119,06/30/2025 02:44:40,2025-06-30,-0.35,"50,006.18", Exchange Fee,USD,MESU5
DEMO4543231,239056645120,06/30/2025 02:44:40,2025-06-30,-0.19,"50,005.99", Clearing Fee,USD,MESU5
DEMO4543231,239056645121,06/30/2025 02:44:40,2025-06-30,-0.02,"50,005.97", Nfa Fee,USD,MESU5
DEMO4543231,239056645122,06/30/2025 02:44:40,2025-06-30,-0.35,"50,005.62", Commission,USD,MESU5
DEMO4543231,239056645125,06/30/2025 02:44:40,2025-06-30,-20.00,"49,985.62", Trade Paired,USD,MESU5
DEMO4543231,239056645130,06/30/2025 03:00:00,2025-06-30,-0.50,"49,985.12", Exchange Fee,USD,MGCQ5
DEMO4543231,239056645131,06/30/2025 03:00:00,2025-06-30,-0.19,"49,984.93", Clearing Fee,USD,MGCQ5
DEMO4543231,239056645132,06/30/2025 03:00:00,2025-06-30,-0.02,"49,984.91", Nfa Fee,USD,MGCQ5
DEMO4543231,239056645133,06/30/2025 03:00:00,2025-06-30,-0.35,"49,984.56", Commission,USD,MGCQ5
DEMO4543231,239056645139,06/30/2025 03:00:27,2025-06-30,-0.50,"49,984.06", Exchange Fee,USD,MGCQ5
DEMO4543231,239056645140,06/30/2025 03:00:27,2025-06-30,-0.19,"49,983.87", Clearing Fee,USD,MGCQ5
DEMO4543231,239056645141,06/30/2025 03:00:27,2025-06-30,-0.02,"49,983.85", Nfa Fee,USD,MGCQ5
DEMO4543231,239056645142,06/30/2025 03:00:27,2025-06-30,-0.35,"49,983.50", Commission,USD,MGCQ5
DEMO4543231,239056645145,06/30/2025 03:00:27,2025-06-30,-7.00,"49,976.50", Trade Paired,USD,MGCQ5
DEMO4543231,239056645150,06/30/2025 03:15:05,2025-06-30,-0.35,"49,976.15", Exchange Fee,USD,MESU5
DEMO4543231,239056645151,06/30/2025 03:15:05,2025-06-30,-0.19,"49,975.96", Clearing Fee,USD,MESU5
DEMO4543231,239056645152,06/30/2025 03:15:05,2025-06-30,-0.02,"49,975.94", Nfa Fee,USD,MESU5
DEMO4543231,239056645153,06/30/2025 03:15:05,2025-06-30,-0.35,"49,975.59", Commission,USD,MESU5
DEMO4543231,239056645159,06/30/2025 03:17:26,2025-06-30,-0.35,"49,975.24", Exchange Fee,USD,MESU5
DEMO4543231,239056645160,06/30/2025 03:17:26,2025-06-30,-0.19,"49,975.05", Clearing Fee,USD,MESU5
DEMO4543231,239056645161,06/30/2025 03:17:26,2025-06-30,-0.02,"49,975.03", Nfa Fee,USD,MESU5
DEMO4543231,239056645162,06/30/2025 03:17:26,2025-06-30,-0.35,"49,974.68", Commission,USD,MESU5
DEMO4543231,239056645165,06/30/2025 03:17:26,2025-06-30,3.75,"49,978.43", Trade Paired,USD,MESU5
DEMO4543231,239056645170,06/30/2025 03:30:14,2025-06-30,-0.50,"49,977.93", Exchange Fee,USD,MGCQ5
DEMO4543231,239056645171,06/30/2025 03:30:14,2025-06-30,-0.19,"49,977.74", Clearing Fee,USD,MGCQ5
DEMO4543231,239056645172,06/30/2025 03:30:14,2025-06-30,-0.02,"49,977.72", Nfa Fee,USD,MGCQ5
DEMO4543231,239056645173,06/30/2025 03:30:14,2025-06-30,-0.35,"49,977.37", Commission,USD,MGCQ5
DEMO4543231,239056645179,06/30/2025 03:39:07,2025-06-30,-0.50,"49,976.87", Exchange Fee,USD,MGCQ5
DEMO4543231,239056645180,06/30/2025 03:39:07,2025-06-30,-0.19,"49,976.68", Clearing Fee,USD,MGCQ5
DEMO4543231,239056645181,06/30/2025 03:39:07,2025-06-30,-0.02,"49,976.66", Nfa Fee,USD,MGCQ5
DEMO4543231,239056645182,06/30/2025 03:39:07,2025-06-30,-0.35,"49,976.31", Commission,USD,MGCQ5
DEMO4543231,239056645185,06/30/2025 03:39:07,2025-06-30,5.00,"49,981.31", Trade Paired,USD,MGCQ5
DEMO4543231,239056645190,06/30/2025 04:30:04,2025-06-30,-0.50,"49,980.81", Exchange Fee,USD,MGCQ5
DEMO4543231,239056645191,06/30/2025 04:30:04,2025-06-30,-0.19,"49,980.62", Clearing Fee,USD,MGCQ5
DEMO4543231,239056645192,06/30/2025 04:30:04,2025-06-30,-0.02,"49,980.60", Nfa Fee,USD,MGCQ5
DEMO4543231,239056645193,06/30/2025 04:30:04,2025-06-30,-0.35,"49,980.25", Commission,USD,MGCQ5
DEMO4543231,239056645199,06/30/2025 04:30:04,2025-06-30,-0.19,"49,980.06", Clearing Fee,USD,MCLQ5
DEMO4543231,239056645200,06/30/2025 04:30:04,2025-06-30,-0.35,"49,979.71", Commission,USD,MCLQ5
DEMO4543231,239056645206,06/30/2025 04:30:17,2025-06-30,-0.50,"49,979.21", Exchange Fee,USD,MGCQ5
DEMO4543231,239056645207,06/30/2025 04:30:17,2025-06-30,-0.19,"49,979.02", Clearing Fee,USD,MGCQ5
DEMO4543231,239056645208,06/30/2025 04:30:17,2025-06-30,-0.02,"49,979.00", Nfa Fee,USD,MGCQ5
DEMO4543231,239056645209,06/30/2025 04:30:17,2025-06-30,-0.35,"49,978.65", Commission,USD,MGCQ5
DEMO4543231,239056645212,06/30/2025 04:30:17,2025-06-30,-4.00,"49,974.65", Trade Paired,USD,MGCQ5
DEMO4543231,239056645217,06/30/2025 04:30:20,2025-06-30,-0.19,"49,974.46", Clearing Fee,USD,MCLQ5
DEMO4543231,239056645218,06/30/2025 04:30:20,2025-06-30,-0.35,"49,974.11", Commission,USD,MCLQ5
DEMO4543231,239056645221,06/30/2025 04:30:20,2025-06-30,3.00,"49,977.11", Trade Paired,USD,MCLQ5
DEMO4543231,239056645226,06/30/2025 05:00:01,2025-06-30,-0.19,"49,976.92", Clearing Fee,USD,MCLQ5
DEMO4543231,239056645227,06/30/2025 05:00:01,2025-06-30,-0.35,"49,976.57", Commission,USD,MCLQ5
DEMO4543231,239056645233,06/30/2025 05:11:54,2025-06-30,-0.19,"49,976.38", Clearing Fee,USD,MCLQ5
DEMO4543231,239056645234,06/30/2025 05:11:54,2025-06-30,-0.35,"49,976.03", Commission,USD,MCLQ5
DEMO4543231,239056645242,06/30/2025 05:30:01,2025-06-30,-0.50,"49,975.53", Exchange Fee,USD,MGCQ5
DEMO4543231,239056645243,06/30/2025 05:30:01,2025-06-30,-0.19,"49,975.34", Clearing Fee,USD,MGCQ5
DEMO4543231,239056645244,06/30/2025 05:30:01,2025-06-30,-0.02,"49,975.32", Nfa Fee,USD,MGCQ5
DEMO4543231,239056645245,06/30/2025 05:30:01,2025-06-30,-0.35,"49,974.97", Commission,USD,MGCQ5
DEMO4543231,239056645251,06/30/2025 05:30:34,2025-06-30,-0.50,"49,974.47", Exchange Fee,USD,MGCQ5
DEMO4543231,239056645252,06/30/2025 05:30:34,2025-06-30,-0.19,"49,974.28", Clearing Fee,USD,MGCQ5
DEMO4543231,239056645253,06/30/2025 05:30:34,2025-06-30,-0.02,"49,974.26", Nfa Fee,USD,MGCQ5
DEMO4543231,239056645254,06/30/2025 05:30:34,2025-06-30,-0.35,"49,973.91", Commission,USD,MGCQ5
DEMO4543231,239056645257,06/30/2025 05:30:34,2025-06-30,17.00,"49,990.91", Trade Paired,USD,MGCQ5
DEMO4543231,239056645262,06/30/2025 05:45:00,2025-06-30,-0.35,"49,990.56", Exchange Fee,USD,MESU5
DEMO4543231,239056645263,06/30/2025 05:45:00,2025-06-30,-0.19,"49,990.37", Clearing Fee,USD,MESU5
DEMO4543231,239056645264,06/30/2025 05:45:00,2025-06-30,-0.02,"49,990.35", Nfa Fee,USD,MESU5
DEMO4543231,239056645265,06/30/2025 05:45:00,2025-06-30,-0.35,"49,990.00", Commission,USD,MESU5
DEMO4543231,239056645271,06/30/2025 05:50:16,2025-06-30,-0.35,"49,989.65", Exchange Fee,USD,MESU5
DEMO4543231,239056645272,06/30/2025 05:50:16,2025-06-30,-0.19,"49,989.46", Clearing Fee,USD,MESU5
DEMO4543231,239056645273,06/30/2025 05:50:16,2025-06-30,-0.02,"49,989.44", Nfa Fee,USD,MESU5
DEMO4543231,239056645274,06/30/2025 05:50:16,2025-06-30,-0.35,"49,989.09", Commission,USD,MESU5
DEMO4543231,239056645277,06/30/2025 05:50:16,2025-06-30,-21.25,"49,967.84", Trade Paired,USD,MESU5
DEMO4543231,239056645282,06/30/2025 06:00:14,2025-06-30,-0.50,"49,967.34", Exchange Fee,USD,MGCQ5
DEMO4543231,239056645283,06/30/2025 06:00:14,2025-06-30,-0.19,"49,967.15", Clearing Fee,USD,MGCQ5
DEMO4543231,239056645284,06/30/2025 06:00:14,2025-06-30,-0.02,"49,967.13", Nfa Fee,USD,MGCQ5
DEMO4543231,239056645285,06/30/2025 06:00:14,2025-06-30,-0.35,"49,966.78", Commission,USD,MGCQ5
DEMO4543231,239056645291,06/30/2025 06:00:22,2025-06-30,-0.50,"49,966.28", Exchange Fee,USD,MGCQ5
DEMO4543231,239056645292,06/30/2025 06:00:22,2025-06-30,-0.19,"49,966.09", Clearing Fee,USD,MGCQ5
DEMO4543231,239056645293,06/30/2025 06:00:22,2025-06-30,-0.02,"49,966.07", Nfa Fee,USD,MGCQ5
DEMO4543231,239056645294,06/30/2025 06:00:22,2025-06-30,-0.35,"49,965.72", Commission,USD,MGCQ5
DEMO4543231,239056645297,06/30/2025 06:00:22,2025-06-30,-2.00,"49,963.72", Trade Paired,USD,MGCQ5
DEMO4543231,239056645302,06/30/2025 07:30:07,2025-06-30,-0.50,"49,963.22", Exchange Fee,USD,MGCQ5
DEMO4543231,239056645303,06/30/2025 07:30:07,2025-06-30,-0.19,"49,963.03", Clearing Fee,USD,MGCQ5
DEMO4543231,239056645304,06/30/2025 07:30:07,2025-06-30,-0.02,"49,963.01", Nfa Fee,USD,MGCQ5
DEMO4543231,239056645305,06/30/2025 07:30:07,2025-06-30,-0.35,"49,962.66", Commission,USD,MGCQ5
DEMO4543231,239056645311,06/30/2025 07:30:09,2025-06-30,-0.35,"49,962.31", Exchange Fee,USD,MESU5
DEMO4543231,239056645312,06/30/2025 07:30:09,2025-06-30,-0.19,"49,962.12", Clearing Fee,USD,MESU5
DEMO4543231,239056645313,06/30/2025 07:30:09,2025-06-30,-0.02,"49,962.10", Nfa Fee,USD,MESU5
DEMO4543231,239056645314,06/30/2025 07:30:09,2025-06-30,-0.35,"49,961.75", Commission,USD,MESU5
DEMO4543231,239056645320,06/30/2025 07:30:12,2025-06-30,-0.50,"49,961.25", Exchange Fee,USD,MGCQ5
DEMO4543231,239056645321,06/30/2025 07:30:12,2025-06-30,-0.19,"49,961.06", Clearing Fee,USD,MGCQ5
DEMO4543231,239056645322,06/30/2025 07:30:12,2025-06-30,-0.02,"49,961.04", Nfa Fee,USD,MGCQ5
DEMO4543231,239056645323,06/30/2025 07:30:12,2025-06-30,-0.35,"49,960.69", Commission,USD,MGCQ5
DEMO4543231,239056645326,06/30/2025 07:30:12,2025-06-30,-2.00,"49,958.69", Trade Paired,USD,MGCQ5
DEMO4543231,239056645331,06/30/2025 07:51:16,2025-06-30,-0.35,"49,958.34", Exchange Fee,USD,MESU5
DEMO4543231,239056645332,06/30/2025 07:51:16,2025-06-30,-0.19,"49,958.15", Clearing Fee,USD,MESU5
DEMO4543231,239056645333,06/30/2025 07:51:16,2025-06-30,-0.02,"49,958.13", Nfa Fee,USD,MESU5
DEMO4543231,239056645334,06/30/2025 07:51:16,2025-06-30,-0.35,"49,957.78", Commission,USD,MESU5
DEMO4543231,239056645337,06/30/2025 07:51:16,2025-06-30,1.25,"49,959.03", Trade Paired,USD,MESU5
DEMO4543231,239056645342,06/30/2025 08:30:00,2025-06-30,-0.35,"49,958.68", Exchange Fee,USD,MESU5
DEMO4543231,239056645343,06/30/2025 08:30:00,2025-06-30,-0.19,"49,958.49", Clearing Fee,USD,MESU5
DEMO4543231,239056645344,06/30/2025 08:30:00,2025-06-30,-0.02,"49,958.47", Nfa Fee,USD,MESU5
DEMO4543231,239056645345,06/30/2025 08:30:00,2025-06-30,-0.35,"49,958.12", Commission,USD,MESU5
DEMO4543231,239056645351,06/30/2025 08:32:11,2025-06-30,-0.35,"49,957.77", Exchange Fee,USD,MESU5
DEMO4543231,239056645352,06/30/2025 08:32:11,2025-06-30,-0.19,"49,957.58", Clearing Fee,USD,MESU5
DEMO4543231,239056645353,06/30/2025 08:32:11,2025-06-30,-0.02,"49,957.56", Nfa Fee,USD,MESU5
DEMO4543231,239056645354,06/30/2025 08:32:11,2025-06-30,-0.35,"49,957.21", Commission,USD,MESU5
DEMO4543231,239056645357,06/30/2025 08:32:11,2025-06-30,2.50,"49,959.71", Trade Paired,USD,MESU5
DEMO4543231,239056645362,06/30/2025 08:45:03,2025-06-30,-0.35,"49,959.36", Exchange Fee,USD,MESU5
DEMO4543231,239056645363,06/30/2025 08:45:03,2025-06-30,-0.19,"49,959.17", Clearing Fee,USD,MESU5
DEMO4543231,239056645364,06/30/2025 08:45:03,2025-06-30,-0.02,"49,959.15", Nfa Fee,USD,MESU5
DEMO4543231,239056645365,06/30/2025 08:45:03,2025-06-30,-0.35,"49,958.80", Commission,USD,MESU5
DEMO4543231,239056645371,06/30/2025 08:45:58,2025-06-30,-0.35,"49,958.45", Exchange Fee,USD,MESU5
DEMO4543231,239056645372,06/30/2025 08:45:58,2025-06-30,-0.19,"49,958.26", Clearing Fee,USD,MESU5
DEMO4543231,239056645373,06/30/2025 08:45:58,2025-06-30,-0.02,"49,958.24", Nfa Fee,USD,MESU5
DEMO4543231,239056645374,06/30/2025 08:45:58,2025-06-30,-0.35,"49,957.89", Commission,USD,MESU5
DEMO4543231,239056645377,06/30/2025 08:45:58,2025-06-30,3.75,"49,961.64", Trade Paired,USD,MESU5
DEMO4543231,239056645382,06/30/2025 09:00:00,2025-06-30,-0.35,"49,961.29", Exchange Fee,USD,MESU5
DEMO4543231,239056645383,06/30/2025 09:00:00,2025-06-30,-0.19,"49,961.10", Clearing Fee,USD,MESU5
DEMO4543231,239056645384,06/30/2025 09:00:00,2025-06-30,-0.02,"49,961.08", Nfa Fee,USD,MESU5
DEMO4543231,239056645385,06/30/2025 09:00:00,2025-06-30,-0.35,"49,960.73", Commission,USD,MESU5
DEMO4543231,239056645391,06/30/2025 09:00:01,2025-06-30,-0.50,"49,960.23", Exchange Fee,USD,MGCQ5
DEMO4543231,239056645392,06/30/2025 09:00:01,2025-06-30,-0.19,"49,960.04", Clearing Fee,USD,MGCQ5
DEMO4543231,239056645393,06/30/2025 09:00:01,2025-06-30,-0.02,"49,960.02", Nfa Fee,USD,MGCQ5
DEMO4543231,239056645394,06/30/2025 09:00:01,2025-06-30,-0.35,"49,959.67", Commission,USD,MGCQ5
DEMO4543231,239056645400,06/30/2025 09:00:23,2025-06-30,-0.50,"49,959.17", Exchange Fee,USD,MGCQ5
DEMO4543231,239056645401,06/30/2025 09:00:23,2025-06-30,-0.19,"49,958.98", Clearing Fee,USD,MGCQ5
DEMO4543231,239056645402,06/30/2025 09:00:23,2025-06-30,-0.02,"49,958.96", Nfa Fee,USD,MGCQ5
DEMO4543231,239056645403,06/30/2025 09:00:23,2025-06-30,-0.35,"49,958.61", Commission,USD,MGCQ5
DEMO4543231,239056645411,06/30/2025 09:20:05,2025-06-30,-0.35,"49,958.26", Exchange Fee,USD,MESU5
DEMO4543231,239056645412,06/30/2025 09:20:05,2025-06-30,-0.19,"49,958.07", Clearing Fee,USD,MESU5
DEMO4543231,239056645413,06/30/2025 09:20:05,2025-06-30,-0.02,"49,958.05", Nfa Fee,USD,MESU5
DEMO4543231,239056645414,06/30/2025 09:20:05,2025-06-30,-0.35,"49,957.70", Commission,USD,MESU5
DEMO4543231,239056645417,06/30/2025 09:20:05,2025-06-30,-20.00,"49,937.70", Trade Paired,USD,MESU5
DEMO4543231,239056645422,06/30/2025 09:30:09,2025-06-30,-0.19,"49,937.51", Clearing Fee,USD,MCLQ5
DEMO4543231,239056645423,06/30/2025 09:30:09,2025-06-30,-0.35,"49,937.16", Commission,USD,MCLQ5
DEMO4543231,239056645429,06/30/2025 09:30:36,2025-06-30,-0.19,"49,936.97", Clearing Fee,USD,MCLQ5
DEMO4543231,239056645430,06/30/2025 09:30:36,2025-06-30,-0.35,"49,936.62", Commission,USD,MCLQ5
DEMO4543231,239056645433,06/30/2025 09:30:36,2025-06-30,-7.00,"49,929.62", Trade Paired,USD,MCLQ5
DEMO4543231,239056645438,06/30/2025 09:45:01,2025-06-30,-0.35,"49,929.27", Exchange Fee,USD,MESU5
DEMO4543231,239056645439,06/30/2025 09:45:01,2025-06-30,-0.19,"49,929.08", Clearing Fee,USD,MESU5
DEMO4543231,239056645440,06/30/2025 09:45:01,2025-06-30,-0.02,"49,929.06", Nfa Fee,USD,MESU5
DEMO4543231,239056645441,06/30/2025 09:45:01,2025-06-30,-0.35,"49,928.71", Commission,USD,MESU5
DEMO4543231,239056645447,06/30/2025 09:47:58,2025-06-30,-0.35,"49,928.36", Exchange Fee,USD,MESU5
DEMO4543231,239056645448,06/30/2025 09:47:58,2025-06-30,-0.19,"49,928.17", Clearing Fee,USD,MESU5
DEMO4543231,239056645449,06/30/2025 09:47:58,2025-06-30,-0.02,"49,928.15", Nfa Fee,USD,MESU5
DEMO4543231,239056645450,06/30/2025 09:47:58,2025-06-30,-0.35,"49,927.80", Commission,USD,MESU5
DEMO4543231,239056645453,06/30/2025 09:47:58,2025-06-30,2.50,"49,930.30", Trade Paired,USD,MESU5
DEMO4543231,239056645458,06/30/2025 10:00:13,2025-06-30,-0.35,"49,929.95", Exchange Fee,USD,MESU5
DEMO4543231,239056645459,06/30/2025 10:00:13,2025-06-30,-0.19,"49,929.76", Clearing Fee,USD,MESU5
DEMO4543231,239056645460,06/30/2025 10:00:13,2025-06-30,-0.02,"49,929.74", Nfa Fee,USD,MESU5
DEMO4543231,239056645461,06/30/2025 10:00:13,2025-06-30,-0.35,"49,929.39", Commission,USD,MESU5
DEMO4543231,239056645467,06/30/2025 10:00:32,2025-06-30,-0.35,"49,929.04", Exchange Fee,USD,MESU5
DEMO4543231,239056645468,06/30/2025 10:00:32,2025-06-30,-0.19,"49,928.85", Clearing Fee,USD,MESU5
DEMO4543231,239056645469,06/30/2025 10:00:32,2025-06-30,-0.02,"49,928.83", Nfa Fee,USD,MESU5
DEMO4543231,239056645470,06/30/2025 10:00:32,2025-06-30,-0.35,"49,928.48", Commission,USD,MESU5
DEMO4543231,239056645473,06/30/2025 10:00:32,2025-06-30,3.75,"49,932.23", Trade Paired,USD,MESU5
DEMO4543231,239056645478,06/30/2025 10:45:06,2025-06-30,-0.35,"49,931.88", Exchange Fee,USD,MESU5
DEMO4543231,239056645479,06/30/2025 10:45:06,2025-06-30,-0.19,"49,931.69", Clearing Fee,USD,MESU5
DEMO4543231,239056645480,06/30/2025 10:45:06,2025-06-30,-0.02,"49,931.67", Nfa Fee,USD,MESU5
DEMO4543231,239056645481,06/30/2025 10:45:06,2025-06-30,-0.35,"49,931.32", Commission,USD,MESU5
DEMO4543231,239056645487,06/30/2025 10:46:11,2025-06-30,-0.35,"49,930.97", Exchange Fee,USD,MESU5
DEMO4543231,239056645488,06/30/2025 10:46:11,2025-06-30,-0.19,"49,930.78", Clearing Fee,USD,MESU5
DEMO4543231,239056645489,06/30/2025 10:46:11,2025-06-30,-0.02,"49,930.76", Nfa Fee,USD,MESU5
DEMO4543231,239056645490,06/30/2025 10:46:11,2025-06-30,-0.35,"49,930.41", Commission,USD,MESU5
DEMO4543231,239056645493,06/30/2025 10:46:11,2025-06-30,5.00,"49,935.41", Trade Paired,USD,MESU5
DEMO4543231,239056645498,06/30/2025 11:00:16,2025-06-30,-0.50,"49,934.91", Exchange Fee,USD,MGCQ5
DEMO4543231,239056645499,06/30/2025 11:00:16,2025-06-30,-0.19,"49,934.72", Clearing Fee,USD,MGCQ5
DEMO4543231,239056645500,06/30/2025 11:00:16,2025-06-30,-0.02,"49,934.70", Nfa Fee,USD,MGCQ5
DEMO4543231,239056645501,06/30/2025 11:00:16,2025-06-30,-0.35,"49,934.35", Commission,USD,MGCQ5
DEMO4543231,239056645507,06/30/2025 11:00:31,2025-06-30,-0.19,"49,934.16", Clearing Fee,USD,MCLQ5
DEMO4543231,239056645508,06/30/2025 11:00:31,2025-06-30,-0.35,"49,933.81", Commission,USD,MCLQ5
DEMO4543231,239056645514,06/30/2025 11:01:24,2025-06-30,-0.50,"49,933.31", Exchange Fee,USD,MGCQ5
DEMO4543231,239056645515,06/30/2025 11:01:24,2025-06-30,-0.19,"49,933.12", Clearing Fee,USD,MGCQ5
DEMO4543231,239056645516,06/30/2025 11:01:24,2025-06-30,-0.02,"49,933.10", Nfa Fee,USD,MGCQ5
DEMO4543231,239056645517,06/30/2025 11:01:24,2025-06-30,-0.35,"49,932.75", Commission,USD,MGCQ5
DEMO4543231,239056645520,06/30/2025 11:01:24,2025-06-30,4.00,"49,936.75", Trade Paired,USD,MGCQ5
DEMO4543231,239056645525,06/30/2025 11:07:51,2025-06-30,-0.19,"49,936.56", Clearing Fee,USD,MCLQ5
DEMO4543231,239056645526,06/30/2025 11:07:51,2025-06-30,-0.35,"49,936.21", Commission,USD,MCLQ5
DEMO4543231,239056645529,06/30/2025 11:07:51,2025-06-30,2.00,"49,938.21", Trade Paired,USD,MCLQ5
DEMO4543231,239056645534,06/30/2025 11:30:01,2025-06-30,-0.50,"49,937.71", Exchange Fee,USD,MGCQ5
DEMO4543231,239056645535,06/30/2025 11:30:01,2025-06-30,-0.19,"49,937.52", Clearing Fee,USD,MGCQ5
DEMO4543231,239056645536,06/30/2025 11:30:01,2025-06-30,-0.02,"49,937.50", Nfa Fee,USD,MGCQ5
DEMO4543231,239056645537,06/30/2025 11:30:01,2025-06-30,-0.35,"49,937.15", Commission,USD,MGCQ5
DEMO4543231,239056645543,06/30/2025 11:30:04,2025-06-30,-0.19,"49,936.96", Clearing Fee,USD,MCLQ5
DEMO4543231,239056645544,06/30/2025 11:30:04,2025-06-30,-0.35,"49,936.61", Commission,USD,MCLQ5
DEMO4543231,239056645550,06/30/2025 11:30:26,2025-06-30,-0.50,"49,936.11", Exchange Fee,USD,MGCQ5
DEMO4543231,239056645551,06/30/2025 11:30:26,2025-06-30,-0.19,"49,935.92", Clearing Fee,USD,MGCQ5
DEMO4543231,239056645552,06/30/2025 11:30:26,2025-06-30,-0.02,"49,935.90", Nfa Fee,USD,MGCQ5
DEMO4543231,239056645553,06/30/2025 11:30:26,2025-06-30,-0.35,"49,935.55", Commission,USD,MGCQ5
DEMO4543231,239056645556,06/30/2025 11:30:26,2025-06-30,-8.00,"49,927.55", Trade Paired,USD,MGCQ5
DEMO4543231,239056645561,06/30/2025 11:30:28,2025-06-30,-0.19,"49,927.36", Clearing Fee,USD,MCLQ5
DEMO4543231,239056645562,06/30/2025 11:30:28,2025-06-30,-0.35,"49,927.01", Commission,USD,MCLQ5
DEMO4543231,239056645565,06/30/2025 11:30:28,2025-06-30,-1.00,"49,926.01", Trade Paired,USD,MCLQ5
DEMO4543231,239056645570,06/30/2025 11:45:02,2025-06-30,-0.35,"49,925.66", Exchange Fee,USD,MESU5
DEMO4543231,239056645571,06/30/2025 11:45:02,2025-06-30,-0.19,"49,925.47", Clearing Fee,USD,MESU5
DEMO4543231,239056645572,06/30/2025 11:45:02,2025-06-30,-0.02,"49,925.45", Nfa Fee,USD,MESU5
DEMO4543231,239056645573,06/30/2025 11:45:02,2025-06-30,-0.35,"49,925.10", Commission,USD,MESU5
DEMO4543231,239056645579,06/30/2025 11:49:26,2025-06-30,-0.35,"49,924.75", Exchange Fee,USD,MESU5
DEMO4543231,239056645580,06/30/2025 11:49:26,2025-06-30,-0.19,"49,924.56", Clearing Fee,USD,MESU5
DEMO4543231,239056645581,06/30/2025 11:49:26,2025-06-30,-0.02,"49,924.54", Nfa Fee,USD,MESU5
DEMO4543231,239056645582,06/30/2025 11:49:26,2025-06-30,-0.35,"49,924.19", Commission,USD,MESU5
DEMO4543231,239056645585,06/30/2025 11:49:26,2025-06-30,3.75,"49,927.94", Trade Paired,USD,MESU5
DEMO4543231,239056645590,06/30/2025 12:00:00,2025-06-30,-0.35,"49,927.59", Exchange Fee,USD,MESU5
DEMO4543231,239056645591,06/30/2025 12:00:00,2025-06-30,-0.19,"49,927.40", Clearing Fee,USD,MESU5
DEMO4543231,239056645592,06/30/2025 12:00:00,2025-06-30,-0.02,"49,927.38", Nfa Fee,USD,MESU5
DEMO4543231,239056645593,06/30/2025 12:00:00,2025-06-30,-0.35,"49,927.03", Commission,USD,MESU5
DEMO4543231,239056645599,06/30/2025 12:00:26,2025-06-30,-0.19,"49,926.84", Clearing Fee,USD,MCLQ5
DEMO4543231,239056645600,06/30/2025 12:00:26,2025-06-30,-0.35,"49,926.49", Commission,USD,MCLQ5
DEMO4543231,239056645606,06/30/2025 12:00:43,2025-06-30,-0.35,"49,926.14", Exchange Fee,USD,MESU5
DEMO4543231,239056645607,06/30/2025 12:00:43,2025-06-30,-0.19,"49,925.95", Clearing Fee,USD,MESU5
DEMO4543231,239056645608,06/30/2025 12:00:43,2025-06-30,-0.02,"49,925.93", Nfa Fee,USD,MESU5
DEMO4543231,239056645609,06/30/2025 12:00:43,2025-06-30,-0.35,"49,925.58", Commission,USD,MESU5
DEMO4543231,239056645612,06/30/2025 12:00:43,2025-06-30,2.50,"49,928.08", Trade Paired,USD,MESU5
DEMO4543231,239056645617,06/30/2025 12:00:50,2025-06-30,-0.19,"49,927.89", Clearing Fee,USD,MCLQ5
DEMO4543231,239056645618,06/30/2025 12:00:50,2025-06-30,-0.35,"49,927.54", Commission,USD,MCLQ5
DEMO4543231,239056645621,06/30/2025 12:00:50,2025-06-30,3.00,"49,930.54", Trade Paired,USD,MCLQ5
DEMO4543231,239056645626,06/30/2025 12:30:06,2025-06-30,-0.50,"49,930.04", Exchange Fee,USD,MGCQ5
DEMO4543231,239056645627,06/30/2025 12:30:06,2025-06-30,-0.19,"49,929.85", Clearing Fee,USD,MGCQ5
DEMO4543231,239056645628,06/30/2025 12:30:06,2025-06-30,-0.02,"49,929.83", Nfa Fee,USD,MGCQ5
DEMO4543231,239056645629,06/30/2025 12:30:06,2025-06-30,-0.35,"49,929.48", Commission,USD,MGCQ5
DEMO4543231,239056645635,06/30/2025 12:31:18,2025-06-30,-0.50,"49,928.98", Exchange Fee,USD,MGCQ5
DEMO4543231,239056645636,06/30/2025 12:31:18,2025-06-30,-0.19,"49,928.79", Clearing Fee,USD,MGCQ5
DEMO4543231,239056645637,06/30/2025 12:31:18,2025-06-30,-0.02,"49,928.77", Nfa Fee,USD,MGCQ5
DEMO4543231,239056645638,06/30/2025 12:31:18,2025-06-30,-0.35,"49,928.42", Commission,USD,MGCQ5
DEMO4543231,239056645641,06/30/2025 12:31:18,2025-06-30,2.00,"49,930.42", Trade Paired,USD,MGCQ5
DEMO4543231,239056645646,06/30/2025 12:45:02,2025-06-30,-0.35,"49,930.07", Exchange Fee,USD,MESU5
DEMO4543231,239056645647,06/30/2025 12:45:02,2025-06-30,-0.19,"49,929.88", Clearing Fee,USD,MESU5
DEMO4543231,239056645648,06/30/2025 12:45:02,2025-06-30,-0.02,"49,929.86", Nfa Fee,USD,MESU5
DEMO4543231,239056645649,06/30/2025 12:45:02,2025-06-30,-0.35,"49,929.51", Commission,USD,MESU5
DEMO4543231,239056645655,06/30/2025 12:45:39,2025-06-30,-0.35,"49,929.16", Exchange Fee,USD,MESU5
DEMO4543231,239056645656,06/30/2025 12:45:39,2025-06-30,-0.19,"49,928.97", Clearing Fee,USD,MESU5
DEMO4543231,239056645657,06/30/2025 12:45:39,2025-06-30,-0.02,"49,928.95", Nfa Fee,USD,MESU5
DEMO4543231,239056645658,06/30/2025 12:45:39,2025-06-30,-0.35,"49,928.60", Commission,USD,MESU5
DEMO4543231,239056645661,06/30/2025 12:45:39,2025-06-30,6.25,"49,934.85", Trade Paired,USD,MESU5
DEMO4543231,239056645666,06/30/2025 13:00:05,2025-06-30,-0.50,"49,934.35", Exchange Fee,USD,MGCQ5
DEMO4543231,239056645667,06/30/2025 13:00:05,2025-06-30,-0.19,"49,934.16", Clearing Fee,USD,MGCQ5
DEMO4543231,239056645668,06/30/2025 13:00:05,2025-06-30,-0.02,"49,934.14", Nfa Fee,USD,MGCQ5
DEMO4543231,239056645669,06/30/2025 13:00:05,2025-06-30,-0.35,"49,933.79", Commission,USD,MGCQ5
DEMO4543231,239056645675,06/30/2025 13:30:27,2025-06-30,-0.50,"49,933.29", Exchange Fee,USD,MGCQ5
DEMO4543231,239056645676,06/30/2025 13:30:27,2025-06-30,-0.19,"49,933.10", Clearing Fee,USD,MGCQ5
DEMO4543231,239056645677,06/30/2025 13:30:27,2025-06-30,-0.02,"49,933.08", Nfa Fee,USD,MGCQ5
DEMO4543231,239056645678,06/30/2025 13:30:27,2025-06-30,-0.35,"49,932.73", Commission,USD,MGCQ5
DEMO4543231,239056645681,06/30/2025 13:30:27,2025-06-30,-21.00,"49,911.73", Trade Paired,USD,MGCQ5
DEMO4543231,239056645686,06/30/2025 13:45:00,2025-06-30,-0.35,"49,911.38", Exchange Fee,USD,MESU5
DEMO4543231,239056645687,06/30/2025 13:45:00,2025-06-30,-0.19,"49,911.19", Clearing Fee,USD,MESU5
DEMO4543231,239056645688,06/30/2025 13:45:00,2025-06-30,-0.02,"49,911.17", Nfa Fee,USD,MESU5
DEMO4543231,239056645689,06/30/2025 13:45:00,2025-06-30,-0.35,"49,910.82", Commission,USD,MESU5
DEMO4543231,239056645695,06/30/2025 13:55:24,2025-06-30,-0.35,"49,910.47", Exchange Fee,USD,MESU5
DEMO4543231,239056645696,06/30/2025 13:55:24,2025-06-30,-0.19,"49,910.28", Clearing Fee,USD,MESU5
DEMO4543231,239056645697,06/30/2025 13:55:24,2025-06-30,-0.02,"49,910.26", Nfa Fee,USD,MESU5
DEMO4543231,239056645698,06/30/2025 13:55:24,2025-06-30,-0.35,"49,909.91", Commission,USD,MESU5
DEMO4543231,239056645701,06/30/2025 13:55:24,2025-06-30,5.00,"49,914.91", Trade Paired,USD,MESU5
DEMO4543231,239056645706,06/30/2025 14:00:01,2025-06-30,-0.35,"49,914.56", Exchange Fee,USD,MESU5
DEMO4543231,239056645707,06/30/2025 14:00:01,2025-06-30,-0.19,"49,914.37", Clearing Fee,USD,MESU5
DEMO4543231,239056645708,06/30/2025 14:00:01,2025-06-30,-0.02,"49,914.35", Nfa Fee,USD,MESU5
DEMO4543231,239056645709,06/30/2025 14:00:01,2025-06-30,-0.35,"49,914.00", Commission,USD,MESU5
DEMO4543231,239056645715,06/30/2025 14:02:13,2025-06-30,-0.35,"49,913.65", Exchange Fee,USD,MESU5
DEMO4543231,239056645716,06/30/2025 14:02:13,2025-06-30,-0.19,"49,913.46", Clearing Fee,USD,MESU5
DEMO4543231,239056645717,06/30/2025 14:02:13,2025-06-30,-0.02,"49,913.44", Nfa Fee,USD,MESU5
DEMO4543231,239056645718,06/30/2025 14:02:13,2025-06-30,-0.35,"49,913.09", Commission,USD,MESU5
DEMO4543231,239056645721,06/30/2025 14:02:13,2025-06-30,-21.25,"49,891.84", Trade Paired,USD,MESU5
DEMO4543231,239056645726,06/30/2025 14:30:01,2025-06-30,-0.50,"49,891.34", Exchange Fee,USD,MGCQ5
DEMO4543231,239056645727,06/30/2025 14:30:01,2025-06-30,-0.19,"49,891.15", Clearing Fee,USD,MGCQ5
DEMO4543231,239056645728,06/30/2025 14:30:01,2025-06-30,-0.02,"49,891.13", Nfa Fee,USD,MGCQ5
DEMO4543231,239056645729,06/30/2025 14:30:01,2025-06-30,-0.35,"49,890.78", Commission,USD,MGCQ5
DEMO4543231,239056645735,06/30/2025 14:30:11,2025-06-30,-0.50,"49,890.28", Exchange Fee,USD,MGCQ5
DEMO4543231,239056645736,06/30/2025 14:30:11,2025-06-30,-0.19,"49,890.09", Clearing Fee,USD,MGCQ5
DEMO4543231,239056645737,06/30/2025 14:30:11,2025-06-30,-0.02,"49,890.07", Nfa Fee,USD,MGCQ5
DEMO4543231,239056645738,06/30/2025 14:30:11,2025-06-30,-0.35,"49,889.72", Commission,USD,MGCQ5
DEMO4543231,239056645741,06/30/2025 14:30:11,2025-06-30,2.00,"49,891.72", Trade Paired,USD,MGCQ5
DEMO4543231,239056645746,06/30/2025 15:00:07,2025-06-30,-0.35,"49,891.37", Exchange Fee,USD,MESU5
DEMO4543231,239056645747,06/30/2025 15:00:07,2025-06-30,-0.19,"49,891.18", Clearing Fee,USD,MESU5
DEMO4543231,239056645748,06/30/2025 15:00:07,2025-06-30,-0.02,"49,891.16", Nfa Fee,USD,MESU5
DEMO4543231,239056645749,06/30/2025 15:00:07,2025-06-30,-0.35,"49,890.81", Commission,USD,MESU5
DEMO4543231,239056645755,06/30/2025 15:00:16,2025-06-30,-0.50,"49,890.31", Exchange Fee,USD,MGCQ5
DEMO4543231,239056645756,06/30/2025 15:00:16,2025-06-30,-0.19,"49,890.12", Clearing Fee,USD,MGCQ5
DEMO4543231,239056645757,06/30/2025 15:00:16,2025-06-30,-0.02,"49,890.10", Nfa Fee,USD,MGCQ5
DEMO4543231,239056645758,06/30/2025 15:00:16,2025-06-30,-0.35,"49,889.75", Commission,USD,MGCQ5
DEMO4543231,239056645764,06/30/2025 15:00:33,2025-06-30,-0.35,"49,889.40", Exchange Fee,USD,MESU5
DEMO4543231,239056645765,06/30/2025 15:00:33,2025-06-30,-0.19,"49,889.21", Clearing Fee,USD,MESU5
DEMO4543231,239056645766,06/30/2025 15:00:33,2025-06-30,-0.02,"49,889.19", Nfa Fee,USD,MESU5
DEMO4543231,239056645767,06/30/2025 15:00:33,2025-06-30,-0.35,"49,888.84", Commission,USD,MESU5
DEMO4543231,239056645770,06/30/2025 15:00:33,2025-06-30,2.50,"49,891.34", Trade Paired,USD,MESU5
DEMO4543231,239056645775,06/30/2025 15:01:10,2025-06-30,-0.50,"49,890.84", Exchange Fee,USD,MGCQ5
DEMO4543231,239056645776,06/30/2025 15:01:10,2025-06-30,-0.19,"49,890.65", Clearing Fee,USD,MGCQ5
DEMO4543231,239056645777,06/30/2025 15:01:10,2025-06-30,-0.02,"49,890.63", Nfa Fee,USD,MGCQ5
DEMO4543231,239056645778,06/30/2025 15:01:10,2025-06-30,-0.35,"49,890.28", Commission,USD,MGCQ5
DEMO4543231,239056645781,06/30/2025 15:01:10,2025-06-30,6.00,"49,896.28", Trade Paired,USD,MGCQ5
DEMO4543231,239056645786,06/30/2025 15:15:04,2025-06-30,-0.35,"49,895.93", Exchange Fee,USD,MESU5
DEMO4543231,239056645787,06/30/2025 15:15:04,2025-06-30,-0.19,"49,895.74", Clearing Fee,USD,MESU5
DEMO4543231,239056645788,06/30/2025 15:15:04,2025-06-30,-0.02,"49,895.72", Nfa Fee,USD,MESU5
DEMO4543231,239056645789,06/30/2025 15:15:04,2025-06-30,-0.35,"49,895.37", Commission,USD,MESU5
DEMO4543231,239056645795,06/30/2025 15:20:56,2025-06-30,-0.35,"49,895.02", Exchange Fee,USD,MESU5
DEMO4543231,239056645796,06/30/2025 15:20:56,2025-06-30,-0.19,"49,894.83", Clearing Fee,USD,MESU5
DEMO4543231,239056645797,06/30/2025 15:20:56,2025-06-30,-0.02,"49,894.81", Nfa Fee,USD,MESU5
DEMO4543231,239056645798,06/30/2025 15:20:56,2025-06-30,-0.35,"49,894.46", Commission,USD,MESU5
DEMO4543231,239056645801,06/30/2025 15:20:56,2025-06-30,6.25,"49,900.71", Trade Paired,USD,MESU5
DEMO4543231,239056645806,06/30/2025 15:30:01,2025-06-30,-0.35,"49,900.36", Exchange Fee,USD,MESU5
DEMO4543231,239056645807,06/30/2025 15:30:01,2025-06-30,-0.19,"49,900.17", Clearing Fee,USD,MESU5
DEMO4543231,239056645808,06/30/2025 15:30:01,2025-06-30,-0.02,"49,900.15", Nfa Fee,USD,MESU5
DEMO4543231,239056645809,06/30/2025 15:30:01,2025-06-30,-0.35,"49,899.80", Commission,USD,MESU5
DEMO4543231,239056645815,06/30/2025 15:30:04,2025-06-30,-0.50,"49,899.30", Exchange Fee,USD,MGCQ5
DEMO4543231,239056645816,06/30/2025 15:30:04,2025-06-30,-0.19,"49,899.11", Clearing Fee,USD,MGCQ5
DEMO4543231,239056645817,06/30/2025 15:30:04,2025-06-30,-0.02,"49,899.09", Nfa Fee,USD,MGCQ5
DEMO4543231,239056645818,06/30/2025 15:30:04,2025-06-30,-0.35,"49,898.74", Commission,USD,MGCQ5
DEMO4543231,239056645824,06/30/2025 15:30:31,2025-06-30,-0.50,"49,898.24", Exchange Fee,USD,MGCQ5
DEMO4543231,239056645825,06/30/2025 15:30:31,2025-06-30,-0.19,"49,898.05", Clearing Fee,USD,MGCQ5
DEMO4543231,239056645826,06/30/2025 15:30:31,2025-06-30,-0.02,"49,898.03", Nfa Fee,USD,MGCQ5
DEMO4543231,239056645827,06/30/2025 15:30:31,2025-06-30,-0.35,"49,897.68", Commission,USD,MGCQ5
DEMO4543231,239056645830,06/30/2025 15:30:31,2025-06-30,5.00,"49,902.68", Trade Paired,USD,MGCQ5
DEMO4543231,239056645835,06/30/2025 15:34:24,2025-06-30,-0.35,"49,902.33", Exchange Fee,USD,MESU5
DEMO4543231,239056645836,06/30/2025 15:34:24,2025-06-30,-0.19,"49,902.14", Clearing Fee,USD,MESU5
DEMO4543231,239056645837,06/30/2025 15:34:24,2025-06-30,-0.02,"49,902.12", Nfa Fee,USD,MESU5
DEMO4543231,239056645838,06/30/2025 15:34:24,2025-06-30,-0.35,"49,901.77", Commission,USD,MESU5
DEMO4543231,239056645841,06/30/2025 15:34:24,2025-06-30,1.25,"49,903.02", Trade Paired,USD,MESU5
DEMO4543231,239056645846,06/30/2025 16:00:13,2025-06-30,-0.35,"49,902.67", Exchange Fee,USD,MESU5
DEMO4543231,239056645847,06/30/2025 16:00:13,2025-06-30,-0.19,"49,902.48", Clearing Fee,USD,MESU5
DEMO4543231,239056645848,06/30/2025 16:00:13,2025-06-30,-0.02,"49,902.46", Nfa Fee,USD,MESU5
DEMO4543231,239056645849,06/30/2025 16:00:13,2025-06-30,-0.35,"49,902.11", Commission,USD,MESU5
DEMO4543231,239056645855,06/30/2025 16:00:15,2025-06-30,-0.50,"49,901.61", Exchange Fee,USD,MGCQ5
DEMO4543231,239056645856,06/30/2025 16:00:15,2025-06-30,-0.19,"49,901.42", Clearing Fee,USD,MGCQ5
DEMO4543231,239056645857,06/30/2025 16:00:15,2025-06-30,-0.02,"49,901.40", Nfa Fee,USD,MGCQ5
DEMO4543231,239056645858,06/30/2025 16:00:15,2025-06-30,-0.35,"49,901.05", Commission,USD,MGCQ5
DEMO4543231,239056645864,06/30/2025 16:00:22,2025-06-30,-0.35,"49,900.70", Exchange Fee,USD,MESU5
DEMO4543231,239056645865,06/30/2025 16:00:22,2025-06-30,-0.19,"49,900.51", Clearing Fee,USD,MESU5
DEMO4543231,239056645866,06/30/2025 16:00:22,2025-06-30,-0.02,"49,900.49", Nfa Fee,USD,MESU5
DEMO4543231,239056645867,06/30/2025 16:00:22,2025-06-30,-0.35,"49,900.14", Commission,USD,MESU5
DEMO4543231,239056645870,06/30/2025 16:00:22,2025-06-30,-7.50,"49,892.64", Trade Paired,USD,MESU5
DEMO4543231,239056645884,06/30/2025 18:15:07,2025-07-01,-0.35,"49,892.29", Exchange Fee,USD,MESU5
DEMO4543231,239056645885,06/30/2025 18:15:07,2025-07-01,-0.19,"49,892.10", Clearing Fee,USD,MESU5
DEMO4543231,239056645886,06/30/2025 18:15:07,2025-07-01,-0.02,"49,892.08", Nfa Fee,USD,MESU5
DEMO4543231,239056645887,06/30/2025 18:15:07,2025-07-01,-0.35,"49,891.73", Commission,USD,MESU5
DEMO4543231,239056645893,06/30/2025 18:16:41,2025-07-01,-0.35,"49,891.38", Exchange Fee,USD,MESU5
DEMO4543231,239056645894,06/30/2025 18:16:41,2025-07-01,-0.19,"49,891.19", Clearing Fee,USD,MESU5
DEMO4543231,239056645895,06/30/2025 18:16:41,2025-07-01,-0.02,"49,891.17", Nfa Fee,USD,MESU5
DEMO4543231,239056645896,06/30/2025 18:16:41,2025-07-01,-0.35,"49,890.82", Commission,USD,MESU5
DEMO4543231,239056645899,06/30/2025 18:16:41,2025-07-01,2.50,"49,893.32", Trade Paired,USD,MESU5
DEMO4543231,239056645904,06/30/2025 19:00:04,2025-07-01,-0.50,"49,892.82", Exchange Fee,USD,MGCQ5
DEMO4543231,239056645905,06/30/2025 19:00:04,2025-07-01,-0.19,"49,892.63", Clearing Fee,USD,MGCQ5
DEMO4543231,239056645906,06/30/2025 19:00:04,2025-07-01,-0.02,"49,892.61", Nfa Fee,USD,MGCQ5
DEMO4543231,239056645907,06/30/2025 19:00:04,2025-07-01,-0.35,"49,892.26", Commission,USD,MGCQ5
DEMO4543231,239056645910,06/30/2025 19:00:04,2025-07-01,27.00,"49,919.26", Trade Paired,USD,MGCQ5
DEMO4543231,239056645915,06/30/2025 19:45:02,2025-07-01,-0.35,"49,918.91", Exchange Fee,USD,MESU5
DEMO4543231,239056645916,06/30/2025 19:45:02,2025-07-01,-0.19,"49,918.72", Clearing Fee,USD,MESU5
DEMO4543231,239056645917,06/30/2025 19:45:02,2025-07-01,-0.02,"49,918.70", Nfa Fee,USD,MESU5
DEMO4543231,239056645918,06/30/2025 19:45:02,2025-07-01,-0.35,"49,918.35", Commission,USD,MESU5
DEMO4543231,239056645924,06/30/2025 19:48:13,2025-07-01,-0.35,"49,918.00", Exchange Fee,USD,MESU5
DEMO4543231,239056645925,06/30/2025 19:48:13,2025-07-01,-0.19,"49,917.81", Clearing Fee,USD,MESU5
DEMO4543231,239056645926,06/30/2025 19:48:13,2025-07-01,-0.02,"49,917.79", Nfa Fee,USD,MESU5
DEMO4543231,239056645927,06/30/2025 19:48:13,2025-07-01,-0.35,"49,917.44", Commission,USD,MESU5
DEMO4543231,239056645930,06/30/2025 19:48:13,2025-07-01,1.25,"49,918.69", Trade Paired,USD,MESU5
DEMO4543231,239056645935,06/30/2025 20:00:00,2025-07-01,-0.35,"49,918.34", Exchange Fee,USD,MESU5
DEMO4543231,239056645936,06/30/2025 20:00:00,2025-07-01,-0.19,"49,918.15", Clearing Fee,USD,MESU5
DEMO4543231,239056645937,06/30/2025 20:00:00,2025-07-01,-0.02,"49,918.13", Nfa Fee,USD,MESU5
DEMO4543231,239056645938,06/30/2025 20:00:00,2025-07-01,-0.35,"49,917.78", Commission,USD,MESU5
DEMO4543231,239056645944,06/30/2025 20:00:24,2025-07-01,-0.35,"49,917.43", Exchange Fee,USD,MESU5
DEMO4543231,239056645945,06/30/2025 20:00:24,2025-07-01,-0.19,"49,917.24", Clearing Fee,USD,MESU5
DEMO4543231,239056645946,06/30/2025 20:00:24,2025-07-01,-0.02,"49,917.22", Nfa Fee,USD,MESU5
DEMO4543231,239056645947,06/30/2025 20:00:24,2025-07-01,-0.35,"49,916.87", Commission,USD,MESU5
DEMO4543231,239056645950,06/30/2025 20:00:24,2025-07-01,6.25,"49,923.12", Trade Paired,USD,MESU5
DEMO4543231,239056645955,06/30/2025 20:15:02,2025-07-01,-0.35,"49,922.77", Exchange Fee,USD,MESU5
DEMO4543231,239056645956,06/30/2025 20:15:02,2025-07-01,-0.19,"49,922.58", Clearing Fee,USD,MESU5
DEMO4543231,239056645957,06/30/2025 20:15:02,2025-07-01,-0.02,"49,922.56", Nfa Fee,USD,MESU5
DEMO4543231,239056645958,06/30/2025 20:15:02,2025-07-01,-0.35,"49,922.21", Commission,USD,MESU5
DEMO4543231,239056645964,06/30/2025 20:16:42,2025-07-01,-0.35,"49,921.86", Exchange Fee,USD,MESU5
DEMO4543231,239056645965,06/30/2025 20:16:42,2025-07-01,-0.19,"49,921.67", Clearing Fee,USD,MESU5
DEMO4543231,239056645966,06/30/2025 20:16:42,2025-07-01,-0.02,"49,921.65", Nfa Fee,USD,MESU5
DEMO4543231,239056645967,06/30/2025 20:16:42,2025-07-01,-0.35,"49,921.30", Commission,USD,MESU5
DEMO4543231,239056645970,06/30/2025 20:16:42,2025-07-01,1.25,"49,922.55", Trade Paired,USD,MESU5
DEMO4543231,239056645975,06/30/2025 20:45:01,2025-07-01,-0.35,"49,922.20", Exchange Fee,USD,MESU5
DEMO4543231,239056645976,06/30/2025 20:45:01,2025-07-01,-0.19,"49,922.01", Clearing Fee,USD,MESU5
DEMO4543231,239056645977,06/30/2025 20:45:01,2025-07-01,-0.02,"49,921.99", Nfa Fee,USD,MESU5
DEMO4543231,239056645978,06/30/2025 20:45:01,2025-07-01,-0.35,"49,921.64", Commission,USD,MESU5
DEMO4543231,239056645984,06/30/2025 20:45:47,2025-07-01,-0.35,"49,921.29", Exchange Fee,USD,MESU5
DEMO4543231,239056645985,06/30/2025 20:45:47,2025-07-01,-0.19,"49,921.10", Clearing Fee,USD,MESU5
DEMO4543231,239056645986,06/30/2025 20:45:47,2025-07-01,-0.02,"49,921.08", Nfa Fee,USD,MESU5
DEMO4543231,239056645987,06/30/2025 20:45:47,2025-07-01,-0.35,"49,920.73", Commission,USD,MESU5
DEMO4543231,239056645990,06/30/2025 20:45:47,2025-07-01,2.50,"49,923.23", Trade Paired,USD,MESU5
DEMO4543231,239056645995,06/30/2025 21:00:01,2025-07-01,-0.35,"49,922.88", Exchange Fee,USD,MESU5
DEMO4543231,239056645996,06/30/2025 21:00:01,2025-07-01,-0.19,"49,922.69", Clearing Fee,USD,MESU5
DEMO4543231,239056645997,06/30/2025 21:00:01,2025-07-01,-0.02,"49,922.67", Nfa Fee,USD,MESU5
DEMO4543231,239056645998,06/30/2025 21:00:01,2025-07-01,-0.35,"49,922.32", Commission,USD,MESU5
DEMO4543231,239056646004,06/30/2025 21:00:02,2025-07-01,-0.50,"49,921.82", Exchange Fee,USD,MGCQ5
DEMO4543231,239056646005,06/30/2025 21:00:02,2025-07-01,-0.19,"49,921.63", Clearing Fee,USD,MGCQ5
DEMO4543231,239056646006,06/30/2025 21:00:02,2025-07-01,-0.02,"49,921.61", Nfa Fee,USD,MGCQ5
DEMO4543231,239056646007,06/30/2025 21:00:02,2025-07-01,-0.35,"49,921.26", Commission,USD,MGCQ5
DEMO4543231,239056646013,06/30/2025 21:00:11,2025-07-01,-0.50,"49,920.76", Exchange Fee,USD,MGCQ5
DEMO4543231,239056646014,06/30/2025 21:00:11,2025-07-01,-0.19,"49,920.57", Clearing Fee,USD,MGCQ5
DEMO4543231,239056646015,06/30/2025 21:00:11,2025-07-01,-0.02,"49,920.55", Nfa Fee,USD,MGCQ5
DEMO4543231,239056646016,06/30/2025 21:00:11,2025-07-01,-0.35,"49,920.20", Commission,USD,MGCQ5
DEMO4543231,239056646019,06/30/2025 21:00:11,2025-07-01,4.00,"49,924.20", Trade Paired,USD,MGCQ5
DEMO4543231,239056646024,06/30/2025 21:01:05,2025-07-01,-0.35,"49,923.85", Exchange Fee,USD,MESU5
DEMO4543231,239056646025,06/30/2025 21:01:05,2025-07-01,-0.19,"49,923.66", Clearing Fee,USD,MESU5
DEMO4543231,239056646026,06/30/2025 21:01:05,2025-07-01,-0.02,"49,923.64", Nfa Fee,USD,MESU5
DEMO4543231,239056646027,06/30/2025 21:01:05,2025-07-01,-0.35,"49,923.29", Commission,USD,MESU5
DEMO4543231,239056646030,06/30/2025 21:01:05,2025-07-01,1.25,"49,924.54", Trade Paired,USD,MESU5
DEMO4543231,239056646035,06/30/2025 21:15:10,2025-07-01,-0.35,"49,924.19", Exchange Fee,USD,MESU5
DEMO4543231,239056646036,06/30/2025 21:15:10,2025-07-01,-0.19,"49,924.00", Clearing Fee,USD,MESU5
DEMO4543231,239056646037,06/30/2025 21:15:10,2025-07-01,-0.02,"49,923.98", Nfa Fee,USD,MESU5
DEMO4543231,239056646038,06/30/2025 21:15:10,2025-07-01,-0.35,"49,923.63", Commission,USD,MESU5
DEMO4543231,239056646044,06/30/2025 21:30:01,2025-07-01,-0.50,"49,923.13", Exchange Fee,USD,MGCQ5
DEMO4543231,239056646045,06/30/2025 21:30:01,2025-07-01,-0.19,"49,922.94", Clearing Fee,USD,MGCQ5
DEMO4543231,239056646046,06/30/2025 21:30:01,2025-07-01,-0.02,"49,922.92", Nfa Fee,USD,MGCQ5
DEMO4543231,239056646047,06/30/2025 21:30:01,2025-07-01,-0.35,"49,922.57", Commission,USD,MGCQ5
DEMO4543231,239056646053,06/30/2025 21:31:07,2025-07-01,-0.50,"49,922.07", Exchange Fee,USD,MGCQ5
DEMO4543231,239056646054,06/30/2025 21:31:07,2025-07-01,-0.19,"49,921.88", Clearing Fee,USD,MGCQ5
DEMO4543231,239056646055,06/30/2025 21:31:07,2025-07-01,-0.02,"49,921.86", Nfa Fee,USD,MGCQ5
DEMO4543231,239056646056,06/30/2025 21:31:07,2025-07-01,-0.35,"49,921.51", Commission,USD,MGCQ5
DEMO4543231,239056646059,06/30/2025 21:31:07,2025-07-01,1.00,"49,922.51", Trade Paired,USD,MGCQ5
DEMO4543231,239056646064,06/30/2025 21:53:48,2025-07-01,-0.35,"49,922.16", Exchange Fee,USD,MESU5
DEMO4543231,239056646065,06/30/2025 21:53:48,2025-07-01,-0.19,"49,921.97", Clearing Fee,USD,MESU5
DEMO4543231,239056646066,06/30/2025 21:53:48,2025-07-01,-0.02,"49,921.95", Nfa Fee,USD,MESU5
DEMO4543231,239056646067,06/30/2025 21:53:48,2025-07-01,-0.35,"49,921.60", Commission,USD,MESU5
DEMO4543231,239056646070,06/30/2025 21:53:48,2025-07-01,1.25,"49,922.85", Trade Paired,USD,MESU5
DEMO4543231,239056646075,06/30/2025 22:00:09,2025-07-01,-0.35,"49,922.50", Exchange Fee,USD,MESU5
DEMO4543231,239056646076,06/30/2025 22:00:09,2025-07-01,-0.19,"49,922.31", Clearing Fee,USD,MESU5
DEMO4543231,239056646077,06/30/2025 22:00:09,2025-07-01,-0.02,"49,922.29", Nfa Fee,USD,MESU5
DEMO4543231,239056646078,06/30/2025 22:00:09,2025-07-01,-0.35,"49,921.94", Commission,USD,MESU5
DEMO4543231,239056646084,06/30/2025 22:00:13,2025-07-01,-0.19,"49,921.75", Clearing Fee,USD,MCLQ5
DEMO4543231,239056646085,06/30/2025 22:00:13,2025-07-01,-0.35,"49,921.40", Commission,USD,MCLQ5
DEMO4543231,239056646091,06/30/2025 22:04:12,2025-07-01,-0.19,"49,921.21", Clearing Fee,USD,MCLQ5
DEMO4543231,239056646092,06/30/2025 22:04:12,2025-07-01,-0.35,"49,920.86", Commission,USD,MCLQ5
DEMO4543231,239056646095,06/30/2025 22:04:12,2025-07-01,4.00,"49,924.86", Trade Paired,USD,MCLQ5
DEMO4543231,239056646100,06/30/2025 22:30:14,2025-07-01,-0.19,"49,924.67", Clearing Fee,USD,MCLQ5
DEMO4543231,239056646101,06/30/2025 22:30:14,2025-07-01,-0.35,"49,924.32", Commission,USD,MCLQ5
DEMO4543231,239056646107,06/30/2025 22:30:15,2025-07-01,-0.19,"49,924.13", Clearing Fee,USD,MCLQ5
DEMO4543231,239056646108,06/30/2025 22:30:15,2025-07-01,-0.35,"49,923.78", Commission,USD,MCLQ5
DEMO4543231,239056646111,06/30/2025 22:30:15,2025-07-01,-2.00,"49,921.78", Trade Paired,USD,MCLQ5
DEMO4543231,239056646116,06/30/2025 22:34:04,2025-07-01,-0.35,"49,921.43", Exchange Fee,USD,MESU5
DEMO4543231,239056646117,06/30/2025 22:34:04,2025-07-01,-0.19,"49,921.24", Clearing Fee,USD,MESU5
DEMO4543231,239056646118,06/30/2025 22:34:04,2025-07-01,-0.02,"49,921.22", Nfa Fee,USD,MESU5
DEMO4543231,239056646119,06/30/2025 22:34:04,2025-07-01,-0.35,"49,920.87", Commission,USD,MESU5
DEMO4543231,239056646122,06/30/2025 22:34:04,2025-07-01,-17.50,"49,903.37", Trade Paired,USD,MESU5
DEMO4543231,239056646127,06/30/2025 22:45:01,2025-07-01,-0.35,"49,903.02", Exchange Fee,USD,MESU5
DEMO4543231,239056646128,06/30/2025 22:45:01,2025-07-01,-0.19,"49,902.83", Clearing Fee,USD,MESU5
DEMO4543231,239056646129,06/30/2025 22:45:01,2025-07-01,-0.02,"49,902.81", Nfa Fee,USD,MESU5
DEMO4543231,239056646130,06/30/2025 22:45:01,2025-07-01,-0.35,"49,902.46", Commission,USD,MESU5
DEMO4543231,239056646136,06/30/2025 22:53:12,2025-07-01,-0.35,"49,902.11", Exchange Fee,USD,MESU5
DEMO4543231,239056646137,06/30/2025 22:53:12,2025-07-01,-0.19,"49,901.92", Clearing Fee,USD,MESU5
DEMO4543231,239056646138,06/30/2025 22:53:12,2025-07-01,-0.02,"49,901.90", Nfa Fee,USD,MESU5
DEMO4543231,239056646139,06/30/2025 22:53:12,2025-07-01,-0.35,"49,901.55", Commission,USD,MESU5
DEMO4543231,239056646142,06/30/2025 22:53:12,2025-07-01,12.50,"49,914.05", Trade Paired,USD,MESU5
DEMO4543231,239056646147,06/30/2025 23:00:00,2025-07-01,-0.35,"49,913.70", Exchange Fee,USD,MESU5
DEMO4543231,239056646148,06/30/2025 23:00:00,2025-07-01,-0.19,"49,913.51", Clearing Fee,USD,MESU5
DEMO4543231,239056646149,06/30/2025 23:00:00,2025-07-01,-0.02,"49,913.49", Nfa Fee,USD,MESU5
DEMO4543231,239056646150,06/30/2025 23:00:00,2025-07-01,-0.35,"49,913.14", Commission,USD,MESU5
DEMO4543231,239056646156,06/30/2025 23:14:27,2025-07-01,-0.35,"49,912.79", Exchange Fee,USD,MESU5
DEMO4543231,239056646157,06/30/2025 23:14:27,2025-07-01,-0.19,"49,912.60", Clearing Fee,USD,MESU5
DEMO4543231,239056646158,06/30/2025 23:14:27,2025-07-01,-0.02,"49,912.58", Nfa Fee,USD,MESU5
DEMO4543231,239056646159,06/30/2025 23:14:27,2025-07-01,-0.35,"49,912.23", Commission,USD,MESU5
DEMO4543231,239056646162,06/30/2025 23:14:27,2025-07-01,2.50,"49,914.73", Trade Paired,USD,MESU5
DEMO4543231,239056646167,06/30/2025 23:15:04,2025-07-01,-0.35,"49,914.38", Exchange Fee,USD,MESU5
DEMO4543231,239056646168,06/30/2025 23:15:04,2025-07-01,-0.19,"49,914.19", Clearing Fee,USD,MESU5
DEMO4543231,239056646169,06/30/2025 23:15:04,2025-07-01,-0.02,"49,914.17", Nfa Fee,USD,MESU5
DEMO4543231,239056646170,06/30/2025 23:15:04,2025-07-01,-0.35,"49,913.82", Commission,USD,MESU5
DEMO4543231,239056646176,06/30/2025 23:27:41,2025-07-01,-0.35,"49,913.47", Exchange Fee,USD,MESU5
DEMO4543231,239056646177,06/30/2025 23:27:41,2025-07-01,-0.19,"49,913.28", Clearing Fee,USD,MESU5
DEMO4543231,239056646178,06/30/2025 23:27:41,2025-07-01,-0.02,"49,913.26", Nfa Fee,USD,MESU5
DEMO4543231,239056646179,06/30/2025 23:27:41,2025-07-01,-0.35,"49,912.91", Commission,USD,MESU5
DEMO4543231,239056646182,06/30/2025 23:27:41,2025-07-01,2.50,"49,915.41", Trade Paired,USD,MESU5
DEMO4543231,239056646187,06/30/2025 23:30:01,2025-07-01,-0.50,"49,914.91", Exchange Fee,USD,MGCQ5
DEMO4543231,239056646188,06/30/2025 23:30:01,2025-07-01,-0.19,"49,914.72", Clearing Fee,USD,MGCQ5
DEMO4543231,239056646189,06/30/2025 23:30:01,2025-07-01,-0.02,"49,914.70", Nfa Fee,USD,MGCQ5
DEMO4543231,239056646190,06/30/2025 23:30:01,2025-07-01,-0.35,"49,914.35", Commission,USD,MGCQ5
DEMO4543231,239056646196,06/30/2025 23:30:06,2025-07-01,-0.50,"49,913.85", Exchange Fee,USD,MGCQ5
DEMO4543231,239056646197,06/30/2025 23:30:06,2025-07-01,-0.19,"49,913.66", Clearing Fee,USD,MGCQ5
DEMO4543231,239056646198,06/30/2025 23:30:06,2025-07-01,-0.02,"49,913.64", Nfa Fee,USD,MGCQ5
DEMO4543231,239056646199,06/30/2025 23:30:06,2025-07-01,-0.35,"49,913.29", Commission,USD,MGCQ5
DEMO4543231,239056646202,06/30/2025 23:30:06,2025-07-01,-4.00,"49,909.29", Trade Paired,USD,MGCQ5
DEMO4543231,239056646207,07/01/2025 00:00:11,2025-07-01,-0.35,"49,908.94", Exchange Fee,USD,MESU5
DEMO4543231,239056646208,07/01/2025 00:00:11,2025-07-01,-0.19,"49,908.75", Clearing Fee,USD,MESU5
DEMO4543231,239056646209,07/01/2025 00:00:11,2025-07-01,-0.02,"49,908.73", Nfa Fee,USD,MESU5
DEMO4543231,239056646210,07/01/2025 00:00:11,2025-07-01,-0.35,"49,908.38", Commission,USD,MESU5
DEMO4543231,239056646216,07/01/2025 00:00:12,2025-07-01,-0.50,"49,907.88", Exchange Fee,USD,MGCQ5
DEMO4543231,239056646217,07/01/2025 00:00:12,2025-07-01,-0.19,"49,907.69", Clearing Fee,USD,MGCQ5
DEMO4543231,239056646218,07/01/2025 00:00:12,2025-07-01,-0.02,"49,907.67", Nfa Fee,USD,MGCQ5
DEMO4543231,239056646219,07/01/2025 00:00:12,2025-07-01,-0.35,"49,907.32", Commission,USD,MGCQ5
DEMO4543231,239056646225,07/01/2025 00:02:12,2025-07-01,-0.50,"49,906.82", Exchange Fee,USD,MGCQ5
DEMO4543231,239056646226,07/01/2025 00:02:12,2025-07-01,-0.19,"49,906.63", Clearing Fee,USD,MGCQ5
DEMO4543231,239056646227,07/01/2025 00:02:12,2025-07-01,-0.02,"49,906.61", Nfa Fee,USD,MGCQ5
DEMO4543231,239056646228,07/01/2025 00:02:12,2025-07-01,-0.35,"49,906.26", Commission,USD,MGCQ5
DEMO4543231,239056646231,07/01/2025 00:02:12,2025-07-01,3.00,"49,909.26", Trade Paired,USD,MGCQ5
DEMO4543231,239056646236,07/01/2025 00:03:34,2025-07-01,-0.35,"49,908.91", Exchange Fee,USD,MESU5
DEMO4543231,239056646237,07/01/2025 00:03:34,2025-07-01,-0.19,"49,908.72", Clearing Fee,USD,MESU5
DEMO4543231,239056646238,07/01/2025 00:03:34,2025-07-01,-0.02,"49,908.70", Nfa Fee,USD,MESU5
DEMO4543231,239056646239,07/01/2025 00:03:34,2025-07-01,-0.35,"49,908.35", Commission,USD,MESU5
DEMO4543231,239056646247,07/01/2025 00:15:05,2025-07-01,-0.35,"49,908.00", Exchange Fee,USD,MESU5
DEMO4543231,239056646248,07/01/2025 00:15:05,2025-07-01,-0.19,"49,907.81", Clearing Fee,USD,MESU5
DEMO4543231,239056646249,07/01/2025 00:15:05,2025-07-01,-0.02,"49,907.79", Nfa Fee,USD,MESU5
DEMO4543231,239056646250,07/01/2025 00:15:05,2025-07-01,-0.35,"49,907.44", Commission,USD,MESU5
DEMO4543231,239056646256,07/01/2025 00:15:51,2025-07-01,-0.35,"49,907.09", Exchange Fee,USD,MESU5
DEMO4543231,239056646257,07/01/2025 00:15:51,2025-07-01,-0.19,"49,906.90", Clearing Fee,USD,MESU5
DEMO4543231,239056646258,07/01/2025 00:15:51,2025-07-01,-0.02,"49,906.88", Nfa Fee,USD,MESU5
DEMO4543231,239056646259,07/01/2025 00:15:51,2025-07-01,-0.35,"49,906.53", Commission,USD,MESU5
DEMO4543231,239056646262,07/01/2025 00:15:51,2025-07-01,5.00,"49,911.53", Trade Paired,USD,MESU5
DEMO4543231,239056646267,07/01/2025 00:30:15,2025-07-01,-0.50,"49,911.03", Exchange Fee,USD,MGCQ5
DEMO4543231,239056646268,07/01/2025 00:30:15,2025-07-01,-0.19,"49,910.84", Clearing Fee,USD,MGCQ5
DEMO4543231,239056646269,07/01/2025 00:30:15,2025-07-01,-0.02,"49,910.82", Nfa Fee,USD,MGCQ5
DEMO4543231,239056646270,07/01/2025 00:30:15,2025-07-01,-0.35,"49,910.47", Commission,USD,MGCQ5
DEMO4543231,239056646276,07/01/2025 00:36:53,2025-07-01,-0.50,"49,909.97", Exchange Fee,USD,MGCQ5
DEMO4543231,239056646277,07/01/2025 00:36:53,2025-07-01,-0.19,"49,909.78", Clearing Fee,USD,MGCQ5
DEMO4543231,239056646278,07/01/2025 00:36:53,2025-07-01,-0.02,"49,909.76", Nfa Fee,USD,MGCQ5
DEMO4543231,239056646279,07/01/2025 00:36:53,2025-07-01,-0.35,"49,909.41", Commission,USD,MGCQ5
DEMO4543231,239056646282,07/01/2025 00:36:53,2025-07-01,-2.00,"49,907.41", Trade Paired,USD,MGCQ5
DEMO4543231,239056646287,07/01/2025 00:45:04,2025-07-01,-0.35,"49,907.06", Exchange Fee,USD,MESU5
DEMO4543231,239056646288,07/01/2025 00:45:04,2025-07-01,-0.19,"49,906.87", Clearing Fee,USD,MESU5
DEMO4543231,239056646289,07/01/2025 00:45:04,2025-07-01,-0.02,"49,906.85", Nfa Fee,USD,MESU5
DEMO4543231,239056646290,07/01/2025 00:45:04,2025-07-01,-0.35,"49,906.50", Commission,USD,MESU5
DEMO4543231,239056646296,07/01/2025 00:47:32,2025-07-01,-0.35,"49,906.15", Exchange Fee,USD,MESU5
DEMO4543231,239056646297,07/01/2025 00:47:32,2025-07-01,-0.19,"49,905.96", Clearing Fee,USD,MESU5
DEMO4543231,239056646298,07/01/2025 00:47:32,2025-07-01,-0.02,"49,905.94", Nfa Fee,USD,MESU5
DEMO4543231,239056646299,07/01/2025 00:47:32,2025-07-01,-0.35,"49,905.59", Commission,USD,MESU5
DEMO4543231,239056646302,07/01/2025 00:47:32,2025-07-01,-1.25,"49,904.34", Trade Paired,USD,MESU5
DEMO4543231,239056646307,07/01/2025 01:00:05,2025-07-01,-0.35,"49,903.99", Exchange Fee,USD,MESU5
DEMO4543231,239056646308,07/01/2025 01:00:05,2025-07-01,-0.19,"49,903.80", Clearing Fee,USD,MESU5
DEMO4543231,239056646309,07/01/2025 01:00:05,2025-07-01,-0.02,"49,903.78", Nfa Fee,USD,MESU5
DEMO4543231,239056646310,07/01/2025 01:00:05,2025-07-01,-0.35,"49,903.43", Commission,USD,MESU5
DEMO4543231,239056646316,07/01/2025 01:09:33,2025-07-01,-0.35,"49,903.08", Exchange Fee,USD,MESU5
DEMO4543231,239056646317,07/01/2025 01:09:33,2025-07-01,-0.19,"49,902.89", Clearing Fee,USD,MESU5
DEMO4543231,239056646318,07/01/2025 01:09:33,2025-07-01,-0.02,"49,902.87", Nfa Fee,USD,MESU5
DEMO4543231,239056646319,07/01/2025 01:09:33,2025-07-01,-0.35,"49,902.52", Commission,USD,MESU5
DEMO4543231,239056646322,07/01/2025 01:09:33,2025-07-01,2.50,"49,905.02", Trade Paired,USD,MESU5
DEMO4543231,239056646327,07/01/2025 01:15:17,2025-07-01,-0.35,"49,904.67", Exchange Fee,USD,MESU5
DEMO4543231,239056646328,07/01/2025 01:15:17,2025-07-01,-0.19,"49,904.48", Clearing Fee,USD,MESU5
DEMO4543231,239056646329,07/01/2025 01:15:17,2025-07-01,-0.02,"49,904.46", Nfa Fee,USD,MESU5
DEMO4543231,239056646330,07/01/2025 01:15:17,2025-07-01,-0.35,"49,904.11", Commission,USD,MESU5
DEMO4543231,239056646336,07/01/2025 01:30:00,2025-07-01,-0.50,"49,903.61", Exchange Fee,USD,MGCQ5
DEMO4543231,239056646337,07/01/2025 01:30:00,2025-07-01,-0.19,"49,903.42", Clearing Fee,USD,MGCQ5
DEMO4543231,239056646338,07/01/2025 01:30:00,2025-07-01,-0.02,"49,903.40", Nfa Fee,USD,MGCQ5
DEMO4543231,239056646339,07/01/2025 01:30:00,2025-07-01,-0.35,"49,903.05", Commission,USD,MGCQ5
DEMO4543231,239056646345,07/01/2025 01:30:24,2025-07-01,-0.50,"49,902.55", Exchange Fee,USD,MGCQ5
DEMO4543231,239056646346,07/01/2025 01:30:24,2025-07-01,-0.19,"49,902.36", Clearing Fee,USD,MGCQ5
DEMO4543231,239056646347,07/01/2025 01:30:24,2025-07-01,-0.02,"49,902.34", Nfa Fee,USD,MGCQ5
DEMO4543231,239056646348,07/01/2025 01:30:24,2025-07-01,-0.35,"49,901.99", Commission,USD,MGCQ5
DEMO4543231,239056646351,07/01/2025 01:30:24,2025-07-01,3.00,"49,904.99", Trade Paired,USD,MGCQ5
DEMO4543231,239056646356,07/01/2025 01:36:33,2025-07-01,-0.35,"49,904.64", Exchange Fee,USD,MESU5
DEMO4543231,239056646357,07/01/2025 01:36:33,2025-07-01,-0.19,"49,904.45", Clearing Fee,USD,MESU5
DEMO4543231,239056646358,07/01/2025 01:36:33,2025-07-01,-0.02,"49,904.43", Nfa Fee,USD,MESU5
DEMO4543231,239056646359,07/01/2025 01:36:33,2025-07-01,-0.35,"49,904.08", Commission,USD,MESU5
DEMO4543231,239056646362,07/01/2025 01:36:33,2025-07-01,6.25,"49,910.33", Trade Paired,USD,MESU5
DEMO4543231,239056646367,07/01/2025 01:45:03,2025-07-01,-0.35,"49,909.98", Exchange Fee,USD,MESU5
DEMO4543231,239056646368,07/01/2025 01:45:03,2025-07-01,-0.19,"49,909.79", Clearing Fee,USD,MESU5
DEMO4543231,239056646369,07/01/2025 01:45:03,2025-07-01,-0.02,"49,909.77", Nfa Fee,USD,MESU5
DEMO4543231,239056646370,07/01/2025 01:45:03,2025-07-01,-0.35,"49,909.42", Commission,USD,MESU5
DEMO4543231,239056646376,07/01/2025 01:46:07,2025-07-01,-0.35,"49,909.07", Exchange Fee,USD,MESU5
DEMO4543231,239056646377,07/01/2025 01:46:07,2025-07-01,-0.19,"49,908.88", Clearing Fee,USD,MESU5
DEMO4543231,239056646378,07/01/2025 01:46:07,2025-07-01,-0.02,"49,908.86", Nfa Fee,USD,MESU5
DEMO4543231,239056646379,07/01/2025 01:46:07,2025-07-01,-0.35,"49,908.51", Commission,USD,MESU5
DEMO4543231,239056646382,07/01/2025 01:46:07,2025-07-01,2.50,"49,911.01", Trade Paired,USD,MESU5
DEMO4543231,239056646387,07/01/2025 02:00:01,2025-07-01,-1.15,"49,909.86", Exchange Fee,USD,MBTN5
DEMO4543231,239056646388,07/01/2025 02:00:01,2025-07-01,-0.19,"49,909.67", Clearing Fee,USD,MBTN5
DEMO4543231,239056646389,07/01/2025 02:00:01,2025-07-01,-0.02,"49,909.65", Nfa Fee,USD,MBTN5
DEMO4543231,239056646390,07/01/2025 02:00:01,2025-07-01,-0.35,"49,909.30", Commission,USD,MBTN5
DEMO4543231,239056646397,07/01/2025 02:00:10,2025-07-01,-0.50,"49,908.80", Exchange Fee,USD,MGCQ5
DEMO4543231,239056646398,07/01/2025 02:00:10,2025-07-01,-0.19,"49,908.61", Clearing Fee,USD,MGCQ5
DEMO4543231,239056646399,07/01/2025 02:00:10,2025-07-01,-0.02,"49,908.59", Nfa Fee,USD,MGCQ5
DEMO4543231,239056646400,07/01/2025 02:00:10,2025-07-01,-0.35,"49,908.24", Commission,USD,MGCQ5
DEMO4543231,239056646406,07/01/2025 02:00:33,2025-07-01,-0.50,"49,907.74", Exchange Fee,USD,MGCQ5
DEMO4543231,239056646407,07/01/2025 02:00:33,2025-07-01,-0.19,"49,907.55", Clearing Fee,USD,MGCQ5
DEMO4543231,239056646408,07/01/2025 02:00:33,2025-07-01,-0.02,"49,907.53", Nfa Fee,USD,MGCQ5
DEMO4543231,239056646409,07/01/2025 02:00:33,2025-07-01,-0.35,"49,907.18", Commission,USD,MGCQ5
DEMO4543231,239056646412,07/01/2025 02:00:33,2025-07-01,7.00,"49,914.18", Trade Paired,USD,MGCQ5
DEMO4543231,239056646417,07/01/2025 02:01:09,2025-07-01,-1.15,"49,913.03", Exchange Fee,USD,MBTN5
DEMO4543231,239056646418,07/01/2025 02:01:09,2025-07-01,-0.19,"49,912.84", Clearing Fee,USD,MBTN5
DEMO4543231,239056646419,07/01/2025 02:01:09,2025-07-01,-0.02,"49,912.82", Nfa Fee,USD,MBTN5
DEMO4543231,239056646420,07/01/2025 02:01:09,2025-07-01,-0.35,"49,912.47", Commission,USD,MBTN5
DEMO4543231,239056646423,07/01/2025 02:01:09,2025-07-01,2.00,"49,914.47", Trade Paired,USD,MBTN5
DEMO4543231,239056646428,07/01/2025 02:15:02,2025-07-01,-0.35,"49,914.12", Exchange Fee,USD,MESU5
DEMO4543231,239056646429,07/01/2025 02:15:02,2025-07-01,-0.19,"49,913.93", Clearing Fee,USD,MESU5
DEMO4543231,239056646430,07/01/2025 02:15:02,2025-07-01,-0.02,"49,913.91", Nfa Fee,USD,MESU5
DEMO4543231,239056646431,07/01/2025 02:15:02,2025-07-01,-0.35,"49,913.56", Commission,USD,MESU5
DEMO4543231,239056646437,07/01/2025 02:17:04,2025-07-01,-0.35,"49,913.21", Exchange Fee,USD,MESU5
DEMO4543231,239056646438,07/01/2025 02:17:04,2025-07-01,-0.19,"49,913.02", Clearing Fee,USD,MESU5
DEMO4543231,239056646439,07/01/2025 02:17:04,2025-07-01,-0.02,"49,913.00", Nfa Fee,USD,MESU5
DEMO4543231,239056646440,07/01/2025 02:17:04,2025-07-01,-0.35,"49,912.65", Commission,USD,MESU5
DEMO4543231,239056646443,07/01/2025 02:17:04,2025-07-01,2.50,"49,915.15", Trade Paired,USD,MESU5
DEMO4543231,239056646448,07/01/2025 02:30:07,2025-07-01,-0.19,"49,914.96", Clearing Fee,USD,MCLQ5
DEMO4543231,239056646449,07/01/2025 02:30:07,2025-07-01,-0.35,"49,914.61", Commission,USD,MCLQ5
DEMO4543231,239056646455,07/01/2025 02:30:23,2025-07-01,-0.19,"49,914.42", Clearing Fee,USD,MCLQ5
DEMO4543231,239056646456,07/01/2025 02:30:23,2025-07-01,-0.35,"49,914.07", Commission,USD,MCLQ5
DEMO4543231,239056646459,07/01/2025 02:30:23,2025-07-01,-1.00,"49,913.07", Trade Paired,USD,MCLQ5
DEMO4543231,239056646464,07/01/2025 03:00:13,2025-07-01,-0.50,"49,912.57", Exchange Fee,USD,MGCQ5
DEMO4543231,239056646465,07/01/2025 03:00:13,2025-07-01,-0.19,"49,912.38", Clearing Fee,USD,MGCQ5
DEMO4543231,239056646466,07/01/2025 03:00:13,2025-07-01,-0.02,"49,912.36", Nfa Fee,USD,MGCQ5
DEMO4543231,239056646467,07/01/2025 03:00:13,2025-07-01,-0.35,"49,912.01", Commission,USD,MGCQ5
DEMO4543231,239056646473,07/01/2025 03:00:14,2025-07-01,-0.50,"49,911.51", Exchange Fee,USD,MGCQ5
DEMO4543231,239056646474,07/01/2025 03:00:14,2025-07-01,-0.19,"49,911.32", Clearing Fee,USD,MGCQ5
DEMO4543231,239056646475,07/01/2025 03:00:14,2025-07-01,-0.02,"49,911.30", Nfa Fee,USD,MGCQ5
DEMO4543231,239056646476,07/01/2025 03:00:14,2025-07-01,-0.35,"49,910.95", Commission,USD,MGCQ5
DEMO4543231,239056646479,07/01/2025 03:00:14,2025-07-01,-4.00,"49,906.95", Trade Paired,USD,MGCQ5
DEMO4543231,239056646484,07/01/2025 03:00:19,2025-07-01,-0.19,"49,906.76", Clearing Fee,USD,MCLQ5
DEMO4543231,239056646485,07/01/2025 03:00:19,2025-07-01,-0.35,"49,906.41", Commission,USD,MCLQ5
DEMO4543231,239056646491,07/01/2025 03:00:23,2025-07-01,-0.19,"49,906.22", Clearing Fee,USD,MCLQ5
DEMO4543231,239056646492,07/01/2025 03:00:23,2025-07-01,-0.35,"49,905.87", Commission,USD,MCLQ5
DEMO4543231,239056646495,07/01/2025 03:00:23,2025-07-01,-2.00,"49,903.87", Trade Paired,USD,MCLQ5
DEMO4543231,239056646500,07/01/2025 03:15:01,2025-07-01,-0.35,"49,903.52", Exchange Fee,USD,MESU5
DEMO4543231,239056646501,07/01/2025 03:15:01,2025-07-01,-0.19,"49,903.33", Clearing Fee,USD,MESU5
DEMO4543231,239056646502,07/01/2025 03:15:01,2025-07-01,-0.02,"49,903.31", Nfa Fee,USD,MESU5
DEMO4543231,239056646503,07/01/2025 03:15:01,2025-07-01,-0.35,"49,902.96", Commission,USD,MESU5
DEMO4543231,239056646509,07/01/2025 03:15:29,2025-07-01,-0.35,"49,902.61", Exchange Fee,USD,MESU5
DEMO4543231,239056646510,07/01/2025 03:15:29,2025-07-01,-0.19,"49,902.42", Clearing Fee,USD,MESU5
DEMO4543231,239056646511,07/01/2025 03:15:29,2025-07-01,-0.02,"49,902.40", Nfa Fee,USD,MESU5
DEMO4543231,239056646512,07/01/2025 03:15:29,2025-07-01,-0.35,"49,902.05", Commission,USD,MESU5
DEMO4543231,239056646515,07/01/2025 03:15:29,2025-07-01,2.50,"49,904.55", Trade Paired,USD,MESU5
DEMO4543231,239056646520,07/01/2025 03:30:10,2025-07-01,-0.50,"49,904.05", Exchange Fee,USD,MGCQ5
DEMO4543231,239056646521,07/01/2025 03:30:10,2025-07-01,-0.19,"49,903.86", Clearing Fee,USD,MGCQ5
DEMO4543231,239056646522,07/01/2025 03:30:10,2025-07-01,-0.02,"49,903.84", Nfa Fee,USD,MGCQ5
DEMO4543231,239056646523,07/01/2025 03:30:10,2025-07-01,-0.35,"49,903.49", Commission,USD,MGCQ5
DEMO4543231,239056646529,07/01/2025 03:30:15,2025-07-01,-0.50,"49,902.99", Exchange Fee,USD,MGCQ5
DEMO4543231,239056646530,07/01/2025 03:30:15,2025-07-01,-0.19,"49,902.80", Clearing Fee,USD,MGCQ5
DEMO4543231,239056646531,07/01/2025 03:30:15,2025-07-01,-0.02,"49,902.78", Nfa Fee,USD,MGCQ5
DEMO4543231,239056646532,07/01/2025 03:30:15,2025-07-01,-0.35,"49,902.43", Commission,USD,MGCQ5
DEMO4543231,239056646540,07/01/2025 04:00:01,2025-07-01,-0.35,"49,902.08", Exchange Fee,USD,MESU5
DEMO4543231,239056646541,07/01/2025 04:00:01,2025-07-01,-0.19,"49,901.89", Clearing Fee,USD,MESU5
DEMO4543231,239056646542,07/01/2025 04:00:01,2025-07-01,-0.02,"49,901.87", Nfa Fee,USD,MESU5
DEMO4543231,239056646543,07/01/2025 04:00:01,2025-07-01,-0.35,"49,901.52", Commission,USD,MESU5
DEMO4543231,239056646549,07/01/2025 04:00:01,2025-07-01,-0.50,"49,901.02", Exchange Fee,USD,MGCQ5
DEMO4543231,239056646550,07/01/2025 04:00:01,2025-07-01,-0.19,"49,900.83", Clearing Fee,USD,MGCQ5
DEMO4543231,239056646551,07/01/2025 04:00:01,2025-07-01,-0.02,"49,900.81", Nfa Fee,USD,MGCQ5
DEMO4543231,239056646552,07/01/2025 04:00:01,2025-07-01,-0.35,"49,900.46", Commission,USD,MGCQ5
DEMO4543231,239056646558,07/01/2025 04:00:05,2025-07-01,-1.15,"49,899.31", Exchange Fee,USD,MBTN5
DEMO4543231,239056646559,07/01/2025 04:00:05,2025-07-01,-0.19,"49,899.12", Clearing Fee,USD,MBTN5
DEMO4543231,239056646560,07/01/2025 04:00:05,2025-07-01,-0.02,"49,899.10", Nfa Fee,USD,MBTN5
DEMO4543231,239056646561,07/01/2025 04:00:05,2025-07-01,-0.35,"49,898.75", Commission,USD,MBTN5
DEMO4543231,239056646567,07/01/2025 04:00:30,2025-07-01,-0.50,"49,898.25", Exchange Fee,USD,MGCQ5
DEMO4543231,239056646568,07/01/2025 04:00:30,2025-07-01,-0.19,"49,898.06", Clearing Fee,USD,MGCQ5
DEMO4543231,239056646569,07/01/2025 04:00:30,2025-07-01,-0.02,"49,898.04", Nfa Fee,USD,MGCQ5
DEMO4543231,239056646570,07/01/2025 04:00:30,2025-07-01,-0.35,"49,897.69", Commission,USD,MGCQ5
DEMO4543231,239056646573,07/01/2025 04:00:30,2025-07-01,11.00,"49,908.69", Trade Paired,USD,MGCQ5
DEMO4543231,239056646578,07/01/2025 04:00:52,2025-07-01,-0.35,"49,908.34", Exchange Fee,USD,MESU5
DEMO4543231,239056646579,07/01/2025 04:00:52,2025-07-01,-0.19,"49,908.15", Clearing Fee,USD,MESU5
DEMO4543231,239056646580,07/01/2025 04:00:52,2025-07-01,-0.02,"49,908.13", Nfa Fee,USD,MESU5
DEMO4543231,239056646581,07/01/2025 04:00:52,2025-07-01,-0.35,"49,907.78", Commission,USD,MESU5
DEMO4543231,239056646584,07/01/2025 04:00:52,2025-07-01,2.50,"49,910.28", Trade Paired,USD,MESU5
DEMO4543231,239056646589,07/01/2025 04:02:26,2025-07-01,-1.15,"49,909.13", Exchange Fee,USD,MBTN5
DEMO4543231,239056646590,07/01/2025 04:02:26,2025-07-01,-0.19,"49,908.94", Clearing Fee,USD,MBTN5
DEMO4543231,239056646591,07/01/2025 04:02:26,2025-07-01,-0.02,"49,908.92", Nfa Fee,USD,MBTN5
DEMO4543231,239056646592,07/01/2025 04:02:26,2025-07-01,-0.35,"49,908.57", Commission,USD,MBTN5
DEMO4543231,239056646595,07/01/2025 04:02:26,2025-07-01,8.50,"49,917.07", Trade Paired,USD,MBTN5
DEMO4543231,239056646600,07/01/2025 04:30:01,2025-07-01,-0.19,"49,916.88", Clearing Fee,USD,MCLQ5
DEMO4543231,239056646601,07/01/2025 04:30:01,2025-07-01,-0.35,"49,916.53", Commission,USD,MCLQ5
DEMO4543231,239056646607,07/01/2025 04:30:05,2025-07-01,-0.50,"49,916.03", Exchange Fee,USD,MGCQ5
DEMO4543231,239056646608,07/01/2025 04:30:05,2025-07-01,-0.19,"49,915.84", Clearing Fee,USD,MGCQ5
DEMO4543231,239056646609,07/01/2025 04:30:05,2025-07-01,-0.02,"49,915.82", Nfa Fee,USD,MGCQ5
DEMO4543231,239056646610,07/01/2025 04:30:05,2025-07-01,-0.35,"49,915.47", Commission,USD,MGCQ5
DEMO4543231,239056646616,07/01/2025 04:30:12,2025-07-01,-0.19,"49,915.28", Clearing Fee,USD,MCLQ5
DEMO4543231,239056646617,07/01/2025 04:30:12,2025-07-01,-0.35,"49,914.93", Commission,USD,MCLQ5
DEMO4543231,239056646620,07/01/2025 04:30:12,2025-07-01,-4.00,"49,910.93", Trade Paired,USD,MCLQ5
DEMO4543231,239056646625,07/01/2025 04:30:32,2025-07-01,-0.50,"49,910.43", Exchange Fee,USD,MGCQ5
DEMO4543231,239056646626,07/01/2025 04:30:32,2025-07-01,-0.19,"49,910.24", Clearing Fee,USD,MGCQ5
DEMO4543231,239056646627,07/01/2025 04:30:32,2025-07-01,-0.02,"49,910.22", Nfa Fee,USD,MGCQ5
DEMO4543231,239056646628,07/01/2025 04:30:32,2025-07-01,-0.35,"49,909.87", Commission,USD,MGCQ5
DEMO4543231,239056646631,07/01/2025 04:30:32,2025-07-01,3.00,"49,912.87", Trade Paired,USD,MGCQ5
DEMO4543231,239056646636,07/01/2025 04:45:11,2025-07-01,-0.35,"49,912.52", Exchange Fee,USD,MESU5
DEMO4543231,239056646637,07/01/2025 04:45:11,2025-07-01,-0.19,"49,912.33", Clearing Fee,USD,MESU5
DEMO4543231,239056646638,07/01/2025 04:45:11,2025-07-01,-0.02,"49,912.31", Nfa Fee,USD,MESU5
DEMO4543231,239056646639,07/01/2025 04:45:11,2025-07-01,-0.35,"49,911.96", Commission,USD,MESU5
DEMO4543231,239056646645,07/01/2025 04:48:04,2025-07-01,-0.35,"49,911.61", Exchange Fee,USD,MESU5
DEMO4543231,239056646646,07/01/2025 04:48:04,2025-07-01,-0.19,"49,911.42", Clearing Fee,USD,MESU5
DEMO4543231,239056646647,07/01/2025 04:48:04,2025-07-01,-0.02,"49,911.40", Nfa Fee,USD,MESU5
DEMO4543231,239056646648,07/01/2025 04:48:04,2025-07-01,-0.35,"49,911.05", Commission,USD,MESU5
DEMO4543231,239056646651,07/01/2025 04:48:04,2025-07-01,1.25,"49,912.30", Trade Paired,USD,MESU5
DEMO4543231,239056646656,07/01/2025 05:00:10,2025-07-01,-0.50,"49,911.80", Exchange Fee,USD,MGCQ5
DEMO4543231,239056646657,07/01/2025 05:00:10,2025-07-01,-0.19,"49,911.61", Clearing Fee,USD,MGCQ5
DEMO4543231,239056646658,07/01/2025 05:00:10,2025-07-01,-0.02,"49,911.59", Nfa Fee,USD,MGCQ5
DEMO4543231,239056646659,07/01/2025 05:00:10,2025-07-01,-0.35,"49,911.24", Commission,USD,MGCQ5
DEMO4543231,239056646665,07/01/2025 05:00:11,2025-07-01,-0.50,"49,910.74", Exchange Fee,USD,MGCQ5
DEMO4543231,239056646666,07/01/2025 05:00:11,2025-07-01,-0.19,"49,910.55", Clearing Fee,USD,MGCQ5
DEMO4543231,239056646667,07/01/2025 05:00:11,2025-07-01,-0.02,"49,910.53", Nfa Fee,USD,MGCQ5
DEMO4543231,239056646668,07/01/2025 05:00:11,2025-07-01,-0.35,"49,910.18", Commission,USD,MGCQ5
DEMO4543231,239056646671,07/01/2025 05:00:11,2025-07-01,-2.00,"49,908.18", Trade Paired,USD,MGCQ5
DEMO4543231,239056646676,07/01/2025 05:30:04,2025-07-01,-0.50,"49,907.68", Exchange Fee,USD,MGCQ5
DEMO4543231,239056646677,07/01/2025 05:30:04,2025-07-01,-0.19,"49,907.49", Clearing Fee,USD,MGCQ5
DEMO4543231,239056646678,07/01/2025 05:30:04,2025-07-01,-0.02,"49,907.47", Nfa Fee,USD,MGCQ5
DEMO4543231,239056646679,07/01/2025 05:30:04,2025-07-01,-0.35,"49,907.12", Commission,USD,MGCQ5
DEMO4543231,239056646685,07/01/2025 05:30:17,2025-07-01,-0.50,"49,906.62", Exchange Fee,USD,MGCQ5
DEMO4543231,239056646686,07/01/2025 05:30:17,2025-07-01,-0.19,"49,906.43", Clearing Fee,USD,MGCQ5
DEMO4543231,239056646687,07/01/2025 05:30:17,2025-07-01,-0.02,"49,906.41", Nfa Fee,USD,MGCQ5
DEMO4543231,239056646688,07/01/2025 05:30:17,2025-07-01,-0.35,"49,906.06", Commission,USD,MGCQ5
DEMO4543231,239056646691,07/01/2025 05:30:17,2025-07-01,2.00,"49,908.06", Trade Paired,USD,MGCQ5
DEMO4543231,239056646696,07/01/2025 05:45:08,2025-07-01,-0.35,"49,907.71", Exchange Fee,USD,MESU5
DEMO4543231,239056646697,07/01/2025 05:45:08,2025-07-01,-0.19,"49,907.52", Clearing Fee,USD,MESU5
DEMO4543231,239056646698,07/01/2025 05:45:08,2025-07-01,-0.02,"49,907.50", Nfa Fee,USD,MESU5
DEMO4543231,239056646699,07/01/2025 05:45:08,2025-07-01,-0.35,"49,907.15", Commission,USD,MESU5
DEMO4543231,239056646705,07/01/2025 05:47:00,2025-07-01,-0.35,"49,906.80", Exchange Fee,USD,MESU5
DEMO4543231,239056646706,07/01/2025 05:47:00,2025-07-01,-0.19,"49,906.61", Clearing Fee,USD,MESU5
DEMO4543231,239056646707,07/01/2025 05:47:00,2025-07-01,-0.02,"49,906.59", Nfa Fee,USD,MESU5
DEMO4543231,239056646708,07/01/2025 05:47:00,2025-07-01,-0.35,"49,906.24", Commission,USD,MESU5
DEMO4543231,239056646711,07/01/2025 05:47:00,2025-07-01,10.00,"49,916.24", Trade Paired,USD,MESU5
DEMO4543231,239056646716,07/01/2025 06:00:04,2025-07-01,-0.35,"49,915.89", Exchange Fee,USD,MESU5
DEMO4543231,239056646717,07/01/2025 06:00:04,2025-07-01,-0.19,"49,915.70", Clearing Fee,USD,MESU5
DEMO4543231,239056646718,07/01/2025 06:00:04,2025-07-01,-0.02,"49,915.68", Nfa Fee,USD,MESU5
DEMO4543231,239056646719,07/01/2025 06:00:04,2025-07-01,-0.35,"49,915.33", Commission,USD,MESU5
DEMO4543231,239056646725,07/01/2025 06:00:05,2025-07-01,-1.15,"49,914.18", Exchange Fee,USD,MBTN5
DEMO4543231,239056646726,07/01/2025 06:00:05,2025-07-01,-0.19,"49,913.99", Clearing Fee,USD,MBTN5
DEMO4543231,239056646727,07/01/2025 06:00:05,2025-07-01,-0.02,"49,913.97", Nfa Fee,USD,MBTN5
DEMO4543231,239056646728,07/01/2025 06:00:05,2025-07-01,-0.35,"49,913.62", Commission,USD,MBTN5
DEMO4543231,239056646734,07/01/2025 06:00:08,2025-07-01,-0.50,"49,913.12", Exchange Fee,USD,MGCQ5
DEMO4543231,239056646735,07/01/2025 06:00:08,2025-07-01,-0.19,"49,912.93", Clearing Fee,USD,MGCQ5
DEMO4543231,239056646736,07/01/2025 06:00:08,2025-07-01,-0.02,"49,912.91", Nfa Fee,USD,MGCQ5
DEMO4543231,239056646737,07/01/2025 06:00:08,2025-07-01,-0.35,"49,912.56", Commission,USD,MGCQ5
DEMO4543231,239056646743,07/01/2025 06:00:23,2025-07-01,-0.50,"49,912.06", Exchange Fee,USD,MGCQ5
DEMO4543231,239056646744,07/01/2025 06:00:23,2025-07-01,-0.19,"49,911.87", Clearing Fee,USD,MGCQ5
DEMO4543231,239056646745,07/01/2025 06:00:23,2025-07-01,-0.02,"49,911.85", Nfa Fee,USD,MGCQ5
DEMO4543231,239056646746,07/01/2025 06:00:23,2025-07-01,-0.35,"49,911.50", Commission,USD,MGCQ5
DEMO4543231,239056646749,07/01/2025 06:00:23,2025-07-01,-1.00,"49,910.50", Trade Paired,USD,MGCQ5
DEMO4543231,239056646754,07/01/2025 06:00:29,2025-07-01,-1.15,"49,909.35", Exchange Fee,USD,MBTN5
DEMO4543231,239056646755,07/01/2025 06:00:29,2025-07-01,-0.19,"49,909.16", Clearing Fee,USD,MBTN5
DEMO4543231,239056646756,07/01/2025 06:00:29,2025-07-01,-0.02,"49,909.14", Nfa Fee,USD,MBTN5
DEMO4543231,239056646757,07/01/2025 06:00:29,2025-07-01,-0.35,"49,908.79", Commission,USD,MBTN5
DEMO4543231,239056646765,07/01/2025 06:24:15,2025-07-01,-0.35,"49,908.44", Exchange Fee,USD,MESU5
DEMO4543231,239056646766,07/01/2025 06:24:15,2025-07-01,-0.19,"49,908.25", Clearing Fee,USD,MESU5
DEMO4543231,239056646767,07/01/2025 06:24:15,2025-07-01,-0.02,"49,908.23", Nfa Fee,USD,MESU5
DEMO4543231,239056646768,07/01/2025 06:24:15,2025-07-01,-0.35,"49,907.88", Commission,USD,MESU5
DEMO4543231,239056646771,07/01/2025 06:24:15,2025-07-01,1.25,"49,909.13", Trade Paired,USD,MESU5
DEMO4543231,239056646776,07/01/2025 06:30:10,2025-07-01,-0.50,"49,908.63", Exchange Fee,USD,MGCQ5
DEMO4543231,239056646777,07/01/2025 06:30:10,2025-07-01,-0.19,"49,908.44", Clearing Fee,USD,MGCQ5
DEMO4543231,239056646778,07/01/2025 06:30:10,2025-07-01,-0.02,"49,908.42", Nfa Fee,USD,MGCQ5
DEMO4543231,239056646779,07/01/2025 06:30:10,2025-07-01,-0.35,"49,908.07", Commission,USD,MGCQ5
DEMO4543231,239056646785,07/01/2025 06:30:14,2025-07-01,-0.19,"49,907.88", Clearing Fee,USD,MCLQ5
DEMO4543231,239056646786,07/01/2025 06:30:14,2025-07-01,-0.35,"49,907.53", Commission,USD,MCLQ5
DEMO4543231,239056646792,07/01/2025 06:31:26,2025-07-01,-0.19,"49,907.34", Clearing Fee,USD,MCLQ5
DEMO4543231,239056646793,07/01/2025 06:31:26,2025-07-01,-0.35,"49,906.99", Commission,USD,MCLQ5
DEMO4543231,239056646796,07/01/2025 06:31:26,2025-07-01,1.00,"49,907.99", Trade Paired,USD,MCLQ5
DEMO4543231,239056646801,07/01/2025 06:31:47,2025-07-01,-0.50,"49,907.49", Exchange Fee,USD,MGCQ5
DEMO4543231,239056646802,07/01/2025 06:31:47,2025-07-01,-0.19,"49,907.30", Clearing Fee,USD,MGCQ5
DEMO4543231,239056646803,07/01/2025 06:31:47,2025-07-01,-0.02,"49,907.28", Nfa Fee,USD,MGCQ5
DEMO4543231,239056646804,07/01/2025 06:31:47,2025-07-01,-0.35,"49,906.93", Commission,USD,MGCQ5
DEMO4543231,239056646812,07/01/2025 07:00:05,2025-07-01,-0.50,"49,906.43", Exchange Fee,USD,MGCQ5
DEMO4543231,239056646813,07/01/2025 07:00:05,2025-07-01,-0.19,"49,906.24", Clearing Fee,USD,MGCQ5
DEMO4543231,239056646814,07/01/2025 07:00:05,2025-07-01,-0.02,"49,906.22", Nfa Fee,USD,MGCQ5
DEMO4543231,239056646815,07/01/2025 07:00:05,2025-07-01,-0.35,"49,905.87", Commission,USD,MGCQ5
DEMO4543231,239056646821,07/01/2025 07:00:13,2025-07-01,-0.19,"49,905.68", Clearing Fee,USD,MCLQ5
DEMO4543231,239056646822,07/01/2025 07:00:13,2025-07-01,-0.35,"49,905.33", Commission,USD,MCLQ5
DEMO4543231,239056646828,07/01/2025 07:00:14,2025-07-01,-0.19,"49,905.14", Clearing Fee,USD,MCLQ5
DEMO4543231,239056646829,07/01/2025 07:00:14,2025-07-01,-0.35,"49,904.79", Commission,USD,MCLQ5
DEMO4543231,239056646832,07/01/2025 07:00:14,2025-07-01,-3.00,"49,901.79", Trade Paired,USD,MCLQ5
DEMO4543231,239056646837,07/01/2025 07:00:17,2025-07-01,-0.50,"49,901.29", Exchange Fee,USD,MGCQ5
DEMO4543231,239056646838,07/01/2025 07:00:17,2025-07-01,-0.19,"49,901.10", Clearing Fee,USD,MGCQ5
DEMO4543231,239056646839,07/01/2025 07:00:17,2025-07-01,-0.02,"49,901.08", Nfa Fee,USD,MGCQ5
DEMO4543231,239056646840,07/01/2025 07:00:17,2025-07-01,-0.35,"49,900.73", Commission,USD,MGCQ5
DEMO4543231,239056646843,07/01/2025 07:00:17,2025-07-01,1.00,"49,901.73", Trade Paired,USD,MGCQ5
DEMO4543231,239056646848,07/01/2025 07:00:20,2025-07-01,-1.15,"49,900.58", Exchange Fee,USD,MBTN5
DEMO4543231,239056646849,07/01/2025 07:00:20,2025-07-01,-0.19,"49,900.39", Clearing Fee,USD,MBTN5
DEMO4543231,239056646850,07/01/2025 07:00:20,2025-07-01,-0.02,"49,900.37", Nfa Fee,USD,MBTN5
DEMO4543231,239056646851,07/01/2025 07:00:20,2025-07-01,-0.35,"49,900.02", Commission,USD,MBTN5
DEMO4543231,239056646857,07/01/2025 07:13:20,2025-07-01,-1.15,"49,898.87", Exchange Fee,USD,MBTN5
DEMO4543231,239056646858,07/01/2025 07:13:20,2025-07-01,-0.19,"49,898.68", Clearing Fee,USD,MBTN5
DEMO4543231,239056646859,07/01/2025 07:13:20,2025-07-01,-0.02,"49,898.66", Nfa Fee,USD,MBTN5
DEMO4543231,239056646860,07/01/2025 07:13:20,2025-07-01,-0.35,"49,898.31", Commission,USD,MBTN5
DEMO4543231,239056646863,07/01/2025 07:13:20,2025-07-01,4.00,"49,902.31", Trade Paired,USD,MBTN5
DEMO4543231,239056646868,07/01/2025 07:30:01,2025-07-01,-0.50,"49,901.81", Exchange Fee,USD,MGCQ5
DEMO4543231,239056646869,07/01/2025 07:30:01,2025-07-01,-0.19,"49,901.62", Clearing Fee,USD,MGCQ5
DEMO4543231,239056646870,07/01/2025 07:30:01,2025-07-01,-0.02,"49,901.60", Nfa Fee,USD,MGCQ5
DEMO4543231,239056646871,07/01/2025 07:30:01,2025-07-01,-0.35,"49,901.25", Commission,USD,MGCQ5
DEMO4543231,239056646877,07/01/2025 07:30:11,2025-07-01,-0.50,"49,900.75", Exchange Fee,USD,MGCQ5
DEMO4543231,239056646878,07/01/2025 07:30:11,2025-07-01,-0.19,"49,900.56", Clearing Fee,USD,MGCQ5
DEMO4543231,239056646879,07/01/2025 07:30:11,2025-07-01,-0.02,"49,900.54", Nfa Fee,USD,MGCQ5
DEMO4543231,239056646880,07/01/2025 07:30:11,2025-07-01,-0.35,"49,900.19", Commission,USD,MGCQ5
DEMO4543231,239056646883,07/01/2025 07:30:11,2025-07-01,5.00,"49,905.19", Trade Paired,USD,MGCQ5
DEMO4543231,239056646888,07/01/2025 08:00:00,2025-07-01,-0.35,"49,904.84", Exchange Fee,USD,MESU5
DEMO4543231,239056646889,07/01/2025 08:00:00,2025-07-01,-0.19,"49,904.65", Clearing Fee,USD,MESU5
DEMO4543231,239056646890,07/01/2025 08:00:00,2025-07-01,-0.02,"49,904.63", Nfa Fee,USD,MESU5
DEMO4543231,239056646891,07/01/2025 08:00:00,2025-07-01,-0.35,"49,904.28", Commission,USD,MESU5
DEMO4543231,239056646897,07/01/2025 08:00:04,2025-07-01,-0.50,"49,903.78", Exchange Fee,USD,MGCQ5
DEMO4543231,239056646898,07/01/2025 08:00:04,2025-07-01,-0.19,"49,903.59", Clearing Fee,USD,MGCQ5
DEMO4543231,239056646899,07/01/2025 08:00:04,2025-07-01,-0.02,"49,903.57", Nfa Fee,USD,MGCQ5
DEMO4543231,239056646900,07/01/2025 08:00:04,2025-07-01,-0.35,"49,903.22", Commission,USD,MGCQ5
DEMO4543231,239056646906,07/01/2025 08:00:08,2025-07-01,-0.50,"49,902.72", Exchange Fee,USD,MGCQ5
DEMO4543231,239056646907,07/01/2025 08:00:08,2025-07-01,-0.19,"49,902.53", Clearing Fee,USD,MGCQ5
DEMO4543231,239056646908,07/01/2025 08:00:08,2025-07-01,-0.02,"49,902.51", Nfa Fee,USD,MGCQ5
DEMO4543231,239056646909,07/01/2025 08:00:08,2025-07-01,-0.35,"49,902.16", Commission,USD,MGCQ5
DEMO4543231,239056646912,07/01/2025 08:00:08,2025-07-01,-3.00,"49,899.16", Trade Paired,USD,MGCQ5
DEMO4543231,239056646917,07/01/2025 08:02:10,2025-07-01,-0.35,"49,898.81", Exchange Fee,USD,MESU5
DEMO4543231,239056646918,07/01/2025 08:02:10,2025-07-01,-0.19,"49,898.62", Clearing Fee,USD,MESU5
DEMO4543231,239056646919,07/01/2025 08:02:10,2025-07-01,-0.02,"49,898.60", Nfa Fee,USD,MESU5
DEMO4543231,239056646920,07/01/2025 08:02:10,2025-07-01,-0.35,"49,898.25", Commission,USD,MESU5
DEMO4543231,239056646923,07/01/2025 08:02:10,2025-07-01,3.75,"49,902.00", Trade Paired,USD,MESU5
DEMO4543231,239056646928,07/01/2025 08:15:01,2025-07-01,-0.35,"49,901.65", Exchange Fee,USD,MESU5
DEMO4543231,239056646929,07/01/2025 08:15:01,2025-07-01,-0.19,"49,901.46", Clearing Fee,USD,MESU5
DEMO4543231,239056646930,07/01/2025 08:15:01,2025-07-01,-0.02,"49,901.44", Nfa Fee,USD,MESU5
DEMO4543231,239056646931,07/01/2025 08:15:01,2025-07-01,-0.35,"49,901.09", Commission,USD,MESU5
DEMO4543231,239056646937,07/01/2025 08:16:13,2025-07-01,-0.35,"49,900.74", Exchange Fee,USD,MESU5
DEMO4543231,239056646938,07/01/2025 08:16:13,2025-07-01,-0.19,"49,900.55", Clearing Fee,USD,MESU5
DEMO4543231,239056646939,07/01/2025 08:16:13,2025-07-01,-0.02,"49,900.53", Nfa Fee,USD,MESU5
DEMO4543231,239056646940,07/01/2025 08:16:13,2025-07-01,-0.35,"49,900.18", Commission,USD,MESU5
DEMO4543231,239056646943,07/01/2025 08:16:13,2025-07-01,1.25,"49,901.43", Trade Paired,USD,MESU5
DEMO4543231,239056646948,07/01/2025 08:30:01,2025-07-01,-0.50,"49,900.93", Exchange Fee,USD,MGCQ5
DEMO4543231,239056646949,07/01/2025 08:30:01,2025-07-01,-0.19,"49,900.74", Clearing Fee,USD,MGCQ5
DEMO4543231,239056646950,07/01/2025 08:30:01,2025-07-01,-0.02,"49,900.72", Nfa Fee,USD,MGCQ5
DEMO4543231,239056646951,07/01/2025 08:30:01,2025-07-01,-0.35,"49,900.37", Commission,USD,MGCQ5
DEMO4543231,239056646957,07/01/2025 08:30:01,2025-07-01,-0.35,"49,900.02", Exchange Fee,USD,MESU5
DEMO4543231,239056646958,07/01/2025 08:30:01,2025-07-01,-0.19,"49,899.83", Clearing Fee,USD,MESU5
DEMO4543231,239056646959,07/01/2025 08:30:01,2025-07-01,-0.02,"49,899.81", Nfa Fee,USD,MESU5
DEMO4543231,239056646960,07/01/2025 08:30:01,2025-07-01,-0.35,"49,899.46", Commission,USD,MESU5
DEMO4543231,239056646966,07/01/2025 08:30:14,2025-07-01,-0.50,"49,898.96", Exchange Fee,USD,MGCQ5
DEMO4543231,239056646967,07/01/2025 08:30:14,2025-07-01,-0.19,"49,898.77", Clearing Fee,USD,MGCQ5
DEMO4543231,239056646968,07/01/2025 08:30:14,2025-07-01,-0.02,"49,898.75", Nfa Fee,USD,MGCQ5
DEMO4543231,239056646969,07/01/2025 08:30:14,2025-07-01,-0.35,"49,898.40", Commission,USD,MGCQ5
DEMO4543231,239056646972,07/01/2025 08:30:14,2025-07-01,9.00,"49,907.40", Trade Paired,USD,MGCQ5
DEMO4543231,239056646977,07/01/2025 08:31:10,2025-07-01,-0.35,"49,907.05", Exchange Fee,USD,MESU5
DEMO4543231,239056646978,07/01/2025 08:31:10,2025-07-01,-0.19,"49,906.86", Clearing Fee,USD,MESU5
DEMO4543231,239056646979,07/01/2025 08:31:10,2025-07-01,-0.02,"49,906.84", Nfa Fee,USD,MESU5
DEMO4543231,239056646980,07/01/2025 08:31:10,2025-07-01,-0.35,"49,906.49", Commission,USD,MESU5
DEMO4543231,239056646983,07/01/2025 08:31:10,2025-07-01,-21.25,"49,885.24", Trade Paired,USD,MESU5
DEMO4543231,239056646988,07/01/2025 09:00:00,2025-07-01,-0.50,"49,884.74", Exchange Fee,USD,MGCQ5
DEMO4543231,239056646989,07/01/2025 09:00:00,2025-07-01,-0.19,"49,884.55", Clearing Fee,USD,MGCQ5
DEMO4543231,239056646990,07/01/2025 09:00:00,2025-07-01,-0.02,"49,884.53", Nfa Fee,USD,MGCQ5
DEMO4543231,239056646991,07/01/2025 09:00:00,2025-07-01,-0.35,"49,884.18", Commission,USD,MGCQ5
DEMO4543231,239056646997,07/01/2025 09:00:16,2025-07-01,-0.50,"49,883.68", Exchange Fee,USD,MGCQ5
DEMO4543231,239056646998,07/01/2025 09:00:16,2025-07-01,-0.19,"49,883.49", Clearing Fee,USD,MGCQ5
DEMO4543231,239056646999,07/01/2025 09:00:16,2025-07-01,-0.02,"49,883.47", Nfa Fee,USD,MGCQ5
DEMO4543231,239056647000,07/01/2025 09:00:16,2025-07-01,-0.35,"49,883.12", Commission,USD,MGCQ5
DEMO4543231,239056647003,07/01/2025 09:00:16,2025-07-01,-8.00,"49,875.12", Trade Paired,USD,MGCQ5
DEMO4543231,239056647008,07/01/2025 09:00:16,2025-07-01,-0.19,"49,874.93", Clearing Fee,USD,MCLQ5
DEMO4543231,239056647009,07/01/2025 09:00:16,2025-07-01,-0.35,"49,874.58", Commission,USD,MCLQ5
DEMO4543231,239056647015,07/01/2025 09:00:19,2025-07-01,-0.19,"49,874.39", Clearing Fee,USD,MCLQ5
DEMO4543231,239056647016,07/01/2025 09:00:19,2025-07-01,-0.35,"49,874.04", Commission,USD,MCLQ5
DEMO4543231,239056647024,07/01/2025 09:45:01,2025-07-01,-0.35,"49,873.69", Exchange Fee,USD,MESU5
DEMO4543231,239056647025,07/01/2025 09:45:01,2025-07-01,-0.19,"49,873.50", Clearing Fee,USD,MESU5
DEMO4543231,239056647026,07/01/2025 09:45:01,2025-07-01,-0.02,"49,873.48", Nfa Fee,USD,MESU5
DEMO4543231,239056647027,07/01/2025 09:45:01,2025-07-01,-0.35,"49,873.13", Commission,USD,MESU5
DEMO4543231,239056647033,07/01/2025 09:45:25,2025-07-01,-0.35,"49,872.78", Exchange Fee,USD,MESU5
DEMO4543231,239056647034,07/01/2025 09:45:25,2025-07-01,-0.19,"49,872.59", Clearing Fee,USD,MESU5
DEMO4543231,239056647035,07/01/2025 09:45:25,2025-07-01,-0.02,"49,872.57", Nfa Fee,USD,MESU5
DEMO4543231,239056647036,07/01/2025 09:45:25,2025-07-01,-0.35,"49,872.22", Commission,USD,MESU5
DEMO4543231,239056647044,07/01/2025 10:00:03,2025-07-01,-0.35,"49,871.87", Exchange Fee,USD,MESU5
DEMO4543231,239056647045,07/01/2025 10:00:03,2025-07-01,-0.19,"49,871.68", Clearing Fee,USD,MESU5
DEMO4543231,239056647046,07/01/2025 10:00:03,2025-07-01,-0.02,"49,871.66", Nfa Fee,USD,MESU5
DEMO4543231,239056647047,07/01/2025 10:00:03,2025-07-01,-0.35,"49,871.31", Commission,USD,MESU5
DEMO4543231,239056647053,07/01/2025 10:00:06,2025-07-01,-0.50,"49,870.81", Exchange Fee,USD,MGCQ5
DEMO4543231,239056647054,07/01/2025 10:00:06,2025-07-01,-0.19,"49,870.62", Clearing Fee,USD,MGCQ5
DEMO4543231,239056647055,07/01/2025 10:00:06,2025-07-01,-0.02,"49,870.60", Nfa Fee,USD,MGCQ5
DEMO4543231,239056647056,07/01/2025 10:00:06,2025-07-01,-0.35,"49,870.25", Commission,USD,MGCQ5
DEMO4543231,239056647062,07/01/2025 10:00:09,2025-07-01,-0.35,"49,869.90", Exchange Fee,USD,MESU5
DEMO4543231,239056647063,07/01/2025 10:00:09,2025-07-01,-0.19,"49,869.71", Clearing Fee,USD,MESU5
DEMO4543231,239056647064,07/01/2025 10:00:09,2025-07-01,-0.02,"49,869.69", Nfa Fee,USD,MESU5
DEMO4543231,239056647065,07/01/2025 10:00:09,2025-07-01,-0.35,"49,869.34", Commission,USD,MESU5
DEMO4543231,239056647068,07/01/2025 10:00:09,2025-07-01,-7.50,"49,861.84", Trade Paired,USD,MESU5
DEMO4543231,239056647073,07/01/2025 10:00:26,2025-07-01,-0.50,"49,861.34", Exchange Fee,USD,MGCQ5
DEMO4543231,239056647074,07/01/2025 10:00:26,2025-07-01,-0.19,"49,861.15", Clearing Fee,USD,MGCQ5
DEMO4543231,239056647075,07/01/2025 10:00:26,2025-07-01,-0.02,"49,861.13", Nfa Fee,USD,MGCQ5
DEMO4543231,239056647076,07/01/2025 10:00:26,2025-07-01,-0.35,"49,860.78", Commission,USD,MGCQ5
DEMO4543231,239056647079,07/01/2025 10:00:26,2025-07-01,-24.00,"49,836.78", Trade Paired,USD,MGCQ5
DEMO4543231,239056647084,07/01/2025 10:15:01,2025-07-01,-0.35,"49,836.43", Exchange Fee,USD,MESU5
DEMO4543231,239056647085,07/01/2025 10:15:01,2025-07-01,-0.19,"49,836.24", Clearing Fee,USD,MESU5
DEMO4543231,239056647086,07/01/2025 10:15:01,2025-07-01,-0.02,"49,836.22", Nfa Fee,USD,MESU5
DEMO4543231,239056647087,07/01/2025 10:15:01,2025-07-01,-0.35,"49,835.87", Commission,USD,MESU5
DEMO4543231,239056647093,07/01/2025 10:15:26,2025-07-01,-0.35,"49,835.52", Exchange Fee,USD,MESU5
DEMO4543231,239056647094,07/01/2025 10:15:26,2025-07-01,-0.19,"49,835.33", Clearing Fee,USD,MESU5
DEMO4543231,239056647095,07/01/2025 10:15:26,2025-07-01,-0.02,"49,835.31", Nfa Fee,USD,MESU5
DEMO4543231,239056647096,07/01/2025 10:15:26,2025-07-01,-0.35,"49,834.96", Commission,USD,MESU5
DEMO4543231,239056647099,07/01/2025 10:15:26,2025-07-01,3.75,"49,838.71", Trade Paired,USD,MESU5
DEMO4543231,239056647100,07/01/2025 15:23:57,2025-07-01,161.29,"50,000.00", Fund Transaction,USD,
DEMO4543231,239056647105,07/01/2025 16:10:01,2025-07-01,-0.35,"49,999.65", Exchange Fee,USD,MESU5
DEMO4543231,239056647106,07/01/2025 16:10:01,2025-07-01,-0.19,"49,999.46", Clearing Fee,USD,MESU5
DEMO4543231,239056647107,07/01/2025 16:10:01,2025-07-01,-0.02,"49,999.44", Nfa Fee,USD,MESU5
DEMO4543231,239056647108,07/01/2025 16:10:01,2025-07-01,-0.35,"49,999.09", Commission,USD,MESU5
DEMO4543231,239056647114,07/01/2025 16:20:04,2025-07-01,-0.35,"49,998.74", Exchange Fee,USD,MESU5
DEMO4543231,239056647115,07/01/2025 16:20:04,2025-07-01,-0.19,"49,998.55", Clearing Fee,USD,MESU5
DEMO4543231,239056647116,07/01/2025 16:20:04,2025-07-01,-0.02,"49,998.53", Nfa Fee,USD,MESU5
DEMO4543231,239056647117,07/01/2025 16:20:04,2025-07-01,-0.35,"49,998.18", Commission,USD,MESU5
DEMO4543231,239056647120,07/01/2025 16:20:04,2025-07-01,-2.50,"49,995.68", Trade Paired,USD,MESU5
DEMO4543231,239056647125,07/01/2025 16:45:01,2025-07-01,-0.70,"49,994.98", Exchange Fee,USD,MESU5
DEMO4543231,239056647126,07/01/2025 16:45:01,2025-07-01,-0.38,"49,994.60", Clearing Fee,USD,MESU5
DEMO4543231,239056647127,07/01/2025 16:45:01,2025-07-01,-0.04,"49,994.56", Nfa Fee,USD,MESU5
DEMO4543231,239056647128,07/01/2025 16:45:01,2025-07-01,-0.70,"49,993.86", Commission,USD,MESU5
DEMO4543231,239056647145,07/01/2025 18:05:01,2025-07-02,-0.70,"49,993.16", Exchange Fee,USD,MESU5
DEMO4543231,239056647146,07/01/2025 18:05:01,2025-07-02,-0.38,"49,992.78", Clearing Fee,USD,MESU5
DEMO4543231,239056647147,07/01/2025 18:05:01,2025-07-02,-0.04,"49,992.74", Nfa Fee,USD,MESU5
DEMO4543231,239056647148,07/01/2025 18:05:01,2025-07-02,-0.70,"49,992.04", Commission,USD,MESU5
DEMO4543231,239056647151,07/01/2025 18:05:01,2025-07-02,-22.50,"49,969.54", Trade Paired,USD,MESU5
DEMO4543231,239056647156,07/01/2025 18:10:11,2025-07-02,-0.35,"49,969.19", Exchange Fee,USD,MESU5
DEMO4543231,239056647157,07/01/2025 18:10:11,2025-07-02,-0.19,"49,969.00", Clearing Fee,USD,MESU5
DEMO4543231,239056647158,07/01/2025 18:10:11,2025-07-02,-0.02,"49,968.98", Nfa Fee,USD,MESU5
DEMO4543231,239056647159,07/01/2025 18:10:11,2025-07-02,-0.35,"49,968.63", Commission,USD,MESU5
DEMO4543231,239056647165,07/01/2025 18:20:05,2025-07-02,-0.35,"49,968.28", Exchange Fee,USD,MESU5
DEMO4543231,239056647166,07/01/2025 18:20:05,2025-07-02,-0.19,"49,968.09", Clearing Fee,USD,MESU5
DEMO4543231,239056647167,07/01/2025 18:20:05,2025-07-02,-0.02,"49,968.07", Nfa Fee,USD,MESU5
DEMO4543231,239056647168,07/01/2025 18:20:05,2025-07-02,-0.35,"49,967.72", Commission,USD,MESU5
DEMO4543231,239056647171,07/01/2025 18:20:05,2025-07-02,-6.25,"49,961.47", Trade Paired,USD,MESU5
DEMO4543231,239056647176,07/01/2025 18:25:01,2025-07-02,-0.70,"49,960.77", Exchange Fee,USD,MESU5
DEMO4543231,239056647177,07/01/2025 18:25:01,2025-07-02,-0.38,"49,960.39", Clearing Fee,USD,MESU5
DEMO4543231,239056647178,07/01/2025 18:25:01,2025-07-02,-0.04,"49,960.35", Nfa Fee,USD,MESU5
DEMO4543231,239056647179,07/01/2025 18:25:01,2025-07-02,-0.70,"49,959.65", Commission,USD,MESU5
DEMO4543231,239056647185,07/01/2025 18:30:03,2025-07-02,-0.70,"49,958.95", Exchange Fee,USD,MESU5
DEMO4543231,239056647186,07/01/2025 18:30:03,2025-07-02,-0.38,"49,958.57", Clearing Fee,USD,MESU5
DEMO4543231,239056647187,07/01/2025 18:30:03,2025-07-02,-0.04,"49,958.53", Nfa Fee,USD,MESU5
DEMO4543231,239056647188,07/01/2025 18:30:03,2025-07-02,-0.70,"49,957.83", Commission,USD,MESU5
DEMO4543231,239056647196,07/01/2025 18:55:05,2025-07-02,-0.35,"49,957.48", Exchange Fee,USD,MESU5
DEMO4543231,239056647197,07/01/2025 18:55:05,2025-07-02,-0.19,"49,957.29", Clearing Fee,USD,MESU5
DEMO4543231,239056647198,07/01/2025 18:55:05,2025-07-02,-0.02,"49,957.27", Nfa Fee,USD,MESU5
DEMO4543231,239056647199,07/01/2025 18:55:05,2025-07-02,-0.35,"49,956.92", Commission,USD,MESU5
DEMO4543231,239056647205,07/01/2025 19:00:12,2025-07-02,-0.35,"49,956.57", Exchange Fee,USD,MESU5
DEMO4543231,239056647206,07/01/2025 19:00:12,2025-07-02,-0.19,"49,956.38", Clearing Fee,USD,MESU5
DEMO4543231,239056647207,07/01/2025 19:00:12,2025-07-02,-0.02,"49,956.36", Nfa Fee,USD,MESU5
DEMO4543231,239056647208,07/01/2025 19:00:12,2025-07-02,-0.35,"49,956.01", Commission,USD,MESU5
DEMO4543231,239056647211,07/01/2025 19:00:12,2025-07-02,-3.75,"49,952.26", Trade Paired,USD,MESU5
DEMO4543231,239056647216,07/01/2025 19:10:04,2025-07-02,-0.70,"49,951.56", Exchange Fee,USD,MESU5
DEMO4543231,239056647217,07/01/2025 19:10:04,2025-07-02,-0.38,"49,951.18", Clearing Fee,USD,MESU5
DEMO4543231,239056647218,07/01/2025 19:10:04,2025-07-02,-0.04,"49,951.14", Nfa Fee,USD,MESU5
DEMO4543231,239056647219,07/01/2025 19:10:04,2025-07-02,-0.70,"49,950.44", Commission,USD,MESU5
DEMO4543231,239056647225,07/01/2025 19:30:10,2025-07-02,-0.70,"49,949.74", Exchange Fee,USD,MESU5
DEMO4543231,239056647226,07/01/2025 19:30:10,2025-07-02,-0.38,"49,949.36", Clearing Fee,USD,MESU5
DEMO4543231,239056647227,07/01/2025 19:30:10,2025-07-02,-0.04,"49,949.32", Nfa Fee,USD,MESU5
DEMO4543231,239056647228,07/01/2025 19:30:10,2025-07-02,-0.70,"49,948.62", Commission,USD,MESU5
DEMO4543231,239056647231,07/01/2025 19:30:10,2025-07-02,20.00,"49,968.62", Trade Paired,USD,MESU5
DEMO4543231,239056647236,07/01/2025 20:10:06,2025-07-02,-0.70,"49,967.92", Exchange Fee,USD,MESU5
DEMO4543231,239056647237,07/01/2025 20:10:06,2025-07-02,-0.38,"49,967.54", Clearing Fee,USD,MESU5
DEMO4543231,239056647238,07/01/2025 20:10:06,2025-07-02,-0.04,"49,967.50", Nfa Fee,USD,MESU5
DEMO4543231,239056647239,07/01/2025 20:10:06,2025-07-02,-0.70,"49,966.80", Commission,USD,MESU5
DEMO4543231,239056647245,07/01/2025 20:40:07,2025-07-02,-0.70,"49,966.10", Exchange Fee,USD,MESU5
DEMO4543231,239056647246,07/01/2025 20:40:07,2025-07-02,-0.38,"49,965.72", Clearing Fee,USD,MESU5
DEMO4543231,239056647247,07/01/2025 20:40:07,2025-07-02,-0.04,"49,965.68", Nfa Fee,USD,MESU5
DEMO4543231,239056647248,07/01/2025 20:40:07,2025-07-02,-0.70,"49,964.98", Commission,USD,MESU5
DEMO4543231,239056647251,07/01/2025 20:40:07,2025-07-02,-15.00,"49,949.98", Trade Paired,USD,MESU5
DEMO4543231,239056647256,07/01/2025 20:45:03,2025-07-02,-0.70,"49,949.28", Exchange Fee,USD,MESU5
DEMO4543231,239056647257,07/01/2025 20:45:03,2025-07-02,-0.38,"49,948.90", Clearing Fee,USD,MESU5
DEMO4543231,239056647258,07/01/2025 20:45:03,2025-07-02,-0.04,"49,948.86", Nfa Fee,USD,MESU5
DEMO4543231,239056647259,07/01/2025 20:45:03,2025-07-02,-0.70,"49,948.16", Commission,USD,MESU5
DEMO4543231,239056647265,07/01/2025 21:40:09,2025-07-02,-0.70,"49,947.46", Exchange Fee,USD,MESU5
DEMO4543231,239056647266,07/01/2025 21:40:09,2025-07-02,-0.38,"49,947.08", Clearing Fee,USD,MESU5
DEMO4543231,239056647267,07/01/2025 21:40:09,2025-07-02,-0.04,"49,947.04", Nfa Fee,USD,MESU5
DEMO4543231,239056647268,07/01/2025 21:40:09,2025-07-02,-0.70,"49,946.34", Commission,USD,MESU5
DEMO4543231,239056647271,07/01/2025 21:40:09,2025-07-02,15.00,"49,961.34", Trade Paired,USD,MESU5
DEMO4543231,239056647276,07/01/2025 21:50:05,2025-07-02,-0.70,"49,960.64", Exchange Fee,USD,MESU5
DEMO4543231,239056647277,07/01/2025 21:50:05,2025-07-02,-0.38,"49,960.26", Clearing Fee,USD,MESU5
DEMO4543231,239056647278,07/01/2025 21:50:05,2025-07-02,-0.04,"49,960.22", Nfa Fee,USD,MESU5
DEMO4543231,239056647279,07/01/2025 21:50:05,2025-07-02,-0.70,"49,959.52", Commission,USD,MESU5
DEMO4543231,239056647285,07/01/2025 22:10:34,2025-07-02,-0.70,"49,958.82", Exchange Fee,USD,MESU5
DEMO4543231,239056647286,07/01/2025 22:10:34,2025-07-02,-0.38,"49,958.44", Clearing Fee,USD,MESU5
DEMO4543231,239056647287,07/01/2025 22:10:34,2025-07-02,-0.04,"49,958.40", Nfa Fee,USD,MESU5
DEMO4543231,239056647288,07/01/2025 22:10:34,2025-07-02,-0.70,"49,957.70", Commission,USD,MESU5
DEMO4543231,239056647291,07/01/2025 22:10:34,2025-07-02,40.00,"49,997.70", Trade Paired,USD,MESU5
DEMO4543231,239056647296,07/01/2025 22:20:00,2025-07-02,-0.35,"49,997.35", Exchange Fee,USD,MESU5
DEMO4543231,239056647297,07/01/2025 22:20:00,2025-07-02,-0.19,"49,997.16", Clearing Fee,USD,MESU5
DEMO4543231,239056647298,07/01/2025 22:20:00,2025-07-02,-0.02,"49,997.14", Nfa Fee,USD,MESU5
DEMO4543231,239056647299,07/01/2025 22:20:00,2025-07-02,-0.35,"49,996.79", Commission,USD,MESU5
DEMO4543231,239056647305,07/01/2025 22:38:40,2025-07-02,-0.35,"49,996.44", Exchange Fee,USD,MESU5
DEMO4543231,239056647306,07/01/2025 22:38:40,2025-07-02,-0.19,"49,996.25", Clearing Fee,USD,MESU5
DEMO4543231,239056647307,07/01/2025 22:38:40,2025-07-02,-0.02,"49,996.23", Nfa Fee,USD,MESU5
DEMO4543231,239056647308,07/01/2025 22:38:40,2025-07-02,-0.35,"49,995.88", Commission,USD,MESU5
DEMO4543231,239056647311,07/01/2025 22:38:40,2025-07-02,22.50,"50,018.38", Trade Paired,USD,MESU5
DEMO4543231,239056647316,07/01/2025 23:10:06,2025-07-02,-0.35,"50,018.03", Exchange Fee,USD,MESU5
DEMO4543231,239056647317,07/01/2025 23:10:06,2025-07-02,-0.19,"50,017.84", Clearing Fee,USD,MESU5
DEMO4543231,239056647318,07/01/2025 23:10:06,2025-07-02,-0.02,"50,017.82", Nfa Fee,USD,MESU5
DEMO4543231,239056647319,07/01/2025 23:10:06,2025-07-02,-0.35,"50,017.47", Commission,USD,MESU5
DEMO4543231,239056647325,07/01/2025 23:20:01,2025-07-02,-0.35,"50,017.12", Exchange Fee,USD,MESU5
DEMO4543231,239056647326,07/01/2025 23:20:01,2025-07-02,-0.19,"50,016.93", Clearing Fee,USD,MESU5
DEMO4543231,239056647327,07/01/2025 23:20:01,2025-07-02,-0.02,"50,016.91", Nfa Fee,USD,MESU5
DEMO4543231,239056647328,07/01/2025 23:20:01,2025-07-02,-0.35,"50,016.56", Commission,USD,MESU5
DEMO4543231,239056647336,07/02/2025 00:15:01,2025-07-02,-0.70,"50,015.86", Exchange Fee,USD,MESU5
DEMO4543231,239056647337,07/02/2025 00:15:01,2025-07-02,-0.38,"50,015.48", Clearing Fee,USD,MESU5
DEMO4543231,239056647338,07/02/2025 00:15:01,2025-07-02,-0.04,"50,015.44", Nfa Fee,USD,MESU5
DEMO4543231,239056647339,07/02/2025 00:15:01,2025-07-02,-0.70,"50,014.74", Commission,USD,MESU5
DEMO4543231,239056647345,07/02/2025 00:25:23,2025-07-02,-0.70,"50,014.04", Exchange Fee,USD,MESU5
DEMO4543231,239056647346,07/02/2025 00:25:23,2025-07-02,-0.38,"50,013.66", Clearing Fee,USD,MESU5
DEMO4543231,239056647347,07/02/2025 00:25:23,2025-07-02,-0.04,"50,013.62", Nfa Fee,USD,MESU5
DEMO4543231,239056647348,07/02/2025 00:25:23,2025-07-02,-0.70,"50,012.92", Commission,USD,MESU5
DEMO4543231,239056647351,07/02/2025 00:25:23,2025-07-02,55.00,"50,067.92", Trade Paired,USD,MESU5
DEMO4543231,239056647356,07/02/2025 00:45:03,2025-07-02,-0.35,"50,067.57", Exchange Fee,USD,MESU5
DEMO4543231,239056647357,07/02/2025 00:45:03,2025-07-02,-0.19,"50,067.38", Clearing Fee,USD,MESU5
DEMO4543231,239056647358,07/02/2025 00:45:03,2025-07-02,-0.02,"50,067.36", Nfa Fee,USD,MESU5
DEMO4543231,239056647359,07/02/2025 00:45:03,2025-07-02,-0.35,"50,067.01", Commission,USD,MESU5
DEMO4543231,239056647365,07/02/2025 01:10:04,2025-07-02,-0.35,"50,066.66", Exchange Fee,USD,MESU5
DEMO4543231,239056647366,07/02/2025 01:10:04,2025-07-02,-0.19,"50,066.47", Clearing Fee,USD,MESU5
DEMO4543231,239056647367,07/02/2025 01:10:04,2025-07-02,-0.02,"50,066.45", Nfa Fee,USD,MESU5
DEMO4543231,239056647368,07/02/2025 01:10:04,2025-07-02,-0.35,"50,066.10", Commission,USD,MESU5
DEMO4543231,239056647371,07/02/2025 01:10:04,2025-07-02,1.25,"50,067.35", Trade Paired,USD,MESU5
DEMO4543231,239056647376,07/02/2025 01:20:02,2025-07-02,-0.70,"50,066.65", Exchange Fee,USD,MESU5
DEMO4543231,239056647377,07/02/2025 01:20:02,2025-07-02,-0.38,"50,066.27", Clearing Fee,USD,MESU5
DEMO4543231,239056647378,07/02/2025 01:20:02,2025-07-02,-0.04,"50,066.23", Nfa Fee,USD,MESU5
DEMO4543231,239056647379,07/02/2025 01:20:02,2025-07-02,-0.70,"50,065.53", Commission,USD,MESU5
DEMO4543231,239056647385,07/02/2025 01:35:01,2025-07-02,-0.70,"50,064.83", Exchange Fee,USD,MESU5
DEMO4543231,239056647386,07/02/2025 01:35:01,2025-07-02,-0.38,"50,064.45", Clearing Fee,USD,MESU5
DEMO4543231,239056647387,07/02/2025 01:35:01,2025-07-02,-0.04,"50,064.41", Nfa Fee,USD,MESU5
DEMO4543231,239056647388,07/02/2025 01:35:01,2025-07-02,-0.70,"50,063.71", Commission,USD,MESU5
DEMO4543231,239056647391,07/02/2025 01:35:01,2025-07-02,-2.50,"50,061.21", Trade Paired,USD,MESU5
DEMO4543231,239056647396,07/02/2025 01:40:03,2025-07-02,-0.70,"50,060.51", Exchange Fee,USD,MESU5
DEMO4543231,239056647397,07/02/2025 01:40:03,2025-07-02,-0.38,"50,060.13", Clearing Fee,USD,MESU5
DEMO4543231,239056647398,07/02/2025 01:40:03,2025-07-02,-0.04,"50,060.09", Nfa Fee,USD,MESU5
DEMO4543231,239056647399,07/02/2025 01:40:03,2025-07-02,-0.70,"50,059.39", Commission,USD,MESU5
DEMO4543231,239056647405,07/02/2025 02:00:05,2025-07-02,-0.70,"50,058.69", Exchange Fee,USD,MESU5
DEMO4543231,239056647406,07/02/2025 02:00:05,2025-07-02,-0.38,"50,058.31", Clearing Fee,USD,MESU5
DEMO4543231,239056647407,07/02/2025 02:00:05,2025-07-02,-0.04,"50,058.27", Nfa Fee,USD,MESU5
DEMO4543231,239056647408,07/02/2025 02:00:05,2025-07-02,-0.70,"50,057.57", Commission,USD,MESU5
DEMO4543231,239056647411,07/02/2025 02:00:05,2025-07-02,-22.50,"50,035.07", Trade Paired,USD,MESU5
DEMO4543231,239056647416,07/02/2025 02:10:00,2025-07-02,-0.70,"50,034.37", Exchange Fee,USD,MESU5
DEMO4543231,239056647417,07/02/2025 02:10:00,2025-07-02,-0.38,"50,033.99", Clearing Fee,USD,MESU5
DEMO4543231,239056647418,07/02/2025 02:10:00,2025-07-02,-0.04,"50,033.95", Nfa Fee,USD,MESU5
DEMO4543231,239056647419,07/02/2025 02:10:00,2025-07-02,-0.70,"50,033.25", Commission,USD,MESU5
DEMO4543231,239056647425,07/02/2025 02:20:06,2025-07-02,-0.70,"50,032.55", Exchange Fee,USD,MESU5
DEMO4543231,239056647426,07/02/2025 02:20:06,2025-07-02,-0.38,"50,032.17", Clearing Fee,USD,MESU5
DEMO4543231,239056647427,07/02/2025 02:20:06,2025-07-02,-0.04,"50,032.13", Nfa Fee,USD,MESU5
DEMO4543231,239056647428,07/02/2025 02:20:06,2025-07-02,-0.70,"50,031.43", Commission,USD,MESU5
DEMO4543231,239056647431,07/02/2025 02:20:06,2025-07-02,-10.00,"50,021.43", Trade Paired,USD,MESU5
DEMO4543231,239056647436,07/02/2025 02:30:01,2025-07-02,-0.70,"50,020.73", Exchange Fee,USD,MESU5
DEMO4543231,239056647437,07/02/2025 02:30:01,2025-07-02,-0.38,"50,020.35", Clearing Fee,USD,MESU5
DEMO4543231,239056647438,07/02/2025 02:30:01,2025-07-02,-0.04,"50,020.31", Nfa Fee,USD,MESU5
DEMO4543231,239056647439,07/02/2025 02:30:01,2025-07-02,-0.70,"50,019.61", Commission,USD,MESU5
DEMO4543231,239056647445,07/02/2025 02:45:03,2025-07-02,-0.70,"50,018.91", Exchange Fee,USD,MESU5
DEMO4543231,239056647446,07/02/2025 02:45:03,2025-07-02,-0.38,"50,018.53", Clearing Fee,USD,MESU5
DEMO4543231,239056647447,07/02/2025 02:45:03,2025-07-02,-0.04,"50,018.49", Nfa Fee,USD,MESU5
DEMO4543231,239056647448,07/02/2025 02:45:03,2025-07-02,-0.70,"50,017.79", Commission,USD,MESU5
DEMO4543231,239056647451,07/02/2025 02:45:03,2025-07-02,-30.00,"49,987.79", Trade Paired,USD,MESU5
DEMO4543231,239056647456,07/02/2025 02:50:00,2025-07-02,-0.70,"49,987.09", Exchange Fee,USD,MESU5
DEMO4543231,239056647457,07/02/2025 02:50:00,2025-07-02,-0.38,"49,986.71", Clearing Fee,USD,MESU5
DEMO4543231,239056647458,07/02/2025 02:50:00,2025-07-02,-0.04,"49,986.67", Nfa Fee,USD,MESU5
DEMO4543231,239056647459,07/02/2025 02:50:00,2025-07-02,-0.70,"49,985.97", Commission,USD,MESU5
DEMO4543231,239056647465,07/02/2025 02:55:05,2025-07-02,-0.70,"49,985.27", Exchange Fee,USD,MESU5
DEMO4543231,239056647466,07/02/2025 02:55:05,2025-07-02,-0.38,"49,984.89", Clearing Fee,USD,MESU5
DEMO4543231,239056647467,07/02/2025 02:55:05,2025-07-02,-0.04,"49,984.85", Nfa Fee,USD,MESU5
DEMO4543231,239056647468,07/02/2025 02:55:05,2025-07-02,-0.70,"49,984.15", Commission,USD,MESU5
DEMO4543231,239056647471,07/02/2025 02:55:05,2025-07-02,-7.50,"49,976.65", Trade Paired,USD,MESU5
DEMO4543231,239056647476,07/02/2025 03:05:03,2025-07-02,-0.70,"49,975.95", Exchange Fee,USD,MESU5
DEMO4543231,239056647477,07/02/2025 03:05:03,2025-07-02,-0.38,"49,975.57", Clearing Fee,USD,MESU5
DEMO4543231,239056647478,07/02/2025 03:05:03,2025-07-02,-0.04,"49,975.53", Nfa Fee,USD,MESU5
DEMO4543231,239056647479,07/02/2025 03:05:03,2025-07-02,-0.70,"49,974.83", Commission,USD,MESU5
DEMO4543231,239056647485,07/02/2025 03:22:35,2025-07-02,-0.70,"49,974.13", Exchange Fee,USD,MESU5
DEMO4543231,239056647486,07/02/2025 03:22:35,2025-07-02,-0.38,"49,973.75", Clearing Fee,USD,MESU5
DEMO4543231,239056647487,07/02/2025 03:22:35,2025-07-02,-0.04,"49,973.71", Nfa Fee,USD,MESU5
DEMO4543231,239056647488,07/02/2025 03:22:35,2025-07-02,-0.70,"49,973.01", Commission,USD,MESU5
DEMO4543231,239056647491,07/02/2025 03:22:35,2025-07-02,55.00,"50,028.01", Trade Paired,USD,MESU5
DEMO4543231,239056647496,07/02/2025 03:30:02,2025-07-02,-0.35,"50,027.66", Exchange Fee,USD,MESU5
DEMO4543231,239056647497,07/02/2025 03:30:02,2025-07-02,-0.19,"50,027.47", Clearing Fee,USD,MESU5
DEMO4543231,239056647498,07/02/2025 03:30:02,2025-07-02,-0.02,"50,027.45", Nfa Fee,USD,MESU5
DEMO4543231,239056647499,07/02/2025 03:30:02,2025-07-02,-0.35,"50,027.10", Commission,USD,MESU5
DEMO4543231,239056647505,07/02/2025 03:35:03,2025-07-02,-0.35,"50,026.75", Exchange Fee,USD,MESU5
DEMO4543231,239056647506,07/02/2025 03:35:03,2025-07-02,-0.19,"50,026.56", Clearing Fee,USD,MESU5
DEMO4543231,239056647507,07/02/2025 03:35:03,2025-07-02,-0.02,"50,026.54", Nfa Fee,USD,MESU5
DEMO4543231,239056647508,07/02/2025 03:35:03,2025-07-02,-0.35,"50,026.19", Commission,USD,MESU5
DEMO4543231,239056647511,07/02/2025 03:35:03,2025-07-02,-3.75,"50,022.44", Trade Paired,USD,MESU5
DEMO4543231,239056647516,07/02/2025 03:50:07,2025-07-02,-0.35,"50,022.09", Exchange Fee,USD,MESU5
DEMO4543231,239056647517,07/02/2025 03:50:07,2025-07-02,-0.19,"50,021.90", Clearing Fee,USD,MESU5
DEMO4543231,239056647518,07/02/2025 03:50:07,2025-07-02,-0.02,"50,021.88", Nfa Fee,USD,MESU5
DEMO4543231,239056647519,07/02/2025 03:50:07,2025-07-02,-0.35,"50,021.53", Commission,USD,MESU5
DEMO4543231,239056647525,07/02/2025 04:00:00,2025-07-02,-0.35,"50,021.18", Exchange Fee,USD,MESU5
DEMO4543231,239056647526,07/02/2025 04:00:00,2025-07-02,-0.19,"50,020.99", Clearing Fee,USD,MESU5
DEMO4543231,239056647527,07/02/2025 04:00:00,2025-07-02,-0.02,"50,020.97", Nfa Fee,USD,MESU5
DEMO4543231,239056647528,07/02/2025 04:00:00,2025-07-02,-0.35,"50,020.62", Commission,USD,MESU5
DEMO4543231,239056647531,07/02/2025 04:00:00,2025-07-02,-1.25,"50,019.37", Trade Paired,USD,MESU5
DEMO4543231,239056647536,07/02/2025 04:15:00,2025-07-02,-0.70,"50,018.67", Exchange Fee,USD,MESU5
DEMO4543231,239056647537,07/02/2025 04:15:00,2025-07-02,-0.38,"50,018.29", Clearing Fee,USD,MESU5
DEMO4543231,239056647538,07/02/2025 04:15:00,2025-07-02,-0.04,"50,018.25", Nfa Fee,USD,MESU5
DEMO4543231,239056647539,07/02/2025 04:15:00,2025-07-02,-0.70,"50,017.55", Commission,USD,MESU5
DEMO4543231,239056647545,07/02/2025 04:26:57,2025-07-02,-0.70,"50,016.85", Exchange Fee,USD,MESU5
DEMO4543231,239056647546,07/02/2025 04:26:57,2025-07-02,-0.38,"50,016.47", Clearing Fee,USD,MESU5
DEMO4543231,239056647547,07/02/2025 04:26:57,2025-07-02,-0.04,"50,016.43", Nfa Fee,USD,MESU5
DEMO4543231,239056647548,07/02/2025 04:26:57,2025-07-02,-0.70,"50,015.73", Commission,USD,MESU5
DEMO4543231,239056647551,07/02/2025 04:26:57,2025-07-02,40.00,"50,055.73", Trade Paired,USD,MESU5
DEMO4543231,239056647556,07/02/2025 04:45:11,2025-07-02,-0.35,"50,055.38", Exchange Fee,USD,MESU5
DEMO4543231,239056647557,07/02/2025 04:45:11,2025-07-02,-0.19,"50,055.19", Clearing Fee,USD,MESU5
DEMO4543231,239056647558,07/02/2025 04:45:11,2025-07-02,-0.02,"50,055.17", Nfa Fee,USD,MESU5
DEMO4543231,239056647559,07/02/2025 04:45:11,2025-07-02,-0.35,"50,054.82", Commission,USD,MESU5
DEMO4543231,239056647565,07/02/2025 04:50:03,2025-07-02,-0.35,"50,054.47", Exchange Fee,USD,MESU5
DEMO4543231,239056647566,07/02/2025 04:50:03,2025-07-02,-0.19,"50,054.28", Clearing Fee,USD,MESU5
DEMO4543231,239056647567,07/02/2025 04:50:03,2025-07-02,-0.02,"50,054.26", Nfa Fee,USD,MESU5
DEMO4543231,239056647568,07/02/2025 04:50:03,2025-07-02,-0.35,"50,053.91", Commission,USD,MESU5
DEMO4543231,239056647571,07/02/2025 04:50:03,2025-07-02,-12.50,"50,041.41", Trade Paired,USD,MESU5
DEMO4543231,239056647576,07/02/2025 04:55:04,2025-07-02,-0.70,"50,040.71", Exchange Fee,USD,MESU5
DEMO4543231,239056647577,07/02/2025 04:55:04,2025-07-02,-0.38,"50,040.33", Clearing Fee,USD,MESU5
DEMO4543231,239056647578,07/02/2025 04:55:04,2025-07-02,-0.04,"50,040.29", Nfa Fee,USD,MESU5
DEMO4543231,239056647579,07/02/2025 04:55:04,2025-07-02,-0.70,"50,039.59", Commission,USD,MESU5
DEMO4543231,239056647585,07/02/2025 05:15:04,2025-07-02,-0.70,"50,038.89", Exchange Fee,USD,MESU5
DEMO4543231,239056647586,07/02/2025 05:15:04,2025-07-02,-0.38,"50,038.51", Clearing Fee,USD,MESU5
DEMO4543231,239056647587,07/02/2025 05:15:04,2025-07-02,-0.04,"50,038.47", Nfa Fee,USD,MESU5
DEMO4543231,239056647588,07/02/2025 05:15:04,2025-07-02,-0.70,"50,037.77", Commission,USD,MESU5
DEMO4543231,239056647591,07/02/2025 05:15:04,2025-07-02,7.50,"50,045.27", Trade Paired,USD,MESU5
DEMO4543231,239056647596,07/02/2025 05:40:00,2025-07-02,-0.70,"50,044.57", Exchange Fee,USD,MESU5
DEMO4543231,239056647597,07/02/2025 05:40:00,2025-07-02,-0.38,"50,044.19", Clearing Fee,USD,MESU5
DEMO4543231,239056647598,07/02/2025 05:40:00,2025-07-02,-0.04,"50,044.15", Nfa Fee,USD,MESU5
DEMO4543231,239056647599,07/02/2025 05:40:00,2025-07-02,-0.70,"50,043.45", Commission,USD,MESU5
DEMO4543231,239056647605,07/02/2025 05:45:01,2025-07-02,-0.70,"50,042.75", Exchange Fee,USD,MESU5
DEMO4543231,239056647606,07/02/2025 05:45:01,2025-07-02,-0.38,"50,042.37", Clearing Fee,USD,MESU5
DEMO4543231,239056647607,07/02/2025 05:45:01,2025-07-02,-0.04,"50,042.33", Nfa Fee,USD,MESU5
DEMO4543231,239056647608,07/02/2025 05:45:01,2025-07-02,-0.70,"50,041.63", Commission,USD,MESU5
DEMO4543231,239056647611,07/02/2025 05:45:01,2025-07-02,-30.00,"50,011.63", Trade Paired,USD,MESU5
DEMO4543231,239056647616,07/02/2025 05:55:07,2025-07-02,-0.70,"50,010.93", Exchange Fee,USD,MESU5
DEMO4543231,239056647617,07/02/2025 05:55:07,2025-07-02,-0.38,"50,010.55", Clearing Fee,USD,MESU5
DEMO4543231,239056647618,07/02/2025 05:55:07,2025-07-02,-0.04,"50,010.51", Nfa Fee,USD,MESU5
DEMO4543231,239056647619,07/02/2025 05:55:07,2025-07-02,-0.70,"50,009.81", Commission,USD,MESU5
DEMO4543231,239056647625,07/02/2025 06:00:21,2025-07-02,-0.70,"50,009.11", Exchange Fee,USD,MESU5
DEMO4543231,239056647626,07/02/2025 06:00:21,2025-07-02,-0.38,"50,008.73", Clearing Fee,USD,MESU5
DEMO4543231,239056647627,07/02/2025 06:00:21,2025-07-02,-0.04,"50,008.69", Nfa Fee,USD,MESU5
DEMO4543231,239056647628,07/02/2025 06:00:21,2025-07-02,-0.70,"50,007.99", Commission,USD,MESU5
DEMO4543231,239056647631,07/02/2025 06:00:21,2025-07-02,-5.00,"50,002.99", Trade Paired,USD,MESU5
DEMO4543231,239056647636,07/02/2025 06:05:00,2025-07-02,-0.70,"50,002.29", Exchange Fee,USD,MESU5
DEMO4543231,239056647637,07/02/2025 06:05:00,2025-07-02,-0.38,"50,001.91", Clearing Fee,USD,MESU5
DEMO4543231,239056647638,07/02/2025 06:05:00,2025-07-02,-0.04,"50,001.87", Nfa Fee,USD,MESU5
DEMO4543231,239056647639,07/02/2025 06:05:00,2025-07-02,-0.70,"50,001.17", Commission,USD,MESU5
DEMO4543231,239056647645,07/02/2025 06:35:05,2025-07-02,-0.70,"50,000.47", Exchange Fee,USD,MESU5
DEMO4543231,239056647646,07/02/2025 06:35:05,2025-07-02,-0.38,"50,000.09", Clearing Fee,USD,MESU5
DEMO4543231,239056647647,07/02/2025 06:35:05,2025-07-02,-0.04,"50,000.05", Nfa Fee,USD,MESU5
DEMO4543231,239056647648,07/02/2025 06:35:05,2025-07-02,-0.70,"49,999.35", Commission,USD,MESU5
DEMO4543231,239056647651,07/02/2025 06:35:05,2025-07-02,15.00,"50,014.35", Trade Paired,USD,MESU5
DEMO4543231,239056647656,07/02/2025 06:40:05,2025-07-02,-0.70,"50,013.65", Exchange Fee,USD,MESU5
DEMO4543231,239056647657,07/02/2025 06:40:05,2025-07-02,-0.38,"50,013.27", Clearing Fee,USD,MESU5
DEMO4543231,239056647658,07/02/2025 06:40:05,2025-07-02,-0.04,"50,013.23", Nfa Fee,USD,MESU5
DEMO4543231,239056647659,07/02/2025 06:40:05,2025-07-02,-0.70,"50,012.53", Commission,USD,MESU5
DEMO4543231,239056647665,07/02/2025 06:45:02,2025-07-02,-0.50,"50,012.03", Exchange Fee,USD,MGCQ5
DEMO4543231,239056647666,07/02/2025 06:45:02,2025-07-02,-0.19,"50,011.84", Clearing Fee,USD,MGCQ5
DEMO4543231,239056647667,07/02/2025 06:45:02,2025-07-02,-0.02,"50,011.82", Nfa Fee,USD,MGCQ5
DEMO4543231,239056647668,07/02/2025 06:45:02,2025-07-02,-0.35,"50,011.47", Commission,USD,MGCQ5
DEMO4543231,239056647674,07/02/2025 06:45:05,2025-07-02,-0.19,"50,011.28", Clearing Fee,USD,MCLQ5
DEMO4543231,239056647675,07/02/2025 06:45:05,2025-07-02,-0.35,"50,010.93", Commission,USD,MCLQ5
DEMO4543231,239056647681,07/02/2025 06:48:04,2025-07-02,-2.30,"50,008.63", Exchange Fee,USD,MBTN5
DEMO4543231,239056647682,07/02/2025 06:48:04,2025-07-02,-0.38,"50,008.25", Clearing Fee,USD,MBTN5
DEMO4543231,239056647683,07/02/2025 06:48:04,2025-07-02,-0.04,"50,008.21", Nfa Fee,USD,MBTN5
DEMO4543231,239056647684,07/02/2025 06:48:04,2025-07-02,-0.70,"50,007.51", Commission,USD,MBTN5
DEMO4543231,239056647691,07/02/2025 06:57:13,2025-07-02,-2.30,"50,005.21", Exchange Fee,USD,MBTN5
DEMO4543231,239056647692,07/02/2025 06:57:13,2025-07-02,-0.38,"50,004.83", Clearing Fee,USD,MBTN5
DEMO4543231,239056647693,07/02/2025 06:57:13,2025-07-02,-0.04,"50,004.79", Nfa Fee,USD,MBTN5
DEMO4543231,239056647694,07/02/2025 06:57:13,2025-07-02,-0.70,"50,004.09", Commission,USD,MBTN5
DEMO4543231,239056647697,07/02/2025 06:57:13,2025-07-02,-6.00,"49,998.09", Trade Paired,USD,MBTN5
DEMO4543231,239056647702,07/02/2025 06:57:52,2025-07-02,-0.50,"49,997.59", Exchange Fee,USD,MGCQ5
DEMO4543231,239056647703,07/02/2025 06:57:52,2025-07-02,-0.19,"49,997.40", Clearing Fee,USD,MGCQ5
DEMO4543231,239056647704,07/02/2025 06:57:52,2025-07-02,-0.02,"49,997.38", Nfa Fee,USD,MGCQ5
DEMO4543231,239056647705,07/02/2025 06:57:52,2025-07-02,-0.35,"49,997.03", Commission,USD,MGCQ5
DEMO4543231,239056647708,07/02/2025 06:57:52,2025-07-02,-16.00,"49,981.03", Trade Paired,USD,MGCQ5
DEMO4543231,239056647713,07/02/2025 07:00:01,2025-07-02,-0.70,"49,980.33", Exchange Fee,USD,MESU5
DEMO4543231,239056647714,07/02/2025 07:00:01,2025-07-02,-0.38,"49,979.95", Clearing Fee,USD,MESU5
DEMO4543231,239056647715,07/02/2025 07:00:01,2025-07-02,-0.04,"49,979.91", Nfa Fee,USD,MESU5
DEMO4543231,239056647716,07/02/2025 07:00:01,2025-07-02,-0.70,"49,979.21", Commission,USD,MESU5
DEMO4543231,239056647719,07/02/2025 07:00:01,2025-07-02,-15.00,"49,964.21", Trade Paired,USD,MESU5
DEMO4543231,239056647724,07/02/2025 07:03:02,2025-07-02,-0.50,"49,963.71", Exchange Fee,USD,MGCQ5
DEMO4543231,239056647725,07/02/2025 07:03:02,2025-07-02,-0.19,"49,963.52", Clearing Fee,USD,MGCQ5
DEMO4543231,239056647726,07/02/2025 07:03:02,2025-07-02,-0.02,"49,963.50", Nfa Fee,USD,MGCQ5
DEMO4543231,239056647727,07/02/2025 07:03:02,2025-07-02,-0.35,"49,963.15", Commission,USD,MGCQ5
DEMO4543231,239056647733,07/02/2025 07:05:43,2025-07-02,-0.50,"49,962.65", Exchange Fee,USD,MGCQ5
DEMO4543231,239056647734,07/02/2025 07:05:43,2025-07-02,-0.19,"49,962.46", Clearing Fee,USD,MGCQ5
DEMO4543231,239056647735,07/02/2025 07:05:43,2025-07-02,-0.02,"49,962.44", Nfa Fee,USD,MGCQ5
DEMO4543231,239056647736,07/02/2025 07:05:43,2025-07-02,-0.35,"49,962.09", Commission,USD,MGCQ5
DEMO4543231,239056647739,07/02/2025 07:05:43,2025-07-02,-11.00,"49,951.09", Trade Paired,USD,MGCQ5
DEMO4543231,239056647744,07/02/2025 07:06:03,2025-07-02,-0.50,"49,950.59", Exchange Fee,USD,MGCQ5
DEMO4543231,239056647745,07/02/2025 07:06:03,2025-07-02,-0.19,"49,950.40", Clearing Fee,USD,MGCQ5
DEMO4543231,239056647746,07/02/2025 07:06:03,2025-07-02,-0.02,"49,950.38", Nfa Fee,USD,MGCQ5
DEMO4543231,239056647747,07/02/2025 07:06:03,2025-07-02,-0.35,"49,950.03", Commission,USD,MGCQ5
DEMO4543231,239056647753,07/02/2025 07:07:03,2025-07-02,-0.50,"49,949.53", Exchange Fee,USD,MGCQ5
DEMO4543231,239056647754,07/02/2025 07:07:03,2025-07-02,-0.19,"49,949.34", Clearing Fee,USD,MGCQ5
DEMO4543231,239056647755,07/02/2025 07:07:03,2025-07-02,-0.02,"49,949.32", Nfa Fee,USD,MGCQ5
DEMO4543231,239056647756,07/02/2025 07:07:03,2025-07-02,-0.35,"49,948.97", Commission,USD,MGCQ5
DEMO4543231,239056647759,07/02/2025 07:07:03,2025-07-02,10.00,"49,958.97", Trade Paired,USD,MGCQ5
DEMO4543231,239056647764,07/02/2025 07:12:04,2025-07-02,-0.50,"49,958.47", Exchange Fee,USD,MGCQ5
DEMO4543231,239056647765,07/02/2025 07:12:04,2025-07-02,-0.19,"49,958.28", Clearing Fee,USD,MGCQ5
DEMO4543231,239056647766,07/02/2025 07:12:04,2025-07-02,-0.02,"49,958.26", Nfa Fee,USD,MGCQ5
DEMO4543231,239056647767,07/02/2025 07:12:04,2025-07-02,-0.35,"49,957.91", Commission,USD,MGCQ5
DEMO4543231,239056647773,07/02/2025 07:12:24,2025-07-02,-1.15,"49,956.76", Exchange Fee,USD,MBTN5
DEMO4543231,239056647774,07/02/2025 07:12:24,2025-07-02,-0.19,"49,956.57", Clearing Fee,USD,MBTN5
DEMO4543231,239056647775,07/02/2025 07:12:24,2025-07-02,-0.02,"49,956.55", Nfa Fee,USD,MBTN5
DEMO4543231,239056647776,07/02/2025 07:12:24,2025-07-02,-0.35,"49,956.20", Commission,USD,MBTN5
DEMO4543231,239056647782,07/02/2025 07:14:22,2025-07-02,-1.15,"49,955.05", Exchange Fee,USD,MBTN5
DEMO4543231,239056647783,07/02/2025 07:14:22,2025-07-02,-0.19,"49,954.86", Clearing Fee,USD,MBTN5
DEMO4543231,239056647784,07/02/2025 07:14:22,2025-07-02,-0.02,"49,954.84", Nfa Fee,USD,MBTN5
DEMO4543231,239056647785,07/02/2025 07:14:22,2025-07-02,-0.35,"49,954.49", Commission,USD,MBTN5
DEMO4543231,239056647788,07/02/2025 07:14:22,2025-07-02,2.50,"49,956.99", Trade Paired,USD,MBTN5
DEMO4543231,239056647793,07/02/2025 07:15:02,2025-07-02,-0.70,"49,956.29", Exchange Fee,USD,MESU5
DEMO4543231,239056647794,07/02/2025 07:15:02,2025-07-02,-0.38,"49,955.91", Clearing Fee,USD,MESU5
DEMO4543231,239056647795,07/02/2025 07:15:02,2025-07-02,-0.04,"49,955.87", Nfa Fee,USD,MESU5
DEMO4543231,239056647796,07/02/2025 07:15:02,2025-07-02,-0.70,"49,955.17", Commission,USD,MESU5
DEMO4543231,239056647802,07/02/2025 07:16:05,2025-07-02,-0.50,"49,954.67", Exchange Fee,USD,MGCQ5
DEMO4543231,239056647803,07/02/2025 07:16:05,2025-07-02,-0.19,"49,954.48", Clearing Fee,USD,MGCQ5
DEMO4543231,239056647804,07/02/2025 07:16:05,2025-07-02,-0.02,"49,954.46", Nfa Fee,USD,MGCQ5
DEMO4543231,239056647805,07/02/2025 07:16:05,2025-07-02,-0.35,"49,954.11", Commission,USD,MGCQ5
DEMO4543231,239056647808,07/02/2025 07:16:05,2025-07-02,-13.00,"49,941.11", Trade Paired,USD,MGCQ5
DEMO4543231,239056647813,07/02/2025 07:18:02,2025-07-02,-0.50,"49,940.61", Exchange Fee,USD,MGCQ5
DEMO4543231,239056647814,07/02/2025 07:18:02,2025-07-02,-0.19,"49,940.42", Clearing Fee,USD,MGCQ5
DEMO4543231,239056647815,07/02/2025 07:18:02,2025-07-02,-0.02,"49,940.40", Nfa Fee,USD,MGCQ5
DEMO4543231,239056647816,07/02/2025 07:18:02,2025-07-02,-0.35,"49,940.05", Commission,USD,MGCQ5
DEMO4543231,239056647822,07/02/2025 07:18:03,2025-07-02,-1.15,"49,938.90", Exchange Fee,USD,MBTN5
DEMO4543231,239056647823,07/02/2025 07:18:03,2025-07-02,-0.19,"49,938.71", Clearing Fee,USD,MBTN5
DEMO4543231,239056647824,07/02/2025 07:18:03,2025-07-02,-0.02,"49,938.69", Nfa Fee,USD,MBTN5
DEMO4543231,239056647825,07/02/2025 07:18:03,2025-07-02,-0.35,"49,938.34", Commission,USD,MBTN5
DEMO4543231,239056647831,07/02/2025 07:18:48,2025-07-02,-1.15,"49,937.19", Exchange Fee,USD,MBTN5
DEMO4543231,239056647832,07/02/2025 07:18:48,2025-07-02,-0.19,"49,937.00", Clearing Fee,USD,MBTN5
DEMO4543231,239056647833,07/02/2025 07:18:48,2025-07-02,-0.02,"49,936.98", Nfa Fee,USD,MBTN5
DEMO4543231,239056647834,07/02/2025 07:18:48,2025-07-02,-0.35,"49,936.63", Commission,USD,MBTN5
DEMO4543231,239056647837,07/02/2025 07:18:48,2025-07-02,-5.50,"49,931.13", Trade Paired,USD,MBTN5
DEMO4543231,239056647842,07/02/2025 07:20:30,2025-07-02,-0.50,"49,930.63", Exchange Fee,USD,MGCQ5
DEMO4543231,239056647843,07/02/2025 07:20:30,2025-07-02,-0.19,"49,930.44", Clearing Fee,USD,MGCQ5
DEMO4543231,239056647844,07/02/2025 07:20:30,2025-07-02,-0.02,"49,930.42", Nfa Fee,USD,MGCQ5
DEMO4543231,239056647845,07/02/2025 07:20:30,2025-07-02,-0.35,"49,930.07", Commission,USD,MGCQ5
DEMO4543231,239056647848,07/02/2025 07:20:30,2025-07-02,-11.00,"49,919.07", Trade Paired,USD,MGCQ5
DEMO4543231,239056647853,07/02/2025 07:21:01,2025-07-02,-0.50,"49,918.57", Exchange Fee,USD,MGCQ5
DEMO4543231,239056647854,07/02/2025 07:21:01,2025-07-02,-0.19,"49,918.38", Clearing Fee,USD,MGCQ5
DEMO4543231,239056647855,07/02/2025 07:21:01,2025-07-02,-0.02,"49,918.36", Nfa Fee,USD,MGCQ5
DEMO4543231,239056647856,07/02/2025 07:21:01,2025-07-02,-0.35,"49,918.01", Commission,USD,MGCQ5
DEMO4543231,239056647862,07/02/2025 07:21:13,2025-07-02,-1.15,"49,916.86", Exchange Fee,USD,MBTN5
DEMO4543231,239056647863,07/02/2025 07:21:13,2025-07-02,-0.19,"49,916.67", Clearing Fee,USD,MBTN5
DEMO4543231,239056647864,07/02/2025 07:21:13,2025-07-02,-0.02,"49,916.65", Nfa Fee,USD,MBTN5
DEMO4543231,239056647865,07/02/2025 07:21:13,2025-07-02,-0.35,"49,916.30", Commission,USD,MBTN5
DEMO4543231,239056647871,07/02/2025 07:22:44,2025-07-02,-1.15,"49,915.15", Exchange Fee,USD,MBTN5
DEMO4543231,239056647872,07/02/2025 07:22:44,2025-07-02,-0.19,"49,914.96", Clearing Fee,USD,MBTN5
DEMO4543231,239056647873,07/02/2025 07:22:44,2025-07-02,-0.02,"49,914.94", Nfa Fee,USD,MBTN5
DEMO4543231,239056647874,07/02/2025 07:22:44,2025-07-02,-0.35,"49,914.59", Commission,USD,MBTN5
DEMO4543231,239056647877,07/02/2025 07:22:44,2025-07-02,-6.00,"49,908.59", Trade Paired,USD,MBTN5
DEMO4543231,239056647882,07/02/2025 07:22:46,2025-07-02,-0.50,"49,908.09", Exchange Fee,USD,MGCQ5
DEMO4543231,239056647883,07/02/2025 07:22:46,2025-07-02,-0.19,"49,907.90", Clearing Fee,USD,MGCQ5
DEMO4543231,239056647884,07/02/2025 07:22:46,2025-07-02,-0.02,"49,907.88", Nfa Fee,USD,MGCQ5
DEMO4543231,239056647885,07/02/2025 07:22:46,2025-07-02,-0.35,"49,907.53", Commission,USD,MGCQ5
DEMO4543231,239056647888,07/02/2025 07:22:46,2025-07-02,9.00,"49,916.53", Trade Paired,USD,MGCQ5
DEMO4543231,239056647893,07/02/2025 07:24:04,2025-07-02,-1.15,"49,915.38", Exchange Fee,USD,MBTN5
DEMO4543231,239056647894,07/02/2025 07:24:04,2025-07-02,-0.19,"49,915.19", Clearing Fee,USD,MBTN5
DEMO4543231,239056647895,07/02/2025 07:24:04,2025-07-02,-0.02,"49,915.17", Nfa Fee,USD,MBTN5
DEMO4543231,239056647896,07/02/2025 07:24:04,2025-07-02,-0.35,"49,914.82", Commission,USD,MBTN5
DEMO4543231,239056647902,07/02/2025 07:24:11,2025-07-02,-0.19,"49,914.63", Clearing Fee,USD,MCLQ5
DEMO4543231,239056647903,07/02/2025 07:24:11,2025-07-02,-0.35,"49,914.28", Commission,USD,MCLQ5
DEMO4543231,239056647906,07/02/2025 07:24:11,2025-07-02,13.00,"49,927.28", Trade Paired,USD,MCLQ5
DEMO4543231,239056647911,07/02/2025 07:27:11,2025-07-02,-1.15,"49,926.13", Exchange Fee,USD,MBTN5
DEMO4543231,239056647912,07/02/2025 07:27:11,2025-07-02,-0.19,"49,925.94", Clearing Fee,USD,MBTN5
DEMO4543231,239056647913,07/02/2025 07:27:11,2025-07-02,-0.02,"49,925.92", Nfa Fee,USD,MBTN5
DEMO4543231,239056647914,07/02/2025 07:27:11,2025-07-02,-0.35,"49,925.57", Commission,USD,MBTN5
DEMO4543231,239056647917,07/02/2025 07:27:11,2025-07-02,-1.50,"49,924.07", Trade Paired,USD,MBTN5
DEMO4543231,239056647922,07/02/2025 07:30:07,2025-07-02,-0.38,"49,923.69", Clearing Fee,USD,MCLQ5
DEMO4543231,239056647923,07/02/2025 07:30:07,2025-07-02,-0.70,"49,922.99", Commission,USD,MCLQ5
DEMO4543231,239056647929,07/02/2025 07:30:07,2025-07-02,-0.50,"49,922.49", Exchange Fee,USD,MGCQ5
DEMO4543231,239056647930,07/02/2025 07:30:07,2025-07-02,-0.19,"49,922.30", Clearing Fee,USD,MGCQ5
DEMO4543231,239056647931,07/02/2025 07:30:07,2025-07-02,-0.02,"49,922.28", Nfa Fee,USD,MGCQ5
DEMO4543231,239056647932,07/02/2025 07:30:07,2025-07-02,-0.35,"49,921.93", Commission,USD,MGCQ5
DEMO4543231,239056647938,07/02/2025 07:30:13,2025-07-02,-0.70,"49,921.23", Exchange Fee,USD,MESU5
DEMO4543231,239056647939,07/02/2025 07:30:13,2025-07-02,-0.38,"49,920.85", Clearing Fee,USD,MESU5
DEMO4543231,239056647940,07/02/2025 07:30:13,2025-07-02,-0.04,"49,920.81", Nfa Fee,USD,MESU5
DEMO4543231,239056647941,07/02/2025 07:30:13,2025-07-02,-0.70,"49,920.11", Commission,USD,MESU5
DEMO4543231,239056647944,07/02/2025 07:30:13,2025-07-02,-20.00,"49,900.11", Trade Paired,USD,MESU5
DEMO4543231,239056647949,07/02/2025 07:32:09,2025-07-02,-0.50,"49,899.61", Exchange Fee,USD,MGCQ5
DEMO4543231,239056647950,07/02/2025 07:32:09,2025-07-02,-0.19,"49,899.42", Clearing Fee,USD,MGCQ5
DEMO4543231,239056647951,07/02/2025 07:32:09,2025-07-02,-0.02,"49,899.40", Nfa Fee,USD,MGCQ5
DEMO4543231,239056647952,07/02/2025 07:32:09,2025-07-02,-0.35,"49,899.05", Commission,USD,MGCQ5
DEMO4543231,239056647955,07/02/2025 07:32:09,2025-07-02,-9.00,"49,890.05", Trade Paired,USD,MGCQ5
DEMO4543231,239056647960,07/02/2025 07:32:39,2025-07-02,-0.38,"49,889.67", Clearing Fee,USD,MCLQ5
DEMO4543231,239056647961,07/02/2025 07:32:39,2025-07-02,-0.70,"49,888.97", Commission,USD,MCLQ5
DEMO4543231,239056647965,07/02/2025 07:33:05,2025-07-02,111.03,"50,000.00", Fund Transaction,USD,
DEMO4543231,239056647970,07/02/2025 07:40:16,2025-07-02,-0.35,"49,999.65", Exchange Fee,USD,MESU5
DEMO4543231,239056647971,07/02/2025 07:40:16,2025-07-02,-0.19,"49,999.46", Clearing Fee,USD,MESU5
DEMO4543231,239056647972,07/02/2025 07:40:16,2025-07-02,-0.02,"49,999.44", Nfa Fee,USD,MESU5
DEMO4543231,239056647973,07/02/2025 07:40:16,2025-07-02,-0.35,"49,999.09", Commission,USD,MESU5
DEMO4543231,239056647979,07/02/2025 07:45:03,2025-07-02,-1.15,"49,997.94", Exchange Fee,USD,MBTN5
DEMO4543231,239056647980,07/02/2025 07:45:03,2025-07-02,-0.19,"49,997.75", Clearing Fee,USD,MBTN5
DEMO4543231,239056647981,07/02/2025 07:45:03,2025-07-02,-0.02,"49,997.73", Nfa Fee,USD,MBTN5
DEMO4543231,239056647982,07/02/2025 07:45:03,2025-07-02,-0.35,"49,997.38", Commission,USD,MBTN5
DEMO4543231,239056647988,07/02/2025 07:45:04,2025-07-02,-0.50,"49,996.88", Exchange Fee,USD,MGCQ5
DEMO4543231,239056647989,07/02/2025 07:45:04,2025-07-02,-0.19,"49,996.69", Clearing Fee,USD,MGCQ5
DEMO4543231,239056647990,07/02/2025 07:45:04,2025-07-02,-0.02,"49,996.67", Nfa Fee,USD,MGCQ5
DEMO4543231,239056647991,07/02/2025 07:45:04,2025-07-02,-0.35,"49,996.32", Commission,USD,MGCQ5
DEMO4543231,239056647997,07/02/2025 07:45:21,2025-07-02,-0.50,"49,995.82", Exchange Fee,USD,MGCQ5
DEMO4543231,239056647998,07/02/2025 07:45:21,2025-07-02,-0.19,"49,995.63", Clearing Fee,USD,MGCQ5
DEMO4543231,239056647999,07/02/2025 07:45:21,2025-07-02,-0.02,"49,995.61", Nfa Fee,USD,MGCQ5
DEMO4543231,239056648000,07/02/2025 07:45:21,2025-07-02,-0.35,"49,995.26", Commission,USD,MGCQ5
DEMO4543231,239056648003,07/02/2025 07:45:21,2025-07-02,-6.00,"49,989.26", Trade Paired,USD,MGCQ5
DEMO4543231,239056648008,07/02/2025 07:46:05,2025-07-02,-1.15,"49,988.11", Exchange Fee,USD,MBTN5
DEMO4543231,239056648009,07/02/2025 07:46:05,2025-07-02,-0.19,"49,987.92", Clearing Fee,USD,MBTN5
DEMO4543231,239056648010,07/02/2025 07:46:05,2025-07-02,-0.02,"49,987.90", Nfa Fee,USD,MBTN5
DEMO4543231,239056648011,07/02/2025 07:46:05,2025-07-02,-0.35,"49,987.55", Commission,USD,MBTN5
DEMO4543231,239056648014,07/02/2025 07:46:05,2025-07-02,-4.00,"49,983.55", Trade Paired,USD,MBTN5
DEMO4543231,239056648019,07/02/2025 07:48:05,2025-07-02,-0.35,"49,983.20", Exchange Fee,USD,MESU5
DEMO4543231,239056648020,07/02/2025 07:48:05,2025-07-02,-0.19,"49,983.01", Clearing Fee,USD,MESU5
DEMO4543231,239056648021,07/02/2025 07:48:05,2025-07-02,-0.02,"49,982.99", Nfa Fee,USD,MESU5
DEMO4543231,239056648022,07/02/2025 07:48:05,2025-07-02,-0.35,"49,982.64", Commission,USD,MESU5
DEMO4543231,239056648025,07/02/2025 07:48:05,2025-07-02,-12.50,"49,970.14", Trade Paired,USD,MESU5
DEMO4543231,239056648030,07/02/2025 07:54:04,2025-07-02,-1.15,"49,968.99", Exchange Fee,USD,MBTN5
DEMO4543231,239056648031,07/02/2025 07:54:04,2025-07-02,-0.19,"49,968.80", Clearing Fee,USD,MBTN5
DEMO4543231,239056648032,07/02/2025 07:54:04,2025-07-02,-0.02,"49,968.78", Nfa Fee,USD,MBTN5
DEMO4543231,239056648033,07/02/2025 07:54:04,2025-07-02,-0.35,"49,968.43", Commission,USD,MBTN5
DEMO4543231,239056648039,07/02/2025 07:54:04,2025-07-02,-0.50,"49,967.93", Exchange Fee,USD,MGCQ5
DEMO4543231,239056648040,07/02/2025 07:54:04,2025-07-02,-0.19,"49,967.74", Clearing Fee,USD,MGCQ5
DEMO4543231,239056648041,07/02/2025 07:54:04,2025-07-02,-0.02,"49,967.72", Nfa Fee,USD,MGCQ5
DEMO4543231,239056648042,07/02/2025 07:54:04,2025-07-02,-0.35,"49,967.37", Commission,USD,MGCQ5
DEMO4543231,239056648048,07/02/2025 07:59:37,2025-07-02,-0.50,"49,966.87", Exchange Fee,USD,MGCQ5
DEMO4543231,239056648049,07/02/2025 07:59:37,2025-07-02,-0.19,"49,966.68", Clearing Fee,USD,MGCQ5
DEMO4543231,239056648050,07/02/2025 07:59:37,2025-07-02,-0.02,"49,966.66", Nfa Fee,USD,MGCQ5
DEMO4543231,239056648051,07/02/2025 07:59:37,2025-07-02,-0.35,"49,966.31", Commission,USD,MGCQ5
DEMO4543231,239056648054,07/02/2025 07:59:37,2025-07-02,8.00,"49,974.31", Trade Paired,USD,MGCQ5
DEMO4543231,239056648059,07/02/2025 08:00:01,2025-07-02,-0.35,"49,973.96", Exchange Fee,USD,MESU5
DEMO4543231,239056648060,07/02/2025 08:00:01,2025-07-02,-0.19,"49,973.77", Clearing Fee,USD,MESU5
DEMO4543231,239056648061,07/02/2025 08:00:01,2025-07-02,-0.02,"49,973.75", Nfa Fee,USD,MESU5
DEMO4543231,239056648062,07/02/2025 08:00:01,2025-07-02,-0.35,"49,973.40", Commission,USD,MESU5
DEMO4543231,239056648068,07/02/2025 08:00:03,2025-07-02,-0.50,"49,972.90", Exchange Fee,USD,MGCQ5
DEMO4543231,239056648069,07/02/2025 08:00:03,2025-07-02,-0.19,"49,972.71", Clearing Fee,USD,MGCQ5
DEMO4543231,239056648070,07/02/2025 08:00:03,2025-07-02,-0.02,"49,972.69", Nfa Fee,USD,MGCQ5
DEMO4543231,239056648071,07/02/2025 08:00:03,2025-07-02,-0.35,"49,972.34", Commission,USD,MGCQ5
DEMO4543231,239056648077,07/02/2025 08:00:34,2025-07-02,-0.35,"49,971.99", Exchange Fee,USD,MESU5
DEMO4543231,239056648078,07/02/2025 08:00:34,2025-07-02,-0.19,"49,971.80", Clearing Fee,USD,MESU5
DEMO4543231,239056648079,07/02/2025 08:00:34,2025-07-02,-0.02,"49,971.78", Nfa Fee,USD,MESU5
DEMO4543231,239056648080,07/02/2025 08:00:34,2025-07-02,-0.35,"49,971.43", Commission,USD,MESU5
DEMO4543231,239056648083,07/02/2025 08:00:34,2025-07-02,-8.75,"49,962.68", Trade Paired,USD,MESU5
DEMO4543231,239056648088,07/02/2025 08:01:04,2025-07-02,-0.50,"49,962.18", Exchange Fee,USD,MGCQ5
DEMO4543231,239056648089,07/02/2025 08:01:04,2025-07-02,-0.19,"49,961.99", Clearing Fee,USD,MGCQ5
DEMO4543231,239056648090,07/02/2025 08:01:04,2025-07-02,-0.02,"49,961.97", Nfa Fee,USD,MGCQ5
DEMO4543231,239056648091,07/02/2025 08:01:04,2025-07-02,-0.35,"49,961.62", Commission,USD,MGCQ5
DEMO4543231,239056648094,07/02/2025 08:01:04,2025-07-02,-13.00,"49,948.62", Trade Paired,USD,MGCQ5
DEMO4543231,239056648099,07/02/2025 08:03:11,2025-07-02,-1.15,"49,947.47", Exchange Fee,USD,MBTN5
DEMO4543231,239056648100,07/02/2025 08:03:11,2025-07-02,-0.19,"49,947.28", Clearing Fee,USD,MBTN5
DEMO4543231,239056648101,07/02/2025 08:03:11,2025-07-02,-0.02,"49,947.26", Nfa Fee,USD,MBTN5
DEMO4543231,239056648102,07/02/2025 08:03:11,2025-07-02,-0.35,"49,946.91", Commission,USD,MBTN5
DEMO4543231,239056648105,07/02/2025 08:03:11,2025-07-02,5.00,"49,951.91", Trade Paired,USD,MBTN5
DEMO4543231,239056648110,07/02/2025 08:06:04,2025-07-02,-1.15,"49,950.76", Exchange Fee,USD,MBTN5
DEMO4543231,239056648111,07/02/2025 08:06:04,2025-07-02,-0.19,"49,950.57", Clearing Fee,USD,MBTN5
DEMO4543231,239056648112,07/02/2025 08:06:04,2025-07-02,-0.02,"49,950.55", Nfa Fee,USD,MBTN5
DEMO4543231,239056648113,07/02/2025 08:06:04,2025-07-02,-0.35,"49,950.20", Commission,USD,MBTN5
DEMO4543231,239056648119,07/02/2025 08:08:13,2025-07-02,-1.15,"49,949.05", Exchange Fee,USD,MBTN5
DEMO4543231,239056648120,07/02/2025 08:08:13,2025-07-02,-0.19,"49,948.86", Clearing Fee,USD,MBTN5
DEMO4543231,239056648121,07/02/2025 08:08:13,2025-07-02,-0.02,"49,948.84", Nfa Fee,USD,MBTN5
DEMO4543231,239056648122,07/02/2025 08:08:13,2025-07-02,-0.35,"49,948.49", Commission,USD,MBTN5
DEMO4543231,239056648125,07/02/2025 08:08:13,2025-07-02,-5.00,"49,943.49", Trade Paired,USD,MBTN5
DEMO4543231,239056648130,07/02/2025 08:10:03,2025-07-02,-0.35,"49,943.14", Exchange Fee,USD,MESU5
DEMO4543231,239056648131,07/02/2025 08:10:03,2025-07-02,-0.19,"49,942.95", Clearing Fee,USD,MESU5
DEMO4543231,239056648132,07/02/2025 08:10:03,2025-07-02,-0.02,"49,942.93", Nfa Fee,USD,MESU5
DEMO4543231,239056648133,07/02/2025 08:10:03,2025-07-02,-0.35,"49,942.58", Commission,USD,MESU5
DEMO4543231,239056648139,07/02/2025 08:12:22,2025-07-02,-0.35,"49,942.23", Exchange Fee,USD,MESU5
DEMO4543231,239056648140,07/02/2025 08:12:22,2025-07-02,-0.19,"49,942.04", Clearing Fee,USD,MESU5
DEMO4543231,239056648141,07/02/2025 08:12:22,2025-07-02,-0.02,"49,942.02", Nfa Fee,USD,MESU5
DEMO4543231,239056648142,07/02/2025 08:12:22,2025-07-02,-0.35,"49,941.67", Commission,USD,MESU5
DEMO4543231,239056648145,07/02/2025 08:12:22,2025-07-02,8.75,"49,950.42", Trade Paired,USD,MESU5
DEMO4543231,239056648150,07/02/2025 08:15:11,2025-07-02,-1.15,"49,949.27", Exchange Fee,USD,MBTN5
DEMO4543231,239056648151,07/02/2025 08:15:11,2025-07-02,-0.19,"49,949.08", Clearing Fee,USD,MBTN5
DEMO4543231,239056648152,07/02/2025 08:15:11,2025-07-02,-0.02,"49,949.06", Nfa Fee,USD,MBTN5
DEMO4543231,239056648153,07/02/2025 08:15:11,2025-07-02,-0.35,"49,948.71", Commission,USD,MBTN5
DEMO4543231,239056648159,07/02/2025 08:15:17,2025-07-02,-1.15,"49,947.56", Exchange Fee,USD,MBTN5
DEMO4543231,239056648160,07/02/2025 08:15:17,2025-07-02,-0.19,"49,947.37", Clearing Fee,USD,MBTN5
DEMO4543231,239056648161,07/02/2025 08:15:17,2025-07-02,-0.02,"49,947.35", Nfa Fee,USD,MBTN5
DEMO4543231,239056648162,07/02/2025 08:15:17,2025-07-02,-0.35,"49,947.00", Commission,USD,MBTN5
DEMO4543231,239056648165,07/02/2025 08:15:17,2025-07-02,-12.50,"49,934.50", Trade Paired,USD,MBTN5
DEMO4543231,239056648170,07/02/2025 08:21:01,2025-07-02,-0.50,"49,934.00", Exchange Fee,USD,MGCQ5
DEMO4543231,239056648171,07/02/2025 08:21:01,2025-07-02,-0.19,"49,933.81", Clearing Fee,USD,MGCQ5
DEMO4543231,239056648172,07/02/2025 08:21:01,2025-07-02,-0.02,"49,933.79", Nfa Fee,USD,MGCQ5
DEMO4543231,239056648173,07/02/2025 08:21:01,2025-07-02,-0.35,"49,933.44", Commission,USD,MGCQ5
DEMO4543231,239056648179,07/02/2025 08:21:05,2025-07-02,-0.50,"49,932.94", Exchange Fee,USD,MGCQ5
DEMO4543231,239056648180,07/02/2025 08:21:05,2025-07-02,-0.19,"49,932.75", Clearing Fee,USD,MGCQ5
DEMO4543231,239056648181,07/02/2025 08:21:05,2025-07-02,-0.02,"49,932.73", Nfa Fee,USD,MGCQ5
DEMO4543231,239056648182,07/02/2025 08:21:05,2025-07-02,-0.35,"49,932.38", Commission,USD,MGCQ5
DEMO4543231,239056648185,07/02/2025 08:21:05,2025-07-02,-1.00,"49,931.38", Trade Paired,USD,MGCQ5
DEMO4543231,239056648190,07/02/2025 08:27:09,2025-07-02,-1.15,"49,930.23", Exchange Fee,USD,MBTN5
DEMO4543231,239056648191,07/02/2025 08:27:09,2025-07-02,-0.19,"49,930.04", Clearing Fee,USD,MBTN5
DEMO4543231,239056648192,07/02/2025 08:27:09,2025-07-02,-0.02,"49,930.02", Nfa Fee,USD,MBTN5
DEMO4543231,239056648193,07/02/2025 08:27:09,2025-07-02,-0.35,"49,929.67", Commission,USD,MBTN5
DEMO4543231,239056648199,07/02/2025 08:29:15,2025-07-02,-1.15,"49,928.52", Exchange Fee,USD,MBTN5
DEMO4543231,239056648200,07/02/2025 08:29:15,2025-07-02,-0.19,"49,928.33", Clearing Fee,USD,MBTN5
DEMO4543231,239056648201,07/02/2025 08:29:15,2025-07-02,-0.02,"49,928.31", Nfa Fee,USD,MBTN5
DEMO4543231,239056648202,07/02/2025 08:29:15,2025-07-02,-0.35,"49,927.96", Commission,USD,MBTN5
DEMO4543231,239056648205,07/02/2025 08:29:15,2025-07-02,4.50,"49,932.46", Trade Paired,USD,MBTN5
DEMO4543231,239056648210,07/02/2025 08:36:01,2025-07-02,-0.50,"49,931.96", Exchange Fee,USD,MGCQ5
DEMO4543231,239056648211,07/02/2025 08:36:01,2025-07-02,-0.19,"49,931.77", Clearing Fee,USD,MGCQ5
DEMO4543231,239056648212,07/02/2025 08:36:01,2025-07-02,-0.02,"49,931.75", Nfa Fee,USD,MGCQ5
DEMO4543231,239056648213,07/02/2025 08:36:01,2025-07-02,-0.35,"49,931.40", Commission,USD,MGCQ5
DEMO4543231,239056648219,07/02/2025 08:37:03,2025-07-02,-0.50,"49,930.90", Exchange Fee,USD,MGCQ5
DEMO4543231,239056648220,07/02/2025 08:37:03,2025-07-02,-0.19,"49,930.71", Clearing Fee,USD,MGCQ5
DEMO4543231,239056648221,07/02/2025 08:37:03,2025-07-02,-0.02,"49,930.69", Nfa Fee,USD,MGCQ5
DEMO4543231,239056648222,07/02/2025 08:37:03,2025-07-02,-0.35,"49,930.34", Commission,USD,MGCQ5
DEMO4543231,239056648225,07/02/2025 08:37:03,2025-07-02,-6.00,"49,924.34", Trade Paired,USD,MGCQ5
DEMO4543231,239056648230,07/02/2025 08:39:05,2025-07-02,-1.15,"49,923.19", Exchange Fee,USD,MBTN5
DEMO4543231,239056648231,07/02/2025 08:39:05,2025-07-02,-0.19,"49,923.00", Clearing Fee,USD,MBTN5
DEMO4543231,239056648232,07/02/2025 08:39:05,2025-07-02,-0.02,"49,922.98", Nfa Fee,USD,MBTN5
DEMO4543231,239056648233,07/02/2025 08:39:05,2025-07-02,-0.35,"49,922.63", Commission,USD,MBTN5
DEMO4543231,239056648239,07/02/2025 08:41:02,2025-07-02,-1.15,"49,921.48", Exchange Fee,USD,MBTN5
DEMO4543231,239056648240,07/02/2025 08:41:02,2025-07-02,-0.19,"49,921.29", Clearing Fee,USD,MBTN5
DEMO4543231,239056648241,07/02/2025 08:41:02,2025-07-02,-0.02,"49,921.27", Nfa Fee,USD,MBTN5
DEMO4543231,239056648242,07/02/2025 08:41:02,2025-07-02,-0.35,"49,920.92", Commission,USD,MBTN5
DEMO4543231,239056648245,07/02/2025 08:41:02,2025-07-02,-7.00,"49,913.92", Trade Paired,USD,MBTN5
DEMO4543231,239056648250,07/02/2025 08:45:13,2025-07-02,-1.15,"49,912.77", Exchange Fee,USD,MBTN5
DEMO4543231,239056648251,07/02/2025 08:45:13,2025-07-02,-0.19,"49,912.58", Clearing Fee,USD,MBTN5
DEMO4543231,239056648252,07/02/2025 08:45:13,2025-07-02,-0.02,"49,912.56", Nfa Fee,USD,MBTN5
DEMO4543231,239056648253,07/02/2025 08:45:13,2025-07-02,-0.35,"49,912.21", Commission,USD,MBTN5
DEMO4543231,239056648259,07/02/2025 08:47:26,2025-07-02,-1.15,"49,911.06", Exchange Fee,USD,MBTN5
DEMO4543231,239056648260,07/02/2025 08:47:26,2025-07-02,-0.19,"49,910.87", Clearing Fee,USD,MBTN5
DEMO4543231,239056648261,07/02/2025 08:47:26,2025-07-02,-0.02,"49,910.85", Nfa Fee,USD,MBTN5
DEMO4543231,239056648262,07/02/2025 08:47:26,2025-07-02,-0.35,"49,910.50", Commission,USD,MBTN5
DEMO4543231,239056648265,07/02/2025 08:47:26,2025-07-02,5.00,"49,915.50", Trade Paired,USD,MBTN5
DEMO4543231,239056648270,07/02/2025 08:50:00,2025-07-02,-0.35,"49,915.15", Exchange Fee,USD,MESU5
DEMO4543231,239056648271,07/02/2025 08:50:00,2025-07-02,-0.19,"49,914.96", Clearing Fee,USD,MESU5
DEMO4543231,239056648272,07/02/2025 08:50:00,2025-07-02,-0.02,"49,914.94", Nfa Fee,USD,MESU5
DEMO4543231,239056648273,07/02/2025 08:50:00,2025-07-02,-0.35,"49,914.59", Commission,USD,MESU5
DEMO4543231,239056648279,07/02/2025 08:51:01,2025-07-02,-0.50,"49,914.09", Exchange Fee,USD,MGCQ5
DEMO4543231,239056648280,07/02/2025 08:51:01,2025-07-02,-0.19,"49,913.90", Clearing Fee,USD,MGCQ5
DEMO4543231,239056648281,07/02/2025 08:51:01,2025-07-02,-0.02,"49,913.88", Nfa Fee,USD,MGCQ5
DEMO4543231,239056648282,07/02/2025 08:51:01,2025-07-02,-0.35,"49,913.53", Commission,USD,MGCQ5
DEMO4543231,239056648288,07/02/2025 08:52:01,2025-07-02,-0.50,"49,913.03", Exchange Fee,USD,MGCQ5
DEMO4543231,239056648289,07/02/2025 08:52:01,2025-07-02,-0.19,"49,912.84", Clearing Fee,USD,MGCQ5
DEMO4543231,239056648290,07/02/2025 08:52:01,2025-07-02,-0.02,"49,912.82", Nfa Fee,USD,MGCQ5
DEMO4543231,239056648291,07/02/2025 08:52:01,2025-07-02,-0.35,"49,912.47", Commission,USD,MGCQ5
DEMO4543231,239056648294,07/02/2025 08:52:01,2025-07-02,-14.00,"49,898.47", Trade Paired,USD,MGCQ5
DEMO4543231,239056648299,07/02/2025 09:01:28,2025-07-02,-0.35,"49,898.12", Exchange Fee,USD,MESU5
DEMO4543231,239056648300,07/02/2025 09:01:28,2025-07-02,-0.19,"49,897.93", Clearing Fee,USD,MESU5
DEMO4543231,239056648301,07/02/2025 09:01:28,2025-07-02,-0.02,"49,897.91", Nfa Fee,USD,MESU5
DEMO4543231,239056648302,07/02/2025 09:01:28,2025-07-02,-0.35,"49,897.56", Commission,USD,MESU5
DEMO4543231,239056648305,07/02/2025 09:01:28,2025-07-02,11.25,"49,908.81", Trade Paired,USD,MESU5
DEMO4543231,239056648310,07/02/2025 09:06:04,2025-07-02,-1.15,"49,907.66", Exchange Fee,USD,MBTN5
DEMO4543231,239056648311,07/02/2025 09:06:04,2025-07-02,-0.19,"49,907.47", Clearing Fee,USD,MBTN5
DEMO4543231,239056648312,07/02/2025 09:06:04,2025-07-02,-0.02,"49,907.45", Nfa Fee,USD,MBTN5
DEMO4543231,239056648313,07/02/2025 09:06:04,2025-07-02,-0.35,"49,907.10", Commission,USD,MBTN5
DEMO4543231,239056648319,07/02/2025 09:09:00,2025-07-02,-0.50,"49,906.60", Exchange Fee,USD,MGCQ5
DEMO4543231,239056648320,07/02/2025 09:09:00,2025-07-02,-0.19,"49,906.41", Clearing Fee,USD,MGCQ5
DEMO4543231,239056648321,07/02/2025 09:09:00,2025-07-02,-0.02,"49,906.39", Nfa Fee,USD,MGCQ5
DEMO4543231,239056648322,07/02/2025 09:09:00,2025-07-02,-0.35,"49,906.04", Commission,USD,MGCQ5
DEMO4543231,239056648328,07/02/2025 09:10:05,2025-07-02,-0.50,"49,905.54", Exchange Fee,USD,MGCQ5
DEMO4543231,239056648329,07/02/2025 09:10:05,2025-07-02,-0.19,"49,905.35", Clearing Fee,USD,MGCQ5
DEMO4543231,239056648330,07/02/2025 09:10:05,2025-07-02,-0.02,"49,905.33", Nfa Fee,USD,MGCQ5
DEMO4543231,239056648331,07/02/2025 09:10:05,2025-07-02,-0.35,"49,904.98", Commission,USD,MGCQ5
DEMO4543231,239056648334,07/02/2025 09:10:05,2025-07-02,1.00,"49,905.98", Trade Paired,USD,MGCQ5
DEMO4543231,239056648339,07/02/2025 09:10:19,2025-07-02,-1.15,"49,904.83", Exchange Fee,USD,MBTN5
DEMO4543231,239056648340,07/02/2025 09:10:19,2025-07-02,-0.19,"49,904.64", Clearing Fee,USD,MBTN5
DEMO4543231,239056648341,07/02/2025 09:10:19,2025-07-02,-0.02,"49,904.62", Nfa Fee,USD,MBTN5
DEMO4543231,239056648342,07/02/2025 09:10:19,2025-07-02,-0.35,"49,904.27", Commission,USD,MBTN5
DEMO4543231,239056648345,07/02/2025 09:10:19,2025-07-02,3.00,"49,907.27", Trade Paired,USD,MBTN5
DEMO4543231,239056648350,07/02/2025 09:15:09,2025-07-02,-0.50,"49,906.77", Exchange Fee,USD,MGCQ5
DEMO4543231,239056648351,07/02/2025 09:15:09,2025-07-02,-0.19,"49,906.58", Clearing Fee,USD,MGCQ5
DEMO4543231,239056648352,07/02/2025 09:15:09,2025-07-02,-0.02,"49,906.56", Nfa Fee,USD,MGCQ5
DEMO4543231,239056648353,07/02/2025 09:15:09,2025-07-02,-0.35,"49,906.21", Commission,USD,MGCQ5
DEMO4543231,239056648359,07/02/2025 09:15:20,2025-07-02,-0.50,"49,905.71", Exchange Fee,USD,MGCQ5
DEMO4543231,239056648360,07/02/2025 09:15:20,2025-07-02,-0.19,"49,905.52", Clearing Fee,USD,MGCQ5
DEMO4543231,239056648361,07/02/2025 09:15:20,2025-07-02,-0.02,"49,905.50", Nfa Fee,USD,MGCQ5
DEMO4543231,239056648362,07/02/2025 09:15:20,2025-07-02,-0.35,"49,905.15", Commission,USD,MGCQ5
DEMO4543231,239056648365,07/02/2025 09:15:20,2025-07-02,-9.00,"49,896.15", Trade Paired,USD,MGCQ5
DEMO4543231,239056648370,07/02/2025 09:25:01,2025-07-02,-0.35,"49,895.80", Exchange Fee,USD,MESU5
DEMO4543231,239056648371,07/02/2025 09:25:01,2025-07-02,-0.19,"49,895.61", Clearing Fee,USD,MESU5
DEMO4543231,239056648372,07/02/2025 09:25:01,2025-07-02,-0.02,"49,895.59", Nfa Fee,USD,MESU5
DEMO4543231,239056648373,07/02/2025 09:25:01,2025-07-02,-0.35,"49,895.24", Commission,USD,MESU5
DEMO4543231,239056648379,07/02/2025 09:27:02,2025-07-02,-0.50,"49,894.74", Exchange Fee,USD,MGCQ5
DEMO4543231,239056648380,07/02/2025 09:27:02,2025-07-02,-0.19,"49,894.55", Clearing Fee,USD,MGCQ5
DEMO4543231,239056648381,07/02/2025 09:27:02,2025-07-02,-0.02,"49,894.53", Nfa Fee,USD,MGCQ5
DEMO4543231,239056648382,07/02/2025 09:27:02,2025-07-02,-0.35,"49,894.18", Commission,USD,MGCQ5
DEMO4543231,239056648388,07/02/2025 09:27:07,2025-07-02,-1.15,"49,893.03", Exchange Fee,USD,MBTN5
DEMO4543231,239056648389,07/02/2025 09:27:07,2025-07-02,-0.19,"49,892.84", Clearing Fee,USD,MBTN5
DEMO4543231,239056648390,07/02/2025 09:27:07,2025-07-02,-0.02,"49,892.82", Nfa Fee,USD,MBTN5
DEMO4543231,239056648391,07/02/2025 09:27:07,2025-07-02,-0.35,"49,892.47", Commission,USD,MBTN5
DEMO4543231,239056648397,07/02/2025 09:28:01,2025-07-02,-0.50,"49,891.97", Exchange Fee,USD,MGCQ5
DEMO4543231,239056648398,07/02/2025 09:28:01,2025-07-02,-0.19,"49,891.78", Clearing Fee,USD,MGCQ5
DEMO4543231,239056648399,07/02/2025 09:28:01,2025-07-02,-0.02,"49,891.76", Nfa Fee,USD,MGCQ5
DEMO4543231,239056648400,07/02/2025 09:28:01,2025-07-02,-0.35,"49,891.41", Commission,USD,MGCQ5
DEMO4543231,239056648403,07/02/2025 09:28:01,2025-07-02,-9.00,"49,882.41", Trade Paired,USD,MGCQ5
DEMO4543231,239056648408,07/02/2025 09:28:01,2025-07-02,-0.35,"49,882.06", Exchange Fee,USD,MESU5
DEMO4543231,239056648409,07/02/2025 09:28:01,2025-07-02,-0.19,"49,881.87", Clearing Fee,USD,MESU5
DEMO4543231,239056648410,07/02/2025 09:28:01,2025-07-02,-0.02,"49,881.85", Nfa Fee,USD,MESU5
DEMO4543231,239056648411,07/02/2025 09:28:01,2025-07-02,-0.35,"49,881.50", Commission,USD,MESU5
DEMO4543231,239056648414,07/02/2025 09:28:01,2025-07-02,8.75,"49,890.25", Trade Paired,USD,MESU5
DEMO4543231,239056648419,07/02/2025 09:30:15,2025-07-02,-1.15,"49,889.10", Exchange Fee,USD,MBTN5
DEMO4543231,239056648420,07/02/2025 09:30:15,2025-07-02,-0.19,"49,888.91", Clearing Fee,USD,MBTN5
DEMO4543231,239056648421,07/02/2025 09:30:15,2025-07-02,-0.02,"49,888.89", Nfa Fee,USD,MBTN5
DEMO4543231,239056648422,07/02/2025 09:30:15,2025-07-02,-0.35,"49,888.54", Commission,USD,MBTN5
DEMO4543231,239056648425,07/02/2025 09:30:15,2025-07-02,-2.50,"49,886.04", Trade Paired,USD,MBTN5
DEMO4543231,239056648430,07/02/2025 09:36:05,2025-07-02,-1.15,"49,884.89", Exchange Fee,USD,MBTN5
DEMO4543231,239056648431,07/02/2025 09:36:05,2025-07-02,-0.19,"49,884.70", Clearing Fee,USD,MBTN5
DEMO4543231,239056648432,07/02/2025 09:36:05,2025-07-02,-0.02,"49,884.68", Nfa Fee,USD,MBTN5
DEMO4543231,239056648433,07/02/2025 09:36:05,2025-07-02,-0.35,"49,884.33", Commission,USD,MBTN5
DEMO4543231,239056648439,07/02/2025 09:36:16,2025-07-02,-1.15,"49,883.18", Exchange Fee,USD,MBTN5
DEMO4543231,239056648440,07/02/2025 09:36:16,2025-07-02,-0.19,"49,882.99", Clearing Fee,USD,MBTN5
DEMO4543231,239056648441,07/02/2025 09:36:16,2025-07-02,-0.02,"49,882.97", Nfa Fee,USD,MBTN5
DEMO4543231,239056648442,07/02/2025 09:36:16,2025-07-02,-0.35,"49,882.62", Commission,USD,MBTN5
DEMO4543231,239056648445,07/02/2025 09:36:16,2025-07-02,-5.00,"49,877.62", Trade Paired,USD,MBTN5
DEMO4543231,239056648450,07/02/2025 09:40:00,2025-07-02,-0.35,"49,877.27", Exchange Fee,USD,MESU5
DEMO4543231,239056648451,07/02/2025 09:40:00,2025-07-02,-0.19,"49,877.08", Clearing Fee,USD,MESU5
DEMO4543231,239056648452,07/02/2025 09:40:00,2025-07-02,-0.02,"49,877.06", Nfa Fee,USD,MESU5
DEMO4543231,239056648453,07/02/2025 09:40:00,2025-07-02,-0.35,"49,876.71", Commission,USD,MESU5
DEMO4543231,239056648459,07/02/2025 09:42:00,2025-07-02,-1.15,"49,875.56", Exchange Fee,USD,MBTN5
DEMO4543231,239056648460,07/02/2025 09:42:00,2025-07-02,-0.19,"49,875.37", Clearing Fee,USD,MBTN5
DEMO4543231,239056648461,07/02/2025 09:42:00,2025-07-02,-0.02,"49,875.35", Nfa Fee,USD,MBTN5
DEMO4543231,239056648462,07/02/2025 09:42:00,2025-07-02,-0.35,"49,875.00", Commission,USD,MBTN5
DEMO4543231,239056648468,07/02/2025 09:42:01,2025-07-02,-0.50,"49,874.50", Exchange Fee,USD,MGCQ5
DEMO4543231,239056648469,07/02/2025 09:42:01,2025-07-02,-0.19,"49,874.31", Clearing Fee,USD,MGCQ5
DEMO4543231,239056648470,07/02/2025 09:42:01,2025-07-02,-0.02,"49,874.29", Nfa Fee,USD,MGCQ5
DEMO4543231,239056648471,07/02/2025 09:42:01,2025-07-02,-0.35,"49,873.94", Commission,USD,MGCQ5
DEMO4543231,239056648477,07/02/2025 09:42:25,2025-07-02,-1.15,"49,872.79", Exchange Fee,USD,MBTN5
DEMO4543231,239056648478,07/02/2025 09:42:25,2025-07-02,-0.19,"49,872.60", Clearing Fee,USD,MBTN5
DEMO4543231,239056648479,07/02/2025 09:42:25,2025-07-02,-0.02,"49,872.58", Nfa Fee,USD,MBTN5
DEMO4543231,239056648480,07/02/2025 09:42:25,2025-07-02,-0.35,"49,872.23", Commission,USD,MBTN5
DEMO4543231,239056648483,07/02/2025 09:42:25,2025-07-02,7.00,"49,879.23", Trade Paired,USD,MBTN5
DEMO4543231,239056648488,07/02/2025 09:42:28,2025-07-02,-0.50,"49,878.73", Exchange Fee,USD,MGCQ5
DEMO4543231,239056648489,07/02/2025 09:42:28,2025-07-02,-0.19,"49,878.54", Clearing Fee,USD,MGCQ5
DEMO4543231,239056648490,07/02/2025 09:42:28,2025-07-02,-0.02,"49,878.52", Nfa Fee,USD,MGCQ5
DEMO4543231,239056648491,07/02/2025 09:42:28,2025-07-02,-0.35,"49,878.17", Commission,USD,MGCQ5
DEMO4543231,239056648494,07/02/2025 09:42:28,2025-07-02,-12.00,"49,866.17", Trade Paired,USD,MGCQ5
DEMO4543231,239056648499,07/02/2025 09:43:33,2025-07-02,-0.35,"49,865.82", Exchange Fee,USD,MESU5
DEMO4543231,239056648500,07/02/2025 09:43:33,2025-07-02,-0.19,"49,865.63", Clearing Fee,USD,MESU5
DEMO4543231,239056648501,07/02/2025 09:43:33,2025-07-02,-0.02,"49,865.61", Nfa Fee,USD,MESU5
DEMO4543231,239056648502,07/02/2025 09:43:33,2025-07-02,-0.35,"49,865.26", Commission,USD,MESU5
DEMO4543231,239056648505,07/02/2025 09:43:33,2025-07-02,-13.75,"49,851.51", Trade Paired,USD,MESU5
DEMO4543231,239056648510,07/02/2025 09:48:03,2025-07-02,-1.15,"49,850.36", Exchange Fee,USD,MBTN5
DEMO4543231,239056648511,07/02/2025 09:48:03,2025-07-02,-0.19,"49,850.17", Clearing Fee,USD,MBTN5
DEMO4543231,239056648512,07/02/2025 09:48:03,2025-07-02,-0.02,"49,850.15", Nfa Fee,USD,MBTN5
DEMO4543231,239056648513,07/02/2025 09:48:03,2025-07-02,-0.35,"49,849.80", Commission,USD,MBTN5
DEMO4543231,239056648519,07/02/2025 09:48:05,2025-07-02,-1.15,"49,848.65", Exchange Fee,USD,MBTN5
DEMO4543231,239056648520,07/02/2025 09:48:05,2025-07-02,-0.19,"49,848.46", Clearing Fee,USD,MBTN5
DEMO4543231,239056648521,07/02/2025 09:48:05,2025-07-02,-0.02,"49,848.44", Nfa Fee,USD,MBTN5
DEMO4543231,239056648522,07/02/2025 09:48:05,2025-07-02,-0.35,"49,848.09", Commission,USD,MBTN5
DEMO4543231,239056648525,07/02/2025 09:48:05,2025-07-02,-1.50,"49,846.59", Trade Paired,USD,MBTN5
DEMO4543231,239056648530,07/02/2025 09:54:01,2025-07-02,-0.50,"49,846.09", Exchange Fee,USD,MGCQ5
DEMO4543231,239056648531,07/02/2025 09:54:01,2025-07-02,-0.19,"49,845.90", Clearing Fee,USD,MGCQ5
DEMO4543231,239056648532,07/02/2025 09:54:01,2025-07-02,-0.02,"49,845.88", Nfa Fee,USD,MGCQ5
DEMO4543231,239056648533,07/02/2025 09:54:01,2025-07-02,-0.35,"49,845.53", Commission,USD,MGCQ5
DEMO4543231,239056648539,07/02/2025 09:54:30,2025-07-02,-0.50,"49,845.03", Exchange Fee,USD,MGCQ5
DEMO4543231,239056648540,07/02/2025 09:54:30,2025-07-02,-0.19,"49,844.84", Clearing Fee,USD,MGCQ5
DEMO4543231,239056648541,07/02/2025 09:54:30,2025-07-02,-0.02,"49,844.82", Nfa Fee,USD,MGCQ5
DEMO4543231,239056648542,07/02/2025 09:54:30,2025-07-02,-0.35,"49,844.47", Commission,USD,MGCQ5
DEMO4543231,239056648545,07/02/2025 09:54:30,2025-07-02,-13.00,"49,831.47", Trade Paired,USD,MGCQ5
DEMO4543231,239056648550,07/02/2025 09:55:01,2025-07-02,-0.35,"49,831.12", Exchange Fee,USD,MESU5
DEMO4543231,239056648551,07/02/2025 09:55:01,2025-07-02,-0.19,"49,830.93", Clearing Fee,USD,MESU5
DEMO4543231,239056648552,07/02/2025 09:55:01,2025-07-02,-0.02,"49,830.91", Nfa Fee,USD,MESU5
DEMO4543231,239056648553,07/02/2025 09:55:01,2025-07-02,-0.35,"49,830.56", Commission,USD,MESU5
DEMO4543231,239056648559,07/02/2025 09:55:25,2025-07-02,-0.35,"49,830.21", Exchange Fee,USD,MESU5
DEMO4543231,239056648560,07/02/2025 09:55:25,2025-07-02,-0.19,"49,830.02", Clearing Fee,USD,MESU5
DEMO4543231,239056648561,07/02/2025 09:55:25,2025-07-02,-0.02,"49,830.00", Nfa Fee,USD,MESU5
DEMO4543231,239056648562,07/02/2025 09:55:25,2025-07-02,-0.35,"49,829.65", Commission,USD,MESU5
DEMO4543231,239056648565,07/02/2025 09:55:25,2025-07-02,-12.50,"49,817.15", Trade Paired,USD,MESU5
DEMO4543231,239056648570,07/02/2025 09:57:01,2025-07-02,-1.15,"49,816.00", Exchange Fee,USD,MBTN5
DEMO4543231,239056648571,07/02/2025 09:57:01,2025-07-02,-0.19,"49,815.81", Clearing Fee,USD,MBTN5
DEMO4543231,239056648572,07/02/2025 09:57:01,2025-07-02,-0.02,"49,815.79", Nfa Fee,USD,MBTN5
DEMO4543231,239056648573,07/02/2025 09:57:01,2025-07-02,-0.35,"49,815.44", Commission,USD,MBTN5
DEMO4543231,239056648579,07/02/2025 09:58:42,2025-07-02,-1.15,"49,814.29", Exchange Fee,USD,MBTN5
DEMO4543231,239056648580,07/02/2025 09:58:42,2025-07-02,-0.19,"49,814.10", Clearing Fee,USD,MBTN5
DEMO4543231,239056648581,07/02/2025 09:58:42,2025-07-02,-0.02,"49,814.08", Nfa Fee,USD,MBTN5
DEMO4543231,239056648582,07/02/2025 09:58:42,2025-07-02,-0.35,"49,813.73", Commission,USD,MBTN5
DEMO4543231,239056648585,07/02/2025 09:58:42,2025-07-02,5.50,"49,819.23", Trade Paired,USD,MBTN5
DEMO4543231,239056648590,07/02/2025 10:00:32,2025-07-02,-0.50,"49,818.73", Exchange Fee,USD,MGCQ5
DEMO4543231,239056648591,07/02/2025 10:00:32,2025-07-02,-0.19,"49,818.54", Clearing Fee,USD,MGCQ5
DEMO4543231,239056648592,07/02/2025 10:00:32,2025-07-02,-0.02,"49,818.52", Nfa Fee,USD,MGCQ5
DEMO4543231,239056648593,07/02/2025 10:00:32,2025-07-02,-0.35,"49,818.17", Commission,USD,MGCQ5
DEMO4543231,239056648599,07/02/2025 10:00:54,2025-07-02,-0.50,"49,817.67", Exchange Fee,USD,MGCQ5
DEMO4543231,239056648600,07/02/2025 10:00:54,2025-07-02,-0.19,"49,817.48", Clearing Fee,USD,MGCQ5
DEMO4543231,239056648601,07/02/2025 10:00:54,2025-07-02,-0.02,"49,817.46", Nfa Fee,USD,MGCQ5
DEMO4543231,239056648602,07/02/2025 10:00:54,2025-07-02,-0.35,"49,817.11", Commission,USD,MGCQ5
DEMO4543231,239056648605,07/02/2025 10:00:54,2025-07-02,9.00,"49,826.11", Trade Paired,USD,MGCQ5
DEMO4543231,239056648610,07/02/2025 10:05:00,2025-07-02,-0.35,"49,825.76", Exchange Fee,USD,MESU5
DEMO4543231,239056648611,07/02/2025 10:05:00,2025-07-02,-0.19,"49,825.57", Clearing Fee,USD,MESU5
DEMO4543231,239056648612,07/02/2025 10:05:00,2025-07-02,-0.02,"49,825.55", Nfa Fee,USD,MESU5
DEMO4543231,239056648613,07/02/2025 10:05:00,2025-07-02,-0.35,"49,825.20", Commission,USD,MESU5
DEMO4543231,239056648619,07/02/2025 10:06:05,2025-07-02,-1.15,"49,824.05", Exchange Fee,USD,MBTN5
DEMO4543231,239056648620,07/02/2025 10:06:05,2025-07-02,-0.19,"49,823.86", Clearing Fee,USD,MBTN5
DEMO4543231,239056648621,07/02/2025 10:06:05,2025-07-02,-0.02,"49,823.84", Nfa Fee,USD,MBTN5
DEMO4543231,239056648622,07/02/2025 10:06:05,2025-07-02,-0.35,"49,823.49", Commission,USD,MBTN5
DEMO4543231,239056648628,07/02/2025 10:06:37,2025-07-02,-1.15,"49,822.34", Exchange Fee,USD,MBTN5
DEMO4543231,239056648629,07/02/2025 10:06:37,2025-07-02,-0.19,"49,822.15", Clearing Fee,USD,MBTN5
DEMO4543231,239056648630,07/02/2025 10:06:37,2025-07-02,-0.02,"49,822.13", Nfa Fee,USD,MBTN5
DEMO4543231,239056648631,07/02/2025 10:06:37,2025-07-02,-0.35,"49,821.78", Commission,USD,MBTN5
DEMO4543231,239056648634,07/02/2025 10:06:37,2025-07-02,4.00,"49,825.78", Trade Paired,USD,MBTN5
DEMO4543231,239056648639,07/02/2025 10:06:55,2025-07-02,-0.35,"49,825.43", Exchange Fee,USD,MESU5
DEMO4543231,239056648640,07/02/2025 10:06:55,2025-07-02,-0.19,"49,825.24", Clearing Fee,USD,MESU5
DEMO4543231,239056648641,07/02/2025 10:06:55,2025-07-02,-0.02,"49,825.22", Nfa Fee,USD,MESU5
DEMO4543231,239056648642,07/02/2025 10:06:55,2025-07-02,-0.35,"49,824.87", Commission,USD,MESU5
DEMO4543231,239056648645,07/02/2025 10:06:55,2025-07-02,11.25,"49,836.12", Trade Paired,USD,MESU5
DEMO4543231,239056648650,07/02/2025 10:12:05,2025-07-02,-0.50,"49,835.62", Exchange Fee,USD,MGCQ5
DEMO4543231,239056648651,07/02/2025 10:12:05,2025-07-02,-0.19,"49,835.43", Clearing Fee,USD,MGCQ5
DEMO4543231,239056648652,07/02/2025 10:12:05,2025-07-02,-0.02,"49,835.41", Nfa Fee,USD,MGCQ5
DEMO4543231,239056648653,07/02/2025 10:12:05,2025-07-02,-0.35,"49,835.06", Commission,USD,MGCQ5
DEMO4543231,239056648659,07/02/2025 10:13:07,2025-07-02,-0.50,"49,834.56", Exchange Fee,USD,MGCQ5
DEMO4543231,239056648660,07/02/2025 10:13:07,2025-07-02,-0.19,"49,834.37", Clearing Fee,USD,MGCQ5
DEMO4543231,239056648661,07/02/2025 10:13:07,2025-07-02,-0.02,"49,834.35", Nfa Fee,USD,MGCQ5
DEMO4543231,239056648662,07/02/2025 10:13:07,2025-07-02,-0.35,"49,834.00", Commission,USD,MGCQ5
DEMO4543231,239056648665,07/02/2025 10:13:07,2025-07-02,5.00,"49,839.00", Trade Paired,USD,MGCQ5
DEMO4543231,239056648670,07/02/2025 10:20:01,2025-07-02,-0.35,"49,838.65", Exchange Fee,USD,MESU5
DEMO4543231,239056648671,07/02/2025 10:20:01,2025-07-02,-0.19,"49,838.46", Clearing Fee,USD,MESU5
DEMO4543231,239056648672,07/02/2025 10:20:01,2025-07-02,-0.02,"49,838.44", Nfa Fee,USD,MESU5
DEMO4543231,239056648673,07/02/2025 10:20:01,2025-07-02,-0.35,"49,838.09", Commission,USD,MESU5
DEMO4543231,239056648679,07/02/2025 10:21:01,2025-07-02,-0.50,"49,837.59", Exchange Fee,USD,MGCQ5
DEMO4543231,239056648680,07/02/2025 10:21:01,2025-07-02,-0.19,"49,837.40", Clearing Fee,USD,MGCQ5
DEMO4543231,239056648681,07/02/2025 10:21:01,2025-07-02,-0.02,"49,837.38", Nfa Fee,USD,MGCQ5
DEMO4543231,239056648682,07/02/2025 10:21:01,2025-07-02,-0.35,"49,837.03", Commission,USD,MGCQ5
DEMO4543231,239056648688,07/02/2025 10:21:12,2025-07-02,-0.50,"49,836.53", Exchange Fee,USD,MGCQ5
DEMO4543231,239056648689,07/02/2025 10:21:12,2025-07-02,-0.19,"49,836.34", Clearing Fee,USD,MGCQ5
DEMO4543231,239056648690,07/02/2025 10:21:12,2025-07-02,-0.02,"49,836.32", Nfa Fee,USD,MGCQ5
DEMO4543231,239056648691,07/02/2025 10:21:12,2025-07-02,-0.35,"49,835.97", Commission,USD,MGCQ5
DEMO4543231,239056648694,07/02/2025 10:21:12,2025-07-02,-10.00,"49,825.97", Trade Paired,USD,MGCQ5
DEMO4543231,239056648699,07/02/2025 10:25:09,2025-07-02,-0.35,"49,825.62", Exchange Fee,USD,MESU5
DEMO4543231,239056648700,07/02/2025 10:25:09,2025-07-02,-0.19,"49,825.43", Clearing Fee,USD,MESU5
DEMO4543231,239056648701,07/02/2025 10:25:09,2025-07-02,-0.02,"49,825.41", Nfa Fee,USD,MESU5
DEMO4543231,239056648702,07/02/2025 10:25:09,2025-07-02,-0.35,"49,825.06", Commission,USD,MESU5
DEMO4543231,239056648705,07/02/2025 10:25:09,2025-07-02,8.75,"49,833.81", Trade Paired,USD,MESU5
DEMO4543231,239056648710,07/02/2025 10:27:01,2025-07-02,-1.15,"49,832.66", Exchange Fee,USD,MBTN5
DEMO4543231,239056648711,07/02/2025 10:27:01,2025-07-02,-0.19,"49,832.47", Clearing Fee,USD,MBTN5
DEMO4543231,239056648712,07/02/2025 10:27:01,2025-07-02,-0.02,"49,832.45", Nfa Fee,USD,MBTN5
DEMO4543231,239056648713,07/02/2025 10:27:01,2025-07-02,-0.35,"49,832.10", Commission,USD,MBTN5
DEMO4543231,239056648719,07/02/2025 10:27:31,2025-07-02,-1.15,"49,830.95", Exchange Fee,USD,MBTN5
DEMO4543231,239056648720,07/02/2025 10:27:31,2025-07-02,-0.19,"49,830.76", Clearing Fee,USD,MBTN5
DEMO4543231,239056648721,07/02/2025 10:27:31,2025-07-02,-0.02,"49,830.74", Nfa Fee,USD,MBTN5
DEMO4543231,239056648722,07/02/2025 10:27:31,2025-07-02,-0.35,"49,830.39", Commission,USD,MBTN5
DEMO4543231,239056648725,07/02/2025 10:27:31,2025-07-02,-9.00,"49,821.39", Trade Paired,USD,MBTN5
DEMO4543231,239056648730,07/02/2025 10:36:04,2025-07-02,-0.50,"49,820.89", Exchange Fee,USD,MGCQ5
DEMO4543231,239056648731,07/02/2025 10:36:04,2025-07-02,-0.19,"49,820.70", Clearing Fee,USD,MGCQ5
DEMO4543231,239056648732,07/02/2025 10:36:04,2025-07-02,-0.02,"49,820.68", Nfa Fee,USD,MGCQ5
DEMO4543231,239056648733,07/02/2025 10:36:04,2025-07-02,-0.35,"49,820.33", Commission,USD,MGCQ5
DEMO4543231,239056648739,07/02/2025 10:36:04,2025-07-02,-1.15,"49,819.18", Exchange Fee,USD,MBTN5
DEMO4543231,239056648740,07/02/2025 10:36:04,2025-07-02,-0.19,"49,818.99", Clearing Fee,USD,MBTN5
DEMO4543231,239056648741,07/02/2025 10:36:04,2025-07-02,-0.02,"49,818.97", Nfa Fee,USD,MBTN5
DEMO4543231,239056648742,07/02/2025 10:36:04,2025-07-02,-0.35,"49,818.62", Commission,USD,MBTN5
DEMO4543231,239056648748,07/02/2025 10:36:22,2025-07-02,-1.15,"49,817.47", Exchange Fee,USD,MBTN5
DEMO4543231,239056648749,07/02/2025 10:36:22,2025-07-02,-0.19,"49,817.28", Clearing Fee,USD,MBTN5
DEMO4543231,239056648750,07/02/2025 10:36:22,2025-07-02,-0.02,"49,817.26", Nfa Fee,USD,MBTN5
DEMO4543231,239056648751,07/02/2025 10:36:22,2025-07-02,-0.35,"49,816.91", Commission,USD,MBTN5
DEMO4543231,239056648754,07/02/2025 10:36:22,2025-07-02,-6.50,"49,810.41", Trade Paired,USD,MBTN5
DEMO4543231,239056648759,07/02/2025 10:40:19,2025-07-02,-0.50,"49,809.91", Exchange Fee,USD,MGCQ5
DEMO4543231,239056648760,07/02/2025 10:40:19,2025-07-02,-0.19,"49,809.72", Clearing Fee,USD,MGCQ5
DEMO4543231,239056648761,07/02/2025 10:40:19,2025-07-02,-0.02,"49,809.70", Nfa Fee,USD,MGCQ5
DEMO4543231,239056648762,07/02/2025 10:40:19,2025-07-02,-0.35,"49,809.35", Commission,USD,MGCQ5
DEMO4543231,239056648765,07/02/2025 10:40:19,2025-07-02,-13.00,"49,796.35", Trade Paired,USD,MGCQ5
DEMO4543231,239056648770,07/02/2025 10:48:03,2025-07-02,-0.50,"49,795.85", Exchange Fee,USD,MGCQ5
DEMO4543231,239056648771,07/02/2025 10:48:03,2025-07-02,-0.19,"49,795.66", Clearing Fee,USD,MGCQ5
DEMO4543231,239056648772,07/02/2025 10:48:03,2025-07-02,-0.02,"49,795.64", Nfa Fee,USD,MGCQ5
DEMO4543231,239056648773,07/02/2025 10:48:03,2025-07-02,-0.35,"49,795.29", Commission,USD,MGCQ5
DEMO4543231,239056648779,07/02/2025 10:48:03,2025-07-02,-1.15,"49,794.14", Exchange Fee,USD,MBTN5
DEMO4543231,239056648780,07/02/2025 10:48:03,2025-07-02,-0.19,"49,793.95", Clearing Fee,USD,MBTN5
DEMO4543231,239056648781,07/02/2025 10:48:03,2025-07-02,-0.02,"49,793.93", Nfa Fee,USD,MBTN5
DEMO4543231,239056648782,07/02/2025 10:48:03,2025-07-02,-0.35,"49,793.58", Commission,USD,MBTN5
DEMO4543231,239056648788,07/02/2025 10:48:34,2025-07-02,-0.50,"49,793.08", Exchange Fee,USD,MGCQ5
DEMO4543231,239056648789,07/02/2025 10:48:34,2025-07-02,-0.19,"49,792.89", Clearing Fee,USD,MGCQ5
DEMO4543231,239056648790,07/02/2025 10:48:34,2025-07-02,-0.02,"49,792.87", Nfa Fee,USD,MGCQ5
DEMO4543231,239056648791,07/02/2025 10:48:34,2025-07-02,-0.35,"49,792.52", Commission,USD,MGCQ5
DEMO4543231,239056648794,07/02/2025 10:48:34,2025-07-02,-12.00,"49,780.52", Trade Paired,USD,MGCQ5
DEMO4543231,239056648799,07/02/2025 10:50:37,2025-07-02,-1.15,"49,779.37", Exchange Fee,USD,MBTN5
DEMO4543231,239056648800,07/02/2025 10:50:37,2025-07-02,-0.19,"49,779.18", Clearing Fee,USD,MBTN5
DEMO4543231,239056648801,07/02/2025 10:50:37,2025-07-02,-0.02,"49,779.16", Nfa Fee,USD,MBTN5
DEMO4543231,239056648802,07/02/2025 10:50:37,2025-07-02,-0.35,"49,778.81", Commission,USD,MBTN5
DEMO4543231,239056648805,07/02/2025 10:50:37,2025-07-02,4.00,"49,782.81", Trade Paired,USD,MBTN5
DEMO4543231,239056648810,07/02/2025 10:57:04,2025-07-02,-1.15,"49,781.66", Exchange Fee,USD,MBTN5
DEMO4543231,239056648811,07/02/2025 10:57:04,2025-07-02,-0.19,"49,781.47", Clearing Fee,USD,MBTN5
DEMO4543231,239056648812,07/02/2025 10:57:04,2025-07-02,-0.02,"49,781.45", Nfa Fee,USD,MBTN5
DEMO4543231,239056648813,07/02/2025 10:57:04,2025-07-02,-0.35,"49,781.10", Commission,USD,MBTN5
DEMO4543231,239056648819,07/02/2025 10:58:27,2025-07-02,-1.15,"49,779.95", Exchange Fee,USD,MBTN5
DEMO4543231,239056648820,07/02/2025 10:58:27,2025-07-02,-0.19,"49,779.76", Clearing Fee,USD,MBTN5
DEMO4543231,239056648821,07/02/2025 10:58:27,2025-07-02,-0.02,"49,779.74", Nfa Fee,USD,MBTN5
DEMO4543231,239056648822,07/02/2025 10:58:27,2025-07-02,-0.35,"49,779.39", Commission,USD,MBTN5
DEMO4543231,239056648825,07/02/2025 10:58:27,2025-07-02,3.00,"49,782.39", Trade Paired,USD,MBTN5
DEMO4543231,239056648830,07/02/2025 11:00:04,2025-07-02,-0.50,"49,781.89", Exchange Fee,USD,MGCQ5
DEMO4543231,239056648831,07/02/2025 11:00:04,2025-07-02,-0.19,"49,781.70", Clearing Fee,USD,MGCQ5
DEMO4543231,239056648832,07/02/2025 11:00:04,2025-07-02,-0.02,"49,781.68", Nfa Fee,USD,MGCQ5
DEMO4543231,239056648833,07/02/2025 11:00:04,2025-07-02,-0.35,"49,781.33", Commission,USD,MGCQ5
DEMO4543231,239056648839,07/02/2025 11:01:55,2025-07-02,-0.50,"49,780.83", Exchange Fee,USD,MGCQ5
DEMO4543231,239056648840,07/02/2025 11:01:55,2025-07-02,-0.19,"49,780.64", Clearing Fee,USD,MGCQ5
DEMO4543231,239056648841,07/02/2025 11:01:55,2025-07-02,-0.02,"49,780.62", Nfa Fee,USD,MGCQ5
DEMO4543231,239056648842,07/02/2025 11:01:55,2025-07-02,-0.35,"49,780.27", Commission,USD,MGCQ5
DEMO4543231,239056648845,07/02/2025 11:01:55,2025-07-02,-9.00,"49,771.27", Trade Paired,USD,MGCQ5
DEMO4543231,239056648850,07/02/2025 11:05:04,2025-07-02,-0.35,"49,770.92", Exchange Fee,USD,MESU5
DEMO4543231,239056648851,07/02/2025 11:05:04,2025-07-02,-0.19,"49,770.73", Clearing Fee,USD,MESU5
DEMO4543231,239056648852,07/02/2025 11:05:04,2025-07-02,-0.02,"49,770.71", Nfa Fee,USD,MESU5
DEMO4543231,239056648853,07/02/2025 11:05:04,2025-07-02,-0.35,"49,770.36", Commission,USD,MESU5
DEMO4543231,239056648859,07/02/2025 11:10:12,2025-07-02,-0.35,"49,770.01", Exchange Fee,USD,MESU5
DEMO4543231,239056648860,07/02/2025 11:10:12,2025-07-02,-0.19,"49,769.82", Clearing Fee,USD,MESU5
DEMO4543231,239056648861,07/02/2025 11:10:12,2025-07-02,-0.02,"49,769.80", Nfa Fee,USD,MESU5
DEMO4543231,239056648862,07/02/2025 11:10:12,2025-07-02,-0.35,"49,769.45", Commission,USD,MESU5
DEMO4543231,239056648865,07/02/2025 11:10:12,2025-07-02,-13.75,"49,755.70", Trade Paired,USD,MESU5
DEMO4543231,239056648870,07/02/2025 11:12:03,2025-07-02,-1.15,"49,754.55", Exchange Fee,USD,MBTN5
DEMO4543231,239056648871,07/02/2025 11:12:03,2025-07-02,-0.19,"49,754.36", Clearing Fee,USD,MBTN5
DEMO4543231,239056648872,07/02/2025 11:12:03,2025-07-02,-0.02,"49,754.34", Nfa Fee,USD,MBTN5
DEMO4543231,239056648873,07/02/2025 11:12:03,2025-07-02,-0.35,"49,753.99", Commission,USD,MBTN5
DEMO4543231,239056648879,07/02/2025 11:12:14,2025-07-02,-1.15,"49,752.84", Exchange Fee,USD,MBTN5
DEMO4543231,239056648880,07/02/2025 11:12:14,2025-07-02,-0.19,"49,752.65", Clearing Fee,USD,MBTN5
DEMO4543231,239056648881,07/02/2025 11:12:14,2025-07-02,-0.02,"49,752.63", Nfa Fee,USD,MBTN5
DEMO4543231,239056648882,07/02/2025 11:12:14,2025-07-02,-0.35,"49,752.28", Commission,USD,MBTN5
DEMO4543231,239056648885,07/02/2025 11:12:14,2025-07-02,-6.50,"49,745.78", Trade Paired,USD,MBTN5
DEMO4543231,239056648890,07/02/2025 11:18:05,2025-07-02,-1.15,"49,744.63", Exchange Fee,USD,MBTN5
DEMO4543231,239056648891,07/02/2025 11:18:05,2025-07-02,-0.19,"49,744.44", Clearing Fee,USD,MBTN5
DEMO4543231,239056648892,07/02/2025 11:18:05,2025-07-02,-0.02,"49,744.42", Nfa Fee,USD,MBTN5
DEMO4543231,239056648893,07/02/2025 11:18:05,2025-07-02,-0.35,"49,744.07", Commission,USD,MBTN5
DEMO4543231,239056648899,07/02/2025 11:19:24,2025-07-02,-1.15,"49,742.92", Exchange Fee,USD,MBTN5
DEMO4543231,239056648900,07/02/2025 11:19:24,2025-07-02,-0.19,"49,742.73", Clearing Fee,USD,MBTN5
DEMO4543231,239056648901,07/02/2025 11:19:24,2025-07-02,-0.02,"49,742.71", Nfa Fee,USD,MBTN5
DEMO4543231,239056648902,07/02/2025 11:19:24,2025-07-02,-0.35,"49,742.36", Commission,USD,MBTN5
DEMO4543231,239056648905,07/02/2025 11:19:24,2025-07-02,-5.00,"49,737.36", Trade Paired,USD,MBTN5
DEMO4543231,239056648910,07/02/2025 11:20:01,2025-07-02,-0.35,"49,737.01", Exchange Fee,USD,MESU5
DEMO4543231,239056648911,07/02/2025 11:20:01,2025-07-02,-0.19,"49,736.82", Clearing Fee,USD,MESU5
DEMO4543231,239056648912,07/02/2025 11:20:01,2025-07-02,-0.02,"49,736.80", Nfa Fee,USD,MESU5
DEMO4543231,239056648913,07/02/2025 11:20:01,2025-07-02,-0.35,"49,736.45", Commission,USD,MESU5
DEMO4543231,239056648919,07/02/2025 11:21:01,2025-07-02,-0.50,"49,735.95", Exchange Fee,USD,MGCQ5
DEMO4543231,239056648920,07/02/2025 11:21:01,2025-07-02,-0.19,"49,735.76", Clearing Fee,USD,MGCQ5
DEMO4543231,239056648921,07/02/2025 11:21:01,2025-07-02,-0.02,"49,735.74", Nfa Fee,USD,MGCQ5
DEMO4543231,239056648922,07/02/2025 11:21:01,2025-07-02,-0.35,"49,735.39", Commission,USD,MGCQ5
DEMO4543231,239056648928,07/02/2025 11:21:49,2025-07-02,-0.50,"49,734.89", Exchange Fee,USD,MGCQ5
DEMO4543231,239056648929,07/02/2025 11:21:49,2025-07-02,-0.19,"49,734.70", Clearing Fee,USD,MGCQ5
DEMO4543231,239056648930,07/02/2025 11:21:49,2025-07-02,-0.02,"49,734.68", Nfa Fee,USD,MGCQ5
DEMO4543231,239056648931,07/02/2025 11:21:49,2025-07-02,-0.35,"49,734.33", Commission,USD,MGCQ5
DEMO4543231,239056648934,07/02/2025 11:21:49,2025-07-02,-10.00,"49,724.33", Trade Paired,USD,MGCQ5
DEMO4543231,239056648939,07/02/2025 11:21:54,2025-07-02,-0.35,"49,723.98", Exchange Fee,USD,MESU5
DEMO4543231,239056648940,07/02/2025 11:21:54,2025-07-02,-0.19,"49,723.79", Clearing Fee,USD,MESU5
DEMO4543231,239056648941,07/02/2025 11:21:54,2025-07-02,-0.02,"49,723.77", Nfa Fee,USD,MESU5
DEMO4543231,239056648942,07/02/2025 11:21:54,2025-07-02,-0.35,"49,723.42", Commission,USD,MESU5
DEMO4543231,239056648945,07/02/2025 11:21:54,2025-07-02,10.00,"49,733.42", Trade Paired,USD,MESU5
DEMO4543231,239056648950,07/02/2025 11:30:20,2025-07-02,-0.50,"49,732.92", Exchange Fee,USD,MGCQ5
DEMO4543231,239056648951,07/02/2025 11:30:20,2025-07-02,-0.19,"49,732.73", Clearing Fee,USD,MGCQ5
DEMO4543231,239056648952,07/02/2025 11:30:20,2025-07-02,-0.02,"49,732.71", Nfa Fee,USD,MGCQ5
DEMO4543231,239056648953,07/02/2025 11:30:20,2025-07-02,-0.35,"49,732.36", Commission,USD,MGCQ5
DEMO4543231,239056648959,07/02/2025 11:35:05,2025-07-02,-0.35,"49,732.01", Exchange Fee,USD,MESU5
DEMO4543231,239056648960,07/02/2025 11:35:05,2025-07-02,-0.19,"49,731.82", Clearing Fee,USD,MESU5
DEMO4543231,239056648961,07/02/2025 11:35:05,2025-07-02,-0.02,"49,731.80", Nfa Fee,USD,MESU5
DEMO4543231,239056648962,07/02/2025 11:35:05,2025-07-02,-0.35,"49,731.45", Commission,USD,MESU5
DEMO4543231,239056648968,07/02/2025 11:35:31,2025-07-02,-0.35,"49,731.10", Exchange Fee,USD,MESU5
DEMO4543231,239056648969,07/02/2025 11:35:31,2025-07-02,-0.19,"49,730.91", Clearing Fee,USD,MESU5
DEMO4543231,239056648970,07/02/2025 11:35:31,2025-07-02,-0.02,"49,730.89", Nfa Fee,USD,MESU5
DEMO4543231,239056648971,07/02/2025 11:35:31,2025-07-02,-0.35,"49,730.54", Commission,USD,MESU5
DEMO4543231,239056648974,07/02/2025 11:35:31,2025-07-02,8.75,"49,739.29", Trade Paired,USD,MESU5
DEMO4543231,239056648979,07/02/2025 11:36:01,2025-07-02,-1.15,"49,738.14", Exchange Fee,USD,MBTN5
DEMO4543231,239056648980,07/02/2025 11:36:01,2025-07-02,-0.19,"49,737.95", Clearing Fee,USD,MBTN5
DEMO4543231,239056648981,07/02/2025 11:36:01,2025-07-02,-0.02,"49,737.93", Nfa Fee,USD,MBTN5
DEMO4543231,239056648982,07/02/2025 11:36:01,2025-07-02,-0.35,"49,737.58", Commission,USD,MBTN5
DEMO4543231,239056648988,07/02/2025 11:36:23,2025-07-02,-0.50,"49,737.08", Exchange Fee,USD,MGCQ5
DEMO4543231,239056648989,07/02/2025 11:36:23,2025-07-02,-0.19,"49,736.89", Clearing Fee,USD,MGCQ5
DEMO4543231,239056648990,07/02/2025 11:36:23,2025-07-02,-0.02,"49,736.87", Nfa Fee,USD,MGCQ5
DEMO4543231,239056648991,07/02/2025 11:36:23,2025-07-02,-0.35,"49,736.52", Commission,USD,MGCQ5
DEMO4543231,239056648994,07/02/2025 11:36:23,2025-07-02,3.00,"49,739.52", Trade Paired,USD,MGCQ5
DEMO4543231,239056648999,07/02/2025 11:37:14,2025-07-02,-1.15,"49,738.37", Exchange Fee,USD,MBTN5
DEMO4543231,239056649000,07/02/2025 11:37:14,2025-07-02,-0.19,"49,738.18", Clearing Fee,USD,MBTN5
DEMO4543231,239056649001,07/02/2025 11:37:14,2025-07-02,-0.02,"49,738.16", Nfa Fee,USD,MBTN5
DEMO4543231,239056649002,07/02/2025 11:37:14,2025-07-02,-0.35,"49,737.81", Commission,USD,MBTN5
DEMO4543231,239056649005,07/02/2025 11:37:14,2025-07-02,5.50,"49,743.31", Trade Paired,USD,MBTN5
DEMO4543231,239056649010,07/02/2025 11:48:06,2025-07-02,-1.15,"49,742.16", Exchange Fee,USD,MBTN5
DEMO4543231,239056649011,07/02/2025 11:48:06,2025-07-02,-0.19,"49,741.97", Clearing Fee,USD,MBTN5
DEMO4543231,239056649012,07/02/2025 11:48:06,2025-07-02,-0.02,"49,741.95", Nfa Fee,USD,MBTN5
DEMO4543231,239056649013,07/02/2025 11:48:06,2025-07-02,-0.35,"49,741.60", Commission,USD,MBTN5
DEMO4543231,239056649019,07/02/2025 11:49:14,2025-07-02,-1.15,"49,740.45", Exchange Fee,USD,MBTN5
DEMO4543231,239056649020,07/02/2025 11:49:14,2025-07-02,-0.19,"49,740.26", Clearing Fee,USD,MBTN5
DEMO4543231,239056649021,07/02/2025 11:49:14,2025-07-02,-0.02,"49,740.24", Nfa Fee,USD,MBTN5
DEMO4543231,239056649022,07/02/2025 11:49:14,2025-07-02,-0.35,"49,739.89", Commission,USD,MBTN5
DEMO4543231,239056649025,07/02/2025 11:49:14,2025-07-02,-7.00,"49,732.89", Trade Paired,USD,MBTN5
DEMO4543231,239056649030,07/02/2025 11:50:02,2025-07-02,-0.35,"49,732.54", Exchange Fee,USD,MESU5
DEMO4543231,239056649031,07/02/2025 11:50:02,2025-07-02,-0.19,"49,732.35", Clearing Fee,USD,MESU5
DEMO4543231,239056649032,07/02/2025 11:50:02,2025-07-02,-0.02,"49,732.33", Nfa Fee,USD,MESU5
DEMO4543231,239056649033,07/02/2025 11:50:02,2025-07-02,-0.35,"49,731.98", Commission,USD,MESU5
DEMO4543231,239056649039,07/02/2025 11:57:02,2025-07-02,-0.19,"49,731.79", Clearing Fee,USD,MCLQ5
DEMO4543231,239056649040,07/02/2025 11:57:02,2025-07-02,-0.35,"49,731.44", Commission,USD,MCLQ5
DEMO4543231,239056649046,07/02/2025 11:58:05,2025-07-02,-0.35,"49,731.09", Exchange Fee,USD,MESU5
DEMO4543231,239056649047,07/02/2025 11:58:05,2025-07-02,-0.19,"49,730.90", Clearing Fee,USD,MESU5
DEMO4543231,239056649048,07/02/2025 11:58:05,2025-07-02,-0.02,"49,730.88", Nfa Fee,USD,MESU5
DEMO4543231,239056649049,07/02/2025 11:58:05,2025-07-02,-0.35,"49,730.53", Commission,USD,MESU5
DEMO4543231,239056649052,07/02/2025 11:58:05,2025-07-02,-12.50,"49,718.03", Trade Paired,USD,MESU5
DEMO4543231,239056649057,07/02/2025 11:58:09,2025-07-02,-0.19,"49,717.84", Clearing Fee,USD,MCLQ5
DEMO4543231,239056649058,07/02/2025 11:58:09,2025-07-02,-0.35,"49,717.49", Commission,USD,MCLQ5
DEMO4543231,239056649061,07/02/2025 11:58:09,2025-07-02,-10.00,"49,707.49", Trade Paired,USD,MCLQ5
DEMO4543231,239056649066,07/02/2025 12:03:05,2025-07-02,-0.50,"49,706.99", Exchange Fee,USD,MGCQ5
DEMO4543231,239056649067,07/02/2025 12:03:05,2025-07-02,-0.19,"49,706.80", Clearing Fee,USD,MGCQ5
DEMO4543231,239056649068,07/02/2025 12:03:05,2025-07-02,-0.02,"49,706.78", Nfa Fee,USD,MGCQ5
DEMO4543231,239056649069,07/02/2025 12:03:05,2025-07-02,-0.35,"49,706.43", Commission,USD,MGCQ5
DEMO4543231,239056649075,07/02/2025 12:04:48,2025-07-02,-0.50,"49,705.93", Exchange Fee,USD,MGCQ5
DEMO4543231,239056649076,07/02/2025 12:04:48,2025-07-02,-0.19,"49,705.74", Clearing Fee,USD,MGCQ5
DEMO4543231,239056649077,07/02/2025 12:04:48,2025-07-02,-0.02,"49,705.72", Nfa Fee,USD,MGCQ5
DEMO4543231,239056649078,07/02/2025 12:04:48,2025-07-02,-0.35,"49,705.37", Commission,USD,MGCQ5
DEMO4543231,239056649081,07/02/2025 12:04:48,2025-07-02,6.00,"49,711.37", Trade Paired,USD,MGCQ5
DEMO4543231,239056649086,07/02/2025 12:09:05,2025-07-02,-0.50,"49,710.87", Exchange Fee,USD,MGCQ5
DEMO4543231,239056649087,07/02/2025 12:09:05,2025-07-02,-0.19,"49,710.68", Clearing Fee,USD,MGCQ5
DEMO4543231,239056649088,07/02/2025 12:09:05,2025-07-02,-0.02,"49,710.66", Nfa Fee,USD,MGCQ5
DEMO4543231,239056649089,07/02/2025 12:09:05,2025-07-02,-0.35,"49,710.31", Commission,USD,MGCQ5
DEMO4543231,239056649095,07/02/2025 12:10:05,2025-07-02,-0.35,"49,709.96", Exchange Fee,USD,MESU5
DEMO4543231,239056649096,07/02/2025 12:10:05,2025-07-02,-0.19,"49,709.77", Clearing Fee,USD,MESU5
DEMO4543231,239056649097,07/02/2025 12:10:05,2025-07-02,-0.02,"49,709.75", Nfa Fee,USD,MESU5
DEMO4543231,239056649098,07/02/2025 12:10:05,2025-07-02,-0.35,"49,709.40", Commission,USD,MESU5
DEMO4543231,239056649104,07/02/2025 12:11:19,2025-07-02,-0.50,"49,708.90", Exchange Fee,USD,MGCQ5
DEMO4543231,239056649105,07/02/2025 12:11:19,2025-07-02,-0.19,"49,708.71", Clearing Fee,USD,MGCQ5
DEMO4543231,239056649106,07/02/2025 12:11:19,2025-07-02,-0.02,"49,708.69", Nfa Fee,USD,MGCQ5
DEMO4543231,239056649107,07/02/2025 12:11:19,2025-07-02,-0.35,"49,708.34", Commission,USD,MGCQ5
DEMO4543231,239056649110,07/02/2025 12:11:19,2025-07-02,-11.00,"49,697.34", Trade Paired,USD,MGCQ5
DEMO4543231,239056649115,07/02/2025 12:18:02,2025-07-02,-1.15,"49,696.19", Exchange Fee,USD,MBTN5
DEMO4543231,239056649116,07/02/2025 12:18:02,2025-07-02,-0.19,"49,696.00", Clearing Fee,USD,MBTN5
DEMO4543231,239056649117,07/02/2025 12:18:02,2025-07-02,-0.02,"49,695.98", Nfa Fee,USD,MBTN5
DEMO4543231,239056649118,07/02/2025 12:18:02,2025-07-02,-0.35,"49,695.63", Commission,USD,MBTN5
DEMO4543231,239056649124,07/02/2025 12:18:05,2025-07-02,-0.50,"49,695.13", Exchange Fee,USD,MGCQ5
DEMO4543231,239056649125,07/02/2025 12:18:05,2025-07-02,-0.19,"49,694.94", Clearing Fee,USD,MGCQ5
DEMO4543231,239056649126,07/02/2025 12:18:05,2025-07-02,-0.02,"49,694.92", Nfa Fee,USD,MGCQ5
DEMO4543231,239056649127,07/02/2025 12:18:05,2025-07-02,-0.35,"49,694.57", Commission,USD,MGCQ5
DEMO4543231,239056649133,07/02/2025 12:18:07,2025-07-02,-1.15,"49,693.42", Exchange Fee,USD,MBTN5
DEMO4543231,239056649134,07/02/2025 12:18:07,2025-07-02,-0.19,"49,693.23", Clearing Fee,USD,MBTN5
DEMO4543231,239056649135,07/02/2025 12:18:07,2025-07-02,-0.02,"49,693.21", Nfa Fee,USD,MBTN5
DEMO4543231,239056649136,07/02/2025 12:18:07,2025-07-02,-0.35,"49,692.86", Commission,USD,MBTN5
DEMO4543231,239056649139,07/02/2025 12:18:07,2025-07-02,-7.50,"49,685.36", Trade Paired,USD,MBTN5
DEMO4543231,239056649144,07/02/2025 12:24:20,2025-07-02,-0.50,"49,684.86", Exchange Fee,USD,MGCQ5
DEMO4543231,239056649145,07/02/2025 12:24:20,2025-07-02,-0.19,"49,684.67", Clearing Fee,USD,MGCQ5
DEMO4543231,239056649146,07/02/2025 12:24:20,2025-07-02,-0.02,"49,684.65", Nfa Fee,USD,MGCQ5
DEMO4543231,239056649147,07/02/2025 12:24:20,2025-07-02,-0.35,"49,684.30", Commission,USD,MGCQ5
DEMO4543231,239056649150,07/02/2025 12:24:20,2025-07-02,-10.00,"49,674.30", Trade Paired,USD,MGCQ5
DEMO4543231,239056649155,07/02/2025 12:30:13,2025-07-02,-1.15,"49,673.15", Exchange Fee,USD,MBTN5
DEMO4543231,239056649156,07/02/2025 12:30:13,2025-07-02,-0.19,"49,672.96", Clearing Fee,USD,MBTN5
DEMO4543231,239056649157,07/02/2025 12:30:13,2025-07-02,-0.02,"49,672.94", Nfa Fee,USD,MBTN5
DEMO4543231,239056649158,07/02/2025 12:30:13,2025-07-02,-0.35,"49,672.59", Commission,USD,MBTN5
DEMO4543231,239056649164,07/02/2025 12:30:29,2025-07-02,-1.15,"49,671.44", Exchange Fee,USD,MBTN5
DEMO4543231,239056649165,07/02/2025 12:30:29,2025-07-02,-0.19,"49,671.25", Clearing Fee,USD,MBTN5
DEMO4543231,239056649166,07/02/2025 12:30:29,2025-07-02,-0.02,"49,671.23", Nfa Fee,USD,MBTN5
DEMO4543231,239056649167,07/02/2025 12:30:29,2025-07-02,-0.35,"49,670.88", Commission,USD,MBTN5
DEMO4543231,239056649175,07/02/2025 12:36:12,2025-07-02,-1.15,"49,669.73", Exchange Fee,USD,MBTN5
DEMO4543231,239056649176,07/02/2025 12:36:12,2025-07-02,-0.19,"49,669.54", Clearing Fee,USD,MBTN5
DEMO4543231,239056649177,07/02/2025 12:36:12,2025-07-02,-0.02,"49,669.52", Nfa Fee,USD,MBTN5
DEMO4543231,239056649178,07/02/2025 12:36:12,2025-07-02,-0.35,"49,669.17", Commission,USD,MBTN5
DEMO4543231,239056649184,07/02/2025 12:36:40,2025-07-02,-1.15,"49,668.02", Exchange Fee,USD,MBTN5
DEMO4543231,239056649185,07/02/2025 12:36:40,2025-07-02,-0.19,"49,667.83", Clearing Fee,USD,MBTN5
DEMO4543231,239056649186,07/02/2025 12:36:40,2025-07-02,-0.02,"49,667.81", Nfa Fee,USD,MBTN5
DEMO4543231,239056649187,07/02/2025 12:36:40,2025-07-02,-0.35,"49,667.46", Commission,USD,MBTN5
DEMO4543231,239056649190,07/02/2025 12:36:40,2025-07-02,3.50,"49,670.96", Trade Paired,USD,MBTN5
DEMO4543231,239056649195,07/02/2025 12:38:03,2025-07-02,-0.35,"49,670.61", Exchange Fee,USD,MESU5
DEMO4543231,239056649196,07/02/2025 12:38:03,2025-07-02,-0.19,"49,670.42", Clearing Fee,USD,MESU5
DEMO4543231,239056649197,07/02/2025 12:38:03,2025-07-02,-0.02,"49,670.40", Nfa Fee,USD,MESU5
DEMO4543231,239056649198,07/02/2025 12:38:03,2025-07-02,-0.35,"49,670.05", Commission,USD,MESU5
DEMO4543231,239056649201,07/02/2025 12:38:03,2025-07-02,15.00,"49,685.05", Trade Paired,USD,MESU5
DEMO4543231,239056649206,07/02/2025 12:39:02,2025-07-02,-0.50,"49,684.55", Exchange Fee,USD,MGCQ5
DEMO4543231,239056649207,07/02/2025 12:39:02,2025-07-02,-0.19,"49,684.36", Clearing Fee,USD,MGCQ5
DEMO4543231,239056649208,07/02/2025 12:39:02,2025-07-02,-0.02,"49,684.34", Nfa Fee,USD,MGCQ5
DEMO4543231,239056649209,07/02/2025 12:39:02,2025-07-02,-0.35,"49,683.99", Commission,USD,MGCQ5
DEMO4543231,239056649215,07/02/2025 12:40:03,2025-07-02,-0.35,"49,683.64", Exchange Fee,USD,MESU5
DEMO4543231,239056649216,07/02/2025 12:40:03,2025-07-02,-0.19,"49,683.45", Clearing Fee,USD,MESU5
DEMO4543231,239056649217,07/02/2025 12:40:03,2025-07-02,-0.02,"49,683.43", Nfa Fee,USD,MESU5
DEMO4543231,239056649218,07/02/2025 12:40:03,2025-07-02,-0.35,"49,683.08", Commission,USD,MESU5
DEMO4543231,239056649224,07/02/2025 12:40:11,2025-07-02,-0.50,"49,682.58", Exchange Fee,USD,MGCQ5
DEMO4543231,239056649225,07/02/2025 12:40:11,2025-07-02,-0.19,"49,682.39", Clearing Fee,USD,MGCQ5
DEMO4543231,239056649226,07/02/2025 12:40:11,2025-07-02,-0.02,"49,682.37", Nfa Fee,USD,MGCQ5
DEMO4543231,239056649227,07/02/2025 12:40:11,2025-07-02,-0.35,"49,682.02", Commission,USD,MGCQ5
DEMO4543231,239056649230,07/02/2025 12:40:11,2025-07-02,8.00,"49,690.02", Trade Paired,USD,MGCQ5
DEMO4543231,239056649235,07/02/2025 12:48:04,2025-07-02,-0.19,"49,689.83", Clearing Fee,USD,MCLQ5
DEMO4543231,239056649236,07/02/2025 12:48:04,2025-07-02,-0.35,"49,689.48", Commission,USD,MCLQ5
DEMO4543231,239056649242,07/02/2025 12:52:08,2025-07-02,-0.19,"49,689.29", Clearing Fee,USD,MCLQ5
DEMO4543231,239056649243,07/02/2025 12:52:08,2025-07-02,-0.35,"49,688.94", Commission,USD,MCLQ5
DEMO4543231,239056649246,07/02/2025 12:52:08,2025-07-02,6.00,"49,694.94", Trade Paired,USD,MCLQ5
DEMO4543231,239056649251,07/02/2025 13:00:08,2025-07-02,-1.15,"49,693.79", Exchange Fee,USD,MBTN5
DEMO4543231,239056649252,07/02/2025 13:00:08,2025-07-02,-0.19,"49,693.60", Clearing Fee,USD,MBTN5
DEMO4543231,239056649253,07/02/2025 13:00:08,2025-07-02,-0.02,"49,693.58", Nfa Fee,USD,MBTN5
DEMO4543231,239056649254,07/02/2025 13:00:08,2025-07-02,-0.35,"49,693.23", Commission,USD,MBTN5
DEMO4543231,239056649260,07/02/2025 13:00:15,2025-07-02,-1.15,"49,692.08", Exchange Fee,USD,MBTN5
DEMO4543231,239056649261,07/02/2025 13:00:15,2025-07-02,-0.19,"49,691.89", Clearing Fee,USD,MBTN5
DEMO4543231,239056649262,07/02/2025 13:00:15,2025-07-02,-0.02,"49,691.87", Nfa Fee,USD,MBTN5
DEMO4543231,239056649263,07/02/2025 13:00:15,2025-07-02,-0.35,"49,691.52", Commission,USD,MBTN5
DEMO4543231,239056649266,07/02/2025 13:00:15,2025-07-02,-1.00,"49,690.52", Trade Paired,USD,MBTN5
DEMO4543231,239056649271,07/02/2025 13:06:04,2025-07-02,-0.19,"49,690.33", Clearing Fee,USD,MCLQ5
DEMO4543231,239056649272,07/02/2025 13:06:04,2025-07-02,-0.35,"49,689.98", Commission,USD,MCLQ5
DEMO4543231,239056649278,07/02/2025 13:09:15,2025-07-02,-0.35,"49,689.63", Exchange Fee,USD,MESU5
DEMO4543231,239056649279,07/02/2025 13:09:15,2025-07-02,-0.19,"49,689.44", Clearing Fee,USD,MESU5
DEMO4543231,239056649280,07/02/2025 13:09:15,2025-07-02,-0.02,"49,689.42", Nfa Fee,USD,MESU5
DEMO4543231,239056649281,07/02/2025 13:09:15,2025-07-02,-0.35,"49,689.07", Commission,USD,MESU5
DEMO4543231,239056649284,07/02/2025 13:09:15,2025-07-02,-12.50,"49,676.57", Trade Paired,USD,MESU5
DEMO4543231,239056649289,07/02/2025 13:12:25,2025-07-02,-0.19,"49,676.38", Clearing Fee,USD,MCLQ5
DEMO4543231,239056649290,07/02/2025 13:12:25,2025-07-02,-0.35,"49,676.03", Commission,USD,MCLQ5
DEMO4543231,239056649293,07/02/2025 13:12:25,2025-07-02,-12.00,"49,664.03", Trade Paired,USD,MCLQ5
DEMO4543231,239056649298,07/02/2025 13:15:00,2025-07-02,-0.35,"49,663.68", Exchange Fee,USD,MESU5
DEMO4543231,239056649299,07/02/2025 13:15:00,2025-07-02,-0.19,"49,663.49", Clearing Fee,USD,MESU5
DEMO4543231,239056649300,07/02/2025 13:15:00,2025-07-02,-0.02,"49,663.47", Nfa Fee,USD,MESU5
DEMO4543231,239056649301,07/02/2025 13:15:00,2025-07-02,-0.35,"49,663.12", Commission,USD,MESU5
DEMO4543231,239056649307,07/02/2025 13:18:03,2025-07-02,-1.15,"49,661.97", Exchange Fee,USD,MBTN5
DEMO4543231,239056649308,07/02/2025 13:18:03,2025-07-02,-0.19,"49,661.78", Clearing Fee,USD,MBTN5
DEMO4543231,239056649309,07/02/2025 13:18:03,2025-07-02,-0.02,"49,661.76", Nfa Fee,USD,MBTN5
DEMO4543231,239056649310,07/02/2025 13:18:03,2025-07-02,-0.35,"49,661.41", Commission,USD,MBTN5
DEMO4543231,239056649316,07/02/2025 13:18:04,2025-07-02,-0.50,"49,660.91", Exchange Fee,USD,MGCQ5
DEMO4543231,239056649317,07/02/2025 13:18:04,2025-07-02,-0.19,"49,660.72", Clearing Fee,USD,MGCQ5
DEMO4543231,239056649318,07/02/2025 13:18:04,2025-07-02,-0.02,"49,660.70", Nfa Fee,USD,MGCQ5
DEMO4543231,239056649319,07/02/2025 13:18:04,2025-07-02,-0.35,"49,660.35", Commission,USD,MGCQ5
DEMO4543231,239056649325,07/02/2025 13:18:28,2025-07-02,-1.15,"49,659.20", Exchange Fee,USD,MBTN5
DEMO4543231,239056649326,07/02/2025 13:18:28,2025-07-02,-0.19,"49,659.01", Clearing Fee,USD,MBTN5
DEMO4543231,239056649327,07/02/2025 13:18:28,2025-07-02,-0.02,"49,658.99", Nfa Fee,USD,MBTN5
DEMO4543231,239056649328,07/02/2025 13:18:28,2025-07-02,-0.35,"49,658.64", Commission,USD,MBTN5
DEMO4543231,239056649331,07/02/2025 13:18:28,2025-07-02,-8.00,"49,650.64", Trade Paired,USD,MBTN5
DEMO4543231,239056649336,07/02/2025 13:20:47,2025-07-02,-0.35,"49,650.29", Exchange Fee,USD,MESU5
DEMO4543231,239056649337,07/02/2025 13:20:47,2025-07-02,-0.19,"49,650.10", Clearing Fee,USD,MESU5
DEMO4543231,239056649338,07/02/2025 13:20:47,2025-07-02,-0.02,"49,650.08", Nfa Fee,USD,MESU5
DEMO4543231,239056649339,07/02/2025 13:20:47,2025-07-02,-0.35,"49,649.73", Commission,USD,MESU5
DEMO4543231,239056649342,07/02/2025 13:20:47,2025-07-02,-12.50,"49,637.23", Trade Paired,USD,MESU5
DEMO4543231,239056649347,07/02/2025 13:28:10,2025-07-02,-0.50,"49,636.73", Exchange Fee,USD,MGCQ5
DEMO4543231,239056649348,07/02/2025 13:28:10,2025-07-02,-0.19,"49,636.54", Clearing Fee,USD,MGCQ5
DEMO4543231,239056649349,07/02/2025 13:28:10,2025-07-02,-0.02,"49,636.52", Nfa Fee,USD,MGCQ5
DEMO4543231,239056649350,07/02/2025 13:28:10,2025-07-02,-0.35,"49,636.17", Commission,USD,MGCQ5
DEMO4543231,239056649353,07/02/2025 13:28:10,2025-07-02,-16.00,"49,620.17", Trade Paired,USD,MGCQ5
DEMO4543231,239056649358,07/02/2025 13:36:02,2025-07-02,-0.50,"49,619.67", Exchange Fee,USD,MGCQ5
DEMO4543231,239056649359,07/02/2025 13:36:02,2025-07-02,-0.19,"49,619.48", Clearing Fee,USD,MGCQ5
DEMO4543231,239056649360,07/02/2025 13:36:02,2025-07-02,-0.02,"49,619.46", Nfa Fee,USD,MGCQ5
DEMO4543231,239056649361,07/02/2025 13:36:02,2025-07-02,-0.35,"49,619.11", Commission,USD,MGCQ5
DEMO4543231,239056649367,07/02/2025 13:39:03,2025-07-02,-0.19,"49,618.92", Clearing Fee,USD,MCLQ5
DEMO4543231,239056649368,07/02/2025 13:39:03,2025-07-02,-0.35,"49,618.57", Commission,USD,MCLQ5
DEMO4543231,239056649374,07/02/2025 13:45:11,2025-07-02,-1.15,"49,617.42", Exchange Fee,USD,MBTN5
DEMO4543231,239056649375,07/02/2025 13:45:11,2025-07-02,-0.19,"49,617.23", Clearing Fee,USD,MBTN5
DEMO4543231,239056649376,07/02/2025 13:45:11,2025-07-02,-0.02,"49,617.21", Nfa Fee,USD,MBTN5
DEMO4543231,239056649377,07/02/2025 13:45:11,2025-07-02,-0.35,"49,616.86", Commission,USD,MBTN5
DEMO4543231,239056649383,07/02/2025 13:45:26,2025-07-02,-1.15,"49,615.71", Exchange Fee,USD,MBTN5
DEMO4543231,239056649384,07/02/2025 13:45:26,2025-07-02,-0.19,"49,615.52", Clearing Fee,USD,MBTN5
DEMO4543231,239056649385,07/02/2025 13:45:26,2025-07-02,-0.02,"49,615.50", Nfa Fee,USD,MBTN5
DEMO4543231,239056649386,07/02/2025 13:45:26,2025-07-02,-0.35,"49,615.15", Commission,USD,MBTN5
DEMO4543231,239056649389,07/02/2025 13:45:26,2025-07-02,-7.50,"49,607.65", Trade Paired,USD,MBTN5
DEMO4543231,239056649394,07/02/2025 13:46:07,2025-07-02,-0.19,"49,607.46", Clearing Fee,USD,MCLQ5
DEMO4543231,239056649395,07/02/2025 13:46:07,2025-07-02,-0.35,"49,607.11", Commission,USD,MCLQ5
DEMO4543231,239056649398,07/02/2025 13:46:07,2025-07-02,11.00,"49,618.11", Trade Paired,USD,MCLQ5
DEMO4543231,239056649403,07/02/2025 13:47:25,2025-07-02,-0.50,"49,617.61", Exchange Fee,USD,MGCQ5
DEMO4543231,239056649404,07/02/2025 13:47:25,2025-07-02,-0.19,"49,617.42", Clearing Fee,USD,MGCQ5
DEMO4543231,239056649405,07/02/2025 13:47:25,2025-07-02,-0.02,"49,617.40", Nfa Fee,USD,MGCQ5
DEMO4543231,239056649406,07/02/2025 13:47:25,2025-07-02,-0.35,"49,617.05", Commission,USD,MGCQ5
DEMO4543231,239056649409,07/02/2025 13:47:25,2025-07-02,-10.00,"49,607.05", Trade Paired,USD,MGCQ5
DEMO4543231,239056649414,07/02/2025 13:50:03,2025-07-02,-0.35,"49,606.70", Exchange Fee,USD,MESU5
DEMO4543231,239056649415,07/02/2025 13:50:03,2025-07-02,-0.19,"49,606.51", Clearing Fee,USD,MESU5
DEMO4543231,239056649416,07/02/2025 13:50:03,2025-07-02,-0.02,"49,606.49", Nfa Fee,USD,MESU5
DEMO4543231,239056649417,07/02/2025 13:50:03,2025-07-02,-0.35,"49,606.14", Commission,USD,MESU5
DEMO4543231,239056649423,07/02/2025 13:51:03,2025-07-02,-1.15,"49,604.99", Exchange Fee,USD,MBTN5
DEMO4543231,239056649424,07/02/2025 13:51:03,2025-07-02,-0.19,"49,604.80", Clearing Fee,USD,MBTN5
DEMO4543231,239056649425,07/02/2025 13:51:03,2025-07-02,-0.02,"49,604.78", Nfa Fee,USD,MBTN5
DEMO4543231,239056649426,07/02/2025 13:51:03,2025-07-02,-0.35,"49,604.43", Commission,USD,MBTN5
DEMO4543231,239056649432,07/02/2025 13:51:05,2025-07-02,-0.50,"49,603.93", Exchange Fee,USD,MGCQ5
DEMO4543231,239056649433,07/02/2025 13:51:05,2025-07-02,-0.19,"49,603.74", Clearing Fee,USD,MGCQ5
DEMO4543231,239056649434,07/02/2025 13:51:05,2025-07-02,-0.02,"49,603.72", Nfa Fee,USD,MGCQ5
DEMO4543231,239056649435,07/02/2025 13:51:05,2025-07-02,-0.35,"49,603.37", Commission,USD,MGCQ5
DEMO4543231,239056649441,07/02/2025 13:51:20,2025-07-02,-1.15,"49,602.22", Exchange Fee,USD,MBTN5
DEMO4543231,239056649442,07/02/2025 13:51:20,2025-07-02,-0.19,"49,602.03", Clearing Fee,USD,MBTN5
DEMO4543231,239056649443,07/02/2025 13:51:20,2025-07-02,-0.02,"49,602.01", Nfa Fee,USD,MBTN5
DEMO4543231,239056649444,07/02/2025 13:51:20,2025-07-02,-0.35,"49,601.66", Commission,USD,MBTN5
DEMO4543231,239056649447,07/02/2025 13:51:20,2025-07-02,-7.00,"49,594.66", Trade Paired,USD,MBTN5
DEMO4543231,239056649452,07/02/2025 13:53:28,2025-07-02,-0.35,"49,594.31", Exchange Fee,USD,MESU5
DEMO4543231,239056649453,07/02/2025 13:53:28,2025-07-02,-0.19,"49,594.12", Clearing Fee,USD,MESU5
DEMO4543231,239056649454,07/02/2025 13:53:28,2025-07-02,-0.02,"49,594.10", Nfa Fee,USD,MESU5
DEMO4543231,239056649455,07/02/2025 13:53:28,2025-07-02,-0.35,"49,593.75", Commission,USD,MESU5
DEMO4543231,239056649458,07/02/2025 13:53:28,2025-07-02,10.00,"49,603.75", Trade Paired,USD,MESU5
DEMO4543231,239056649463,07/02/2025 13:54:01,2025-07-02,-0.19,"49,603.56", Clearing Fee,USD,MCLQ5
DEMO4543231,239056649464,07/02/2025 13:54:01,2025-07-02,-0.35,"49,603.21", Commission,USD,MCLQ5
DEMO4543231,239056649470,07/02/2025 13:57:11,2025-07-02,-0.19,"49,603.02", Clearing Fee,USD,MCLQ5
DEMO4543231,239056649471,07/02/2025 13:57:11,2025-07-02,-0.35,"49,602.67", Commission,USD,MCLQ5
DEMO4543231,239056649474,07/02/2025 13:57:11,2025-07-02,8.00,"49,610.67", Trade Paired,USD,MCLQ5
DEMO4543231,239056649479,07/02/2025 14:00:17,2025-07-02,-1.15,"49,609.52", Exchange Fee,USD,MBTN5
DEMO4543231,239056649480,07/02/2025 14:00:17,2025-07-02,-0.19,"49,609.33", Clearing Fee,USD,MBTN5
DEMO4543231,239056649481,07/02/2025 14:00:17,2025-07-02,-0.02,"49,609.31", Nfa Fee,USD,MBTN5
DEMO4543231,239056649482,07/02/2025 14:00:17,2025-07-02,-0.35,"49,608.96", Commission,USD,MBTN5
DEMO4543231,239056649488,07/02/2025 14:00:43,2025-07-02,-1.15,"49,607.81", Exchange Fee,USD,MBTN5
DEMO4543231,239056649489,07/02/2025 14:00:43,2025-07-02,-0.19,"49,607.62", Clearing Fee,USD,MBTN5
DEMO4543231,239056649490,07/02/2025 14:00:43,2025-07-02,-0.02,"49,607.60", Nfa Fee,USD,MBTN5
DEMO4543231,239056649491,07/02/2025 14:00:43,2025-07-02,-0.35,"49,607.25", Commission,USD,MBTN5
DEMO4543231,239056649494,07/02/2025 14:00:43,2025-07-02,-3.00,"49,604.25", Trade Paired,USD,MBTN5
DEMO4543231,239056649499,07/02/2025 14:09:08,2025-07-02,-0.50,"49,603.75", Exchange Fee,USD,MGCQ5
DEMO4543231,239056649500,07/02/2025 14:09:08,2025-07-02,-0.19,"49,603.56", Clearing Fee,USD,MGCQ5
DEMO4543231,239056649501,07/02/2025 14:09:08,2025-07-02,-0.02,"49,603.54", Nfa Fee,USD,MGCQ5
DEMO4543231,239056649502,07/02/2025 14:09:08,2025-07-02,-0.35,"49,603.19", Commission,USD,MGCQ5
DEMO4543231,239056649505,07/02/2025 14:09:08,2025-07-02,9.00,"49,612.19", Trade Paired,USD,MGCQ5
DEMO4543231,239056649510,07/02/2025 14:15:06,2025-07-02,-1.15,"49,611.04", Exchange Fee,USD,MBTN5
DEMO4543231,239056649511,07/02/2025 14:15:06,2025-07-02,-0.19,"49,610.85", Clearing Fee,USD,MBTN5
DEMO4543231,239056649512,07/02/2025 14:15:06,2025-07-02,-0.02,"49,610.83", Nfa Fee,USD,MBTN5
DEMO4543231,239056649513,07/02/2025 14:15:06,2025-07-02,-0.35,"49,610.48", Commission,USD,MBTN5
DEMO4543231,239056649519,07/02/2025 14:15:51,2025-07-02,-1.15,"49,609.33", Exchange Fee,USD,MBTN5
DEMO4543231,239056649520,07/02/2025 14:15:51,2025-07-02,-0.19,"49,609.14", Clearing Fee,USD,MBTN5
DEMO4543231,239056649521,07/02/2025 14:15:51,2025-07-02,-0.02,"49,609.12", Nfa Fee,USD,MBTN5
DEMO4543231,239056649522,07/02/2025 14:15:51,2025-07-02,-0.35,"49,608.77", Commission,USD,MBTN5
DEMO4543231,239056649525,07/02/2025 14:15:51,2025-07-02,4.50,"49,613.27", Trade Paired,USD,MBTN5
DEMO4543231,239056649530,07/02/2025 14:20:01,2025-07-02,-0.35,"49,612.92", Exchange Fee,USD,MESU5
DEMO4543231,239056649531,07/02/2025 14:20:01,2025-07-02,-0.19,"49,612.73", Clearing Fee,USD,MESU5
DEMO4543231,239056649532,07/02/2025 14:20:01,2025-07-02,-0.02,"49,612.71", Nfa Fee,USD,MESU5
DEMO4543231,239056649533,07/02/2025 14:20:01,2025-07-02,-0.35,"49,612.36", Commission,USD,MESU5
DEMO4543231,239056649539,07/02/2025 14:21:06,2025-07-02,-0.50,"49,611.86", Exchange Fee,USD,MGCQ5
DEMO4543231,239056649540,07/02/2025 14:21:06,2025-07-02,-0.19,"49,611.67", Clearing Fee,USD,MGCQ5
DEMO4543231,239056649541,07/02/2025 14:21:06,2025-07-02,-0.02,"49,611.65", Nfa Fee,USD,MGCQ5
DEMO4543231,239056649542,07/02/2025 14:21:06,2025-07-02,-0.35,"49,611.30", Commission,USD,MGCQ5
DEMO4543231,239056649548,07/02/2025 14:22:39,2025-07-02,-0.50,"49,610.80", Exchange Fee,USD,MGCQ5
DEMO4543231,239056649549,07/02/2025 14:22:39,2025-07-02,-0.19,"49,610.61", Clearing Fee,USD,MGCQ5
DEMO4543231,239056649550,07/02/2025 14:22:39,2025-07-02,-0.02,"49,610.59", Nfa Fee,USD,MGCQ5
DEMO4543231,239056649551,07/02/2025 14:22:39,2025-07-02,-0.35,"49,610.24", Commission,USD,MGCQ5
DEMO4543231,239056649554,07/02/2025 14:22:39,2025-07-02,4.00,"49,614.24", Trade Paired,USD,MGCQ5
DEMO4543231,239056649559,07/02/2025 14:24:08,2025-07-02,-1.15,"49,613.09", Exchange Fee,USD,MBTN5
DEMO4543231,239056649560,07/02/2025 14:24:08,2025-07-02,-0.19,"49,612.90", Clearing Fee,USD,MBTN5
DEMO4543231,239056649561,07/02/2025 14:24:08,2025-07-02,-0.02,"49,612.88", Nfa Fee,USD,MBTN5
DEMO4543231,239056649562,07/02/2025 14:24:08,2025-07-02,-0.35,"49,612.53", Commission,USD,MBTN5
DEMO4543231,239056649568,07/02/2025 14:24:22,2025-07-02,-1.15,"49,611.38", Exchange Fee,USD,MBTN5
DEMO4543231,239056649569,07/02/2025 14:24:22,2025-07-02,-0.19,"49,611.19", Clearing Fee,USD,MBTN5
DEMO4543231,239056649570,07/02/2025 14:24:22,2025-07-02,-0.02,"49,611.17", Nfa Fee,USD,MBTN5
DEMO4543231,239056649571,07/02/2025 14:24:22,2025-07-02,-0.35,"49,610.82", Commission,USD,MBTN5
DEMO4543231,239056649574,07/02/2025 14:24:22,2025-07-02,3.50,"49,614.32", Trade Paired,USD,MBTN5
DEMO4543231,239056649579,07/02/2025 14:36:01,2025-07-02,-1.15,"49,613.17", Exchange Fee,USD,MBTN5
DEMO4543231,239056649580,07/02/2025 14:36:01,2025-07-02,-0.19,"49,612.98", Clearing Fee,USD,MBTN5
DEMO4543231,239056649581,07/02/2025 14:36:01,2025-07-02,-0.02,"49,612.96", Nfa Fee,USD,MBTN5
DEMO4543231,239056649582,07/02/2025 14:36:01,2025-07-02,-0.35,"49,612.61", Commission,USD,MBTN5
DEMO4543231,239056649588,07/02/2025 14:37:09,2025-07-02,-1.15,"49,611.46", Exchange Fee,USD,MBTN5
DEMO4543231,239056649589,07/02/2025 14:37:09,2025-07-02,-0.19,"49,611.27", Clearing Fee,USD,MBTN5
DEMO4543231,239056649590,07/02/2025 14:37:09,2025-07-02,-0.02,"49,611.25", Nfa Fee,USD,MBTN5
DEMO4543231,239056649591,07/02/2025 14:37:09,2025-07-02,-0.35,"49,610.90", Commission,USD,MBTN5
DEMO4543231,239056649594,07/02/2025 14:37:09,2025-07-02,-1.00,"49,609.90", Trade Paired,USD,MBTN5
DEMO4543231,239056649599,07/02/2025 14:41:00,2025-07-02,-0.35,"49,609.55", Exchange Fee,USD,MESU5
DEMO4543231,239056649600,07/02/2025 14:41:00,2025-07-02,-0.19,"49,609.36", Clearing Fee,USD,MESU5
DEMO4543231,239056649601,07/02/2025 14:41:00,2025-07-02,-0.02,"49,609.34", Nfa Fee,USD,MESU5
DEMO4543231,239056649602,07/02/2025 14:41:00,2025-07-02,-0.35,"49,608.99", Commission,USD,MESU5
DEMO4543231,239056649605,07/02/2025 14:41:00,2025-07-02,10.00,"49,618.99", Trade Paired,USD,MESU5
DEMO4543231,239056649610,07/02/2025 14:45:22,2025-07-02,-1.15,"49,617.84", Exchange Fee,USD,MBTN5
DEMO4543231,239056649611,07/02/2025 14:45:22,2025-07-02,-0.19,"49,617.65", Clearing Fee,USD,MBTN5
DEMO4543231,239056649612,07/02/2025 14:45:22,2025-07-02,-0.02,"49,617.63", Nfa Fee,USD,MBTN5
DEMO4543231,239056649613,07/02/2025 14:45:22,2025-07-02,-0.35,"49,617.28", Commission,USD,MBTN5
DEMO4543231,239056649619,07/02/2025 14:48:24,2025-07-02,-1.15,"49,616.13", Exchange Fee,USD,MBTN5
DEMO4543231,239056649620,07/02/2025 14:48:24,2025-07-02,-0.19,"49,615.94", Clearing Fee,USD,MBTN5
DEMO4543231,239056649621,07/02/2025 14:48:24,2025-07-02,-0.02,"49,615.92", Nfa Fee,USD,MBTN5
DEMO4543231,239056649622,07/02/2025 14:48:24,2025-07-02,-0.35,"49,615.57", Commission,USD,MBTN5
DEMO4543231,239056649625,07/02/2025 14:48:24,2025-07-02,3.00,"49,618.57", Trade Paired,USD,MBTN5
DEMO4543231,239056649630,07/02/2025 14:51:05,2025-07-02,-0.50,"49,618.07", Exchange Fee,USD,MGCQ5
DEMO4543231,239056649631,07/02/2025 14:51:05,2025-07-02,-0.19,"49,617.88", Clearing Fee,USD,MGCQ5
DEMO4543231,239056649632,07/02/2025 14:51:05,2025-07-02,-0.02,"49,617.86", Nfa Fee,USD,MGCQ5
DEMO4543231,239056649633,07/02/2025 14:51:05,2025-07-02,-0.35,"49,617.51", Commission,USD,MGCQ5
DEMO4543231,239056649639,07/02/2025 14:54:09,2025-07-02,-1.15,"49,616.36", Exchange Fee,USD,MBTN5
DEMO4543231,239056649640,07/02/2025 14:54:09,2025-07-02,-0.19,"49,616.17", Clearing Fee,USD,MBTN5
DEMO4543231,239056649641,07/02/2025 14:54:09,2025-07-02,-0.02,"49,616.15", Nfa Fee,USD,MBTN5
DEMO4543231,239056649642,07/02/2025 14:54:09,2025-07-02,-0.35,"49,615.80", Commission,USD,MBTN5
DEMO4543231,239056649648,07/02/2025 14:54:44,2025-07-02,-0.50,"49,615.30", Exchange Fee,USD,MGCQ5
DEMO4543231,239056649649,07/02/2025 14:54:44,2025-07-02,-0.19,"49,615.11", Clearing Fee,USD,MGCQ5
DEMO4543231,239056649650,07/02/2025 14:54:44,2025-07-02,-0.02,"49,615.09", Nfa Fee,USD,MGCQ5
DEMO4543231,239056649651,07/02/2025 14:54:44,2025-07-02,-0.35,"49,614.74", Commission,USD,MGCQ5
DEMO4543231,239056649654,07/02/2025 14:54:44,2025-07-02,-6.00,"49,608.74", Trade Paired,USD,MGCQ5
DEMO4543231,239056649659,07/02/2025 14:55:35,2025-07-02,-1.15,"49,607.59", Exchange Fee,USD,MBTN5
DEMO4543231,239056649660,07/02/2025 14:55:35,2025-07-02,-0.19,"49,607.40", Clearing Fee,USD,MBTN5
DEMO4543231,239056649661,07/02/2025 14:55:35,2025-07-02,-0.02,"49,607.38", Nfa Fee,USD,MBTN5
DEMO4543231,239056649662,07/02/2025 14:55:35,2025-07-02,-0.35,"49,607.03", Commission,USD,MBTN5
DEMO4543231,239056649665,07/02/2025 14:55:35,2025-07-02,7.50,"49,614.53", Trade Paired,USD,MBTN5
DEMO4543231,239056649670,07/02/2025 14:57:02,2025-07-02,-0.50,"49,614.03", Exchange Fee,USD,MGCQ5
DEMO4543231,239056649671,07/02/2025 14:57:02,2025-07-02,-0.19,"49,613.84", Clearing Fee,USD,MGCQ5
DEMO4543231,239056649672,07/02/2025 14:57:02,2025-07-02,-0.02,"49,613.82", Nfa Fee,USD,MGCQ5
DEMO4543231,239056649673,07/02/2025 14:57:02,2025-07-02,-0.35,"49,613.47", Commission,USD,MGCQ5
DEMO4543231,239056649679,07/02/2025 14:57:31,2025-07-02,-0.50,"49,612.97", Exchange Fee,USD,MGCQ5
DEMO4543231,239056649680,07/02/2025 14:57:31,2025-07-02,-0.19,"49,612.78", Clearing Fee,USD,MGCQ5
DEMO4543231,239056649681,07/02/2025 14:57:31,2025-07-02,-0.02,"49,612.76", Nfa Fee,USD,MGCQ5
DEMO4543231,239056649682,07/02/2025 14:57:31,2025-07-02,-0.35,"49,612.41", Commission,USD,MGCQ5
DEMO4543231,239056649685,07/02/2025 14:57:31,2025-07-02,5.00,"49,617.41", Trade Paired,USD,MGCQ5
DEMO4543231,239056649690,07/02/2025 15:15:19,2025-07-02,-1.15,"49,616.26", Exchange Fee,USD,MBTN5
DEMO4543231,239056649691,07/02/2025 15:15:19,2025-07-02,-0.19,"49,616.07", Clearing Fee,USD,MBTN5
DEMO4543231,239056649692,07/02/2025 15:15:19,2025-07-02,-0.02,"49,616.05", Nfa Fee,USD,MBTN5
DEMO4543231,239056649693,07/02/2025 15:15:19,2025-07-02,-0.35,"49,615.70", Commission,USD,MBTN5
DEMO4543231,239056649699,07/02/2025 15:15:35,2025-07-02,-1.15,"49,614.55", Exchange Fee,USD,MBTN5
DEMO4543231,239056649700,07/02/2025 15:15:35,2025-07-02,-0.19,"49,614.36", Clearing Fee,USD,MBTN5
DEMO4543231,239056649701,07/02/2025 15:15:35,2025-07-02,-0.02,"49,614.34", Nfa Fee,USD,MBTN5
DEMO4543231,239056649702,07/02/2025 15:15:35,2025-07-02,-0.35,"49,613.99", Commission,USD,MBTN5
DEMO4543231,239056649705,07/02/2025 15:15:35,2025-07-02,-1.50,"49,612.49", Trade Paired,USD,MBTN5
DEMO4543231,239056649710,07/02/2025 15:25:01,2025-07-02,-0.35,"49,612.14", Exchange Fee,USD,MESU5
DEMO4543231,239056649711,07/02/2025 15:25:01,2025-07-02,-0.19,"49,611.95", Clearing Fee,USD,MESU5
DEMO4543231,239056649712,07/02/2025 15:25:01,2025-07-02,-0.02,"49,611.93", Nfa Fee,USD,MESU5
DEMO4543231,239056649713,07/02/2025 15:25:01,2025-07-02,-0.35,"49,611.58", Commission,USD,MESU5
DEMO4543231,239056649719,07/02/2025 15:30:05,2025-07-02,-1.15,"49,610.43", Exchange Fee,USD,MBTN5
DEMO4543231,239056649720,07/02/2025 15:30:05,2025-07-02,-0.19,"49,610.24", Clearing Fee,USD,MBTN5
DEMO4543231,239056649721,07/02/2025 15:30:05,2025-07-02,-0.02,"49,610.22", Nfa Fee,USD,MBTN5
DEMO4543231,239056649722,07/02/2025 15:30:05,2025-07-02,-0.35,"49,609.87", Commission,USD,MBTN5
DEMO4543231,239056649728,07/02/2025 15:31:30,2025-07-02,-1.15,"49,608.72", Exchange Fee,USD,MBTN5
DEMO4543231,239056649729,07/02/2025 15:31:30,2025-07-02,-0.19,"49,608.53", Clearing Fee,USD,MBTN5
DEMO4543231,239056649730,07/02/2025 15:31:30,2025-07-02,-0.02,"49,608.51", Nfa Fee,USD,MBTN5
DEMO4543231,239056649731,07/02/2025 15:31:30,2025-07-02,-0.35,"49,608.16", Commission,USD,MBTN5
DEMO4543231,239056649734,07/02/2025 15:31:30,2025-07-02,-3.50,"49,604.66", Trade Paired,USD,MBTN5
DEMO4543231,239056649739,07/02/2025 15:38:27,2025-07-02,-0.35,"49,604.31", Exchange Fee,USD,MESU5
DEMO4543231,239056649740,07/02/2025 15:38:27,2025-07-02,-0.19,"49,604.12", Clearing Fee,USD,MESU5
DEMO4543231,239056649741,07/02/2025 15:38:27,2025-07-02,-0.02,"49,604.10", Nfa Fee,USD,MESU5
DEMO4543231,239056649742,07/02/2025 15:38:27,2025-07-02,-0.35,"49,603.75", Commission,USD,MESU5
DEMO4543231,239056649745,07/02/2025 15:38:27,2025-07-02,-11.25,"49,592.50", Trade Paired,USD,MESU5
DEMO4543231,239056649750,07/02/2025 15:45:01,2025-07-02,-0.35,"49,592.15", Exchange Fee,USD,MESU5
DEMO4543231,239056649751,07/02/2025 15:45:01,2025-07-02,-0.19,"49,591.96", Clearing Fee,USD,MESU5
DEMO4543231,239056649752,07/02/2025 15:45:01,2025-07-02,-0.02,"49,591.94", Nfa Fee,USD,MESU5
DEMO4543231,239056649753,07/02/2025 15:45:01,2025-07-02,-0.35,"49,591.59", Commission,USD,MESU5
DEMO4543231,239056649759,07/02/2025 15:50:04,2025-07-02,-0.35,"49,591.24", Exchange Fee,USD,MESU5
DEMO4543231,239056649760,07/02/2025 15:50:04,2025-07-02,-0.19,"49,591.05", Clearing Fee,USD,MESU5
DEMO4543231,239056649761,07/02/2025 15:50:04,2025-07-02,-0.02,"49,591.03", Nfa Fee,USD,MESU5
DEMO4543231,239056649762,07/02/2025 15:50:04,2025-07-02,-0.35,"49,590.68", Commission,USD,MESU5
DEMO4543231,239056649765,07/02/2025 15:50:04,2025-07-02,1.25,"49,591.93", Trade Paired,USD,MESU5
DEMO4543231,239056649770,07/02/2025 15:51:05,2025-07-02,-1.15,"49,590.78", Exchange Fee,USD,MBTN5
DEMO4543231,239056649771,07/02/2025 15:51:05,2025-07-02,-0.19,"49,590.59", Clearing Fee,USD,MBTN5
DEMO4543231,239056649772,07/02/2025 15:51:05,2025-07-02,-0.02,"49,590.57", Nfa Fee,USD,MBTN5
DEMO4543231,239056649773,07/02/2025 15:51:05,2025-07-02,-0.35,"49,590.22", Commission,USD,MBTN5
DEMO4543231,239056649779,07/02/2025 15:51:24,2025-07-02,-1.15,"49,589.07", Exchange Fee,USD,MBTN5
DEMO4543231,239056649780,07/02/2025 15:51:24,2025-07-02,-0.19,"49,588.88", Clearing Fee,USD,MBTN5
DEMO4543231,239056649781,07/02/2025 15:51:24,2025-07-02,-0.02,"49,588.86", Nfa Fee,USD,MBTN5
DEMO4543231,239056649782,07/02/2025 15:51:24,2025-07-02,-0.35,"49,588.51", Commission,USD,MBTN5
DEMO4543231,239056649785,07/02/2025 15:51:24,2025-07-02,1.50,"49,590.01", Trade Paired,USD,MBTN5
DEMO4543231,239056649790,07/02/2025 15:54:06,2025-07-02,-0.50,"49,589.51", Exchange Fee,USD,MGCQ5
DEMO4543231,239056649791,07/02/2025 15:54:06,2025-07-02,-0.19,"49,589.32", Clearing Fee,USD,MGCQ5
DEMO4543231,239056649792,07/02/2025 15:54:06,2025-07-02,-0.02,"49,589.30", Nfa Fee,USD,MGCQ5
DEMO4543231,239056649793,07/02/2025 15:54:06,2025-07-02,-0.35,"49,588.95", Commission,USD,MGCQ5
DEMO4543231,239056649799,07/02/2025 15:57:07,2025-07-02,-0.50,"49,588.45", Exchange Fee,USD,MGCQ5
DEMO4543231,239056649800,07/02/2025 15:57:07,2025-07-02,-0.19,"49,588.26", Clearing Fee,USD,MGCQ5
DEMO4543231,239056649801,07/02/2025 15:57:07,2025-07-02,-0.02,"49,588.24", Nfa Fee,USD,MGCQ5
DEMO4543231,239056649802,07/02/2025 15:57:07,2025-07-02,-0.35,"49,587.89", Commission,USD,MGCQ5
DEMO4543231,239056649805,07/02/2025 15:57:07,2025-07-02,9.00,"49,596.89", Trade Paired,USD,MGCQ5
DEMO4543231,239056649810,07/02/2025 16:06:03,2025-07-02,-1.15,"49,595.74", Exchange Fee,USD,MBTN5
DEMO4543231,239056649811,07/02/2025 16:06:03,2025-07-02,-0.19,"49,595.55", Clearing Fee,USD,MBTN5
DEMO4543231,239056649812,07/02/2025 16:06:03,2025-07-02,-0.02,"49,595.53", Nfa Fee,USD,MBTN5
DEMO4543231,239056649813,07/02/2025 16:06:03,2025-07-02,-0.35,"49,595.18", Commission,USD,MBTN5
DEMO4543231,239056649819,07/02/2025 16:07:02,2025-07-02,-1.15,"49,594.03", Exchange Fee,USD,MBTN5
DEMO4543231,239056649820,07/02/2025 16:07:02,2025-07-02,-0.19,"49,593.84", Clearing Fee,USD,MBTN5
DEMO4543231,239056649821,07/02/2025 16:07:02,2025-07-02,-0.02,"49,593.82", Nfa Fee,USD,MBTN5
DEMO4543231,239056649822,07/02/2025 16:07:02,2025-07-02,-0.35,"49,593.47", Commission,USD,MBTN5
DEMO4543231,239056649825,07/02/2025 16:07:02,2025-07-02,5.00,"49,598.47", Trade Paired,USD,MBTN5
DEMO4543231,239056649830,07/02/2025 16:09:03,2025-07-02,-0.50,"49,597.97", Exchange Fee,USD,MGCQ5
DEMO4543231,239056649831,07/02/2025 16:09:03,2025-07-02,-0.19,"49,597.78", Clearing Fee,USD,MGCQ5
DEMO4543231,239056649832,07/02/2025 16:09:03,2025-07-02,-0.02,"49,597.76", Nfa Fee,USD,MGCQ5
DEMO4543231,239056649833,07/02/2025 16:09:03,2025-07-02,-0.35,"49,597.41", Commission,USD,MGCQ5
DEMO4543231,239056649839,07/02/2025 16:11:19,2025-07-02,-0.50,"49,596.91", Exchange Fee,USD,MGCQ5
DEMO4543231,239056649840,07/02/2025 16:11:19,2025-07-02,-0.19,"49,596.72", Clearing Fee,USD,MGCQ5
DEMO4543231,239056649841,07/02/2025 16:11:19,2025-07-02,-0.02,"49,596.70", Nfa Fee,USD,MGCQ5
DEMO4543231,239056649842,07/02/2025 16:11:19,2025-07-02,-0.35,"49,596.35", Commission,USD,MGCQ5
DEMO4543231,239056649845,07/02/2025 16:11:19,2025-07-02,-10.00,"49,586.35", Trade Paired,USD,MGCQ5
DEMO4543231,239056649850,07/02/2025 16:12:01,2025-07-02,-1.15,"49,585.20", Exchange Fee,USD,MBTN5
DEMO4543231,239056649851,07/02/2025 16:12:01,2025-07-02,-0.19,"49,585.01", Clearing Fee,USD,MBTN5
DEMO4543231,239056649852,07/02/2025 16:12:01,2025-07-02,-0.02,"49,584.99", Nfa Fee,USD,MBTN5
DEMO4543231,239056649853,07/02/2025 16:12:01,2025-07-02,-0.35,"49,584.64", Commission,USD,MBTN5
DEMO4543231,239056649859,07/02/2025 16:13:14,2025-07-02,-1.15,"49,583.49", Exchange Fee,USD,MBTN5
DEMO4543231,239056649860,07/02/2025 16:13:14,2025-07-02,-0.19,"49,583.30", Clearing Fee,USD,MBTN5
DEMO4543231,239056649861,07/02/2025 16:13:14,2025-07-02,-0.02,"49,583.28", Nfa Fee,USD,MBTN5
DEMO4543231,239056649862,07/02/2025 16:13:14,2025-07-02,-0.35,"49,582.93", Commission,USD,MBTN5
DEMO4543231,239056649865,07/02/2025 16:13:14,2025-07-02,4.50,"49,587.43", Trade Paired,USD,MBTN5
DEMO4543231,239056649870,07/02/2025 16:25:03,2025-07-02,-0.35,"49,587.08", Exchange Fee,USD,MESU5
DEMO4543231,239056649871,07/02/2025 16:25:03,2025-07-02,-0.19,"49,586.89", Clearing Fee,USD,MESU5
DEMO4543231,239056649872,07/02/2025 16:25:03,2025-07-02,-0.02,"49,586.87", Nfa Fee,USD,MESU5
DEMO4543231,239056649873,07/02/2025 16:25:03,2025-07-02,-0.35,"49,586.52", Commission,USD,MESU5
DEMO4543231,239056649879,07/02/2025 16:27:09,2025-07-02,-1.15,"49,585.37", Exchange Fee,USD,MBTN5
DEMO4543231,239056649880,07/02/2025 16:27:09,2025-07-02,-0.19,"49,585.18", Clearing Fee,USD,MBTN5
DEMO4543231,239056649881,07/02/2025 16:27:09,2025-07-02,-0.02,"49,585.16", Nfa Fee,USD,MBTN5
DEMO4543231,239056649882,07/02/2025 16:27:09,2025-07-02,-0.35,"49,584.81", Commission,USD,MBTN5
DEMO4543231,239056649888,07/02/2025 16:28:26,2025-07-02,-1.15,"49,583.66", Exchange Fee,USD,MBTN5
DEMO4543231,239056649889,07/02/2025 16:28:26,2025-07-02,-0.19,"49,583.47", Clearing Fee,USD,MBTN5
DEMO4543231,239056649890,07/02/2025 16:28:26,2025-07-02,-0.02,"49,583.45", Nfa Fee,USD,MBTN5
DEMO4543231,239056649891,07/02/2025 16:28:26,2025-07-02,-0.35,"49,583.10", Commission,USD,MBTN5
DEMO4543231,239056649894,07/02/2025 16:28:26,2025-07-02,18.50,"49,601.60", Trade Paired,USD,MBTN5
DEMO4543231,239056649899,07/02/2025 16:36:11,2025-07-02,-1.15,"49,600.45", Exchange Fee,USD,MBTN5
DEMO4543231,239056649900,07/02/2025 16:36:11,2025-07-02,-0.19,"49,600.26", Clearing Fee,USD,MBTN5
DEMO4543231,239056649901,07/02/2025 16:36:11,2025-07-02,-0.02,"49,600.24", Nfa Fee,USD,MBTN5
DEMO4543231,239056649902,07/02/2025 16:36:11,2025-07-02,-0.35,"49,599.89", Commission,USD,MBTN5
DEMO4543231,239056649908,07/02/2025 16:38:14,2025-07-02,-0.35,"49,599.54", Exchange Fee,USD,MESU5
DEMO4543231,239056649909,07/02/2025 16:38:14,2025-07-02,-0.19,"49,599.35", Clearing Fee,USD,MESU5
DEMO4543231,239056649910,07/02/2025 16:38:14,2025-07-02,-0.02,"49,599.33", Nfa Fee,USD,MESU5
DEMO4543231,239056649911,07/02/2025 16:38:14,2025-07-02,-0.35,"49,598.98", Commission,USD,MESU5
DEMO4543231,239056649914,07/02/2025 16:38:14,2025-07-02,11.25,"49,610.23", Trade Paired,USD,MESU5
DEMO4543231,239056649919,07/02/2025 16:39:02,2025-07-02,-1.15,"49,609.08", Exchange Fee,USD,MBTN5
DEMO4543231,239056649920,07/02/2025 16:39:02,2025-07-02,-0.19,"49,608.89", Clearing Fee,USD,MBTN5
DEMO4543231,239056649921,07/02/2025 16:39:02,2025-07-02,-0.02,"49,608.87", Nfa Fee,USD,MBTN5
DEMO4543231,239056649922,07/02/2025 16:39:02,2025-07-02,-0.35,"49,608.52", Commission,USD,MBTN5
DEMO4543231,239056649925,07/02/2025 16:39:02,2025-07-02,-5.50,"49,603.02", Trade Paired,USD,MBTN5
DEMO4543231,239056649930,07/02/2025 16:45:08,2025-07-02,-1.15,"49,601.87", Exchange Fee,USD,MBTN5
DEMO4543231,239056649931,07/02/2025 16:45:08,2025-07-02,-0.19,"49,601.68", Clearing Fee,USD,MBTN5
DEMO4543231,239056649932,07/02/2025 16:45:08,2025-07-02,-0.02,"49,601.66", Nfa Fee,USD,MBTN5
DEMO4543231,239056649933,07/02/2025 16:45:08,2025-07-02,-0.35,"49,601.31", Commission,USD,MBTN5
DEMO4543231,239056649939,07/02/2025 16:46:31,2025-07-02,-1.15,"49,600.16", Exchange Fee,USD,MBTN5
DEMO4543231,239056649940,07/02/2025 16:46:31,2025-07-02,-0.19,"49,599.97", Clearing Fee,USD,MBTN5
DEMO4543231,239056649941,07/02/2025 16:46:31,2025-07-02,-0.02,"49,599.95", Nfa Fee,USD,MBTN5
DEMO4543231,239056649942,07/02/2025 16:46:31,2025-07-02,-0.35,"49,599.60", Commission,USD,MBTN5
DEMO4543231,239056649945,07/02/2025 16:46:31,2025-07-02,-5.50,"49,594.10", Trade Paired,USD,MBTN5
DEMO4543231,239056649950,07/02/2025 16:48:13,2025-07-02,-0.50,"49,593.60", Exchange Fee,USD,MGCQ5
DEMO4543231,239056649951,07/02/2025 16:48:13,2025-07-02,-0.19,"49,593.41", Clearing Fee,USD,MGCQ5
DEMO4543231,239056649952,07/02/2025 16:48:13,2025-07-02,-0.02,"49,593.39", Nfa Fee,USD,MGCQ5
DEMO4543231,239056649953,07/02/2025 16:48:13,2025-07-02,-0.35,"49,593.04", Commission,USD,MGCQ5
DEMO4543231,239056649959,07/02/2025 16:55:01,2025-07-02,-0.35,"49,592.69", Exchange Fee,USD,MESU5
DEMO4543231,239056649960,07/02/2025 16:55:01,2025-07-02,-0.19,"49,592.50", Clearing Fee,USD,MESU5
DEMO4543231,239056649961,07/02/2025 16:55:01,2025-07-02,-0.02,"49,592.48", Nfa Fee,USD,MESU5
DEMO4543231,239056649962,07/02/2025 16:55:01,2025-07-02,-0.35,"49,592.13", Commission,USD,MESU5
DEMO4543231,239056649968,07/02/2025 16:57:17,2025-07-02,-0.50,"49,591.63", Exchange Fee,USD,MGCQ5
DEMO4543231,239056649969,07/02/2025 16:57:17,2025-07-02,-0.19,"49,591.44", Clearing Fee,USD,MGCQ5
DEMO4543231,239056649970,07/02/2025 16:57:17,2025-07-02,-0.02,"49,591.42", Nfa Fee,USD,MGCQ5
DEMO4543231,239056649971,07/02/2025 16:57:17,2025-07-02,-0.35,"49,591.07", Commission,USD,MGCQ5
DEMO4543231,239056649974,07/02/2025 16:57:17,2025-07-02,9.00,"49,600.07", Trade Paired,USD,MGCQ5
DEMO4543231,239056649990,07/02/2025 18:00:01,2025-07-03,-0.35,"49,599.72", Exchange Fee,USD,MESU5
DEMO4543231,239056649991,07/02/2025 18:00:01,2025-07-03,-0.19,"49,599.53", Clearing Fee,USD,MESU5
DEMO4543231,239056649992,07/02/2025 18:00:01,2025-07-03,-0.02,"49,599.51", Nfa Fee,USD,MESU5
DEMO4543231,239056649993,07/02/2025 18:00:01,2025-07-03,-0.35,"49,599.16", Commission,USD,MESU5
DEMO4543231,239056649996,07/02/2025 18:00:01,2025-07-03,-16.25,"49,582.91", Trade Paired,USD,MESU5
DEMO4543231,247302400002,07/02/2025 18:12:06,2025-07-03,-1.15,"49,581.76", Exchange Fee,USD,MBTN5
DEMO4543231,247302400003,07/02/2025 18:12:06,2025-07-03,-0.19,"49,581.57", Clearing Fee,USD,MBTN5
DEMO4543231,247302400004,07/02/2025 18:12:06,2025-07-03,-0.02,"49,581.55", Nfa Fee,USD,MBTN5
DEMO4543231,247302400005,07/02/2025 18:12:06,2025-07-03,-0.35,"49,581.20", Commission,USD,MBTN5
DEMO4543231,247302400012,07/02/2025 18:24:04,2025-07-03,-0.50,"49,580.70", Exchange Fee,USD,MGCQ5
DEMO4543231,247302400013,07/02/2025 18:24:04,2025-07-03,-0.19,"49,580.51", Clearing Fee,USD,MGCQ5
DEMO4543231,247302400014,07/02/2025 18:24:04,2025-07-03,-0.02,"49,580.49", Nfa Fee,USD,MGCQ5
DEMO4543231,247302400015,07/02/2025 18:24:04,2025-07-03,-0.35,"49,580.14", Commission,USD,MGCQ5
DEMO4543231,247302400021,07/02/2025 18:25:08,2025-07-03,-0.35,"49,579.79", Exchange Fee,USD,MESU5
DEMO4543231,247302400022,07/02/2025 18:25:08,2025-07-03,-0.19,"49,579.60", Clearing Fee,USD,MESU5
DEMO4543231,247302400023,07/02/2025 18:25:08,2025-07-03,-0.02,"49,579.58", Nfa Fee,USD,MESU5
DEMO4543231,247302400024,07/02/2025 18:25:08,2025-07-03,-0.35,"49,579.23", Commission,USD,MESU5
DEMO4543231,247302400030,07/02/2025 18:25:13,2025-07-03,-0.50,"49,578.73", Exchange Fee,USD,MGCQ5
DEMO4543231,247302400031,07/02/2025 18:25:13,2025-07-03,-0.19,"49,578.54", Clearing Fee,USD,MGCQ5
DEMO4543231,247302400032,07/02/2025 18:25:13,2025-07-03,-0.02,"49,578.52", Nfa Fee,USD,MGCQ5
DEMO4543231,247302400033,07/02/2025 18:25:13,2025-07-03,-0.35,"49,578.17", Commission,USD,MGCQ5
DEMO4543231,247302400036,07/02/2025 18:25:13,2025-07-03,-10.00,"49,568.17", Trade Paired,USD,MGCQ5
DEMO4543231,247302400041,07/02/2025 18:27:00,2025-07-03,-1.15,"49,567.02", Exchange Fee,USD,MBTN5
DEMO4543231,247302400042,07/02/2025 18:27:00,2025-07-03,-0.19,"49,566.83", Clearing Fee,USD,MBTN5
DEMO4543231,247302400043,07/02/2025 18:27:00,2025-07-03,-0.02,"49,566.81", Nfa Fee,USD,MBTN5
DEMO4543231,247302400044,07/02/2025 18:27:00,2025-07-03,-0.35,"49,566.46", Commission,USD,MBTN5
DEMO4543231,247302400047,07/02/2025 18:27:00,2025-07-03,4.50,"49,570.96", Trade Paired,USD,MBTN5
DEMO4543231,247302400052,07/02/2025 18:30:01,2025-07-03,-0.50,"49,570.46", Exchange Fee,USD,MGCQ5
DEMO4543231,247302400053,07/02/2025 18:30:01,2025-07-03,-0.19,"49,570.27", Clearing Fee,USD,MGCQ5
DEMO4543231,247302400054,07/02/2025 18:30:01,2025-07-03,-0.02,"49,570.25", Nfa Fee,USD,MGCQ5
DEMO4543231,247302400055,07/02/2025 18:30:01,2025-07-03,-0.35,"49,569.90", Commission,USD,MGCQ5
DEMO4543231,247302400061,07/02/2025 18:32:19,2025-07-03,-0.50,"49,569.40", Exchange Fee,USD,MGCQ5
DEMO4543231,247302400062,07/02/2025 18:32:19,2025-07-03,-0.19,"49,569.21", Clearing Fee,USD,MGCQ5
DEMO4543231,247302400063,07/02/2025 18:32:19,2025-07-03,-0.02,"49,569.19", Nfa Fee,USD,MGCQ5
DEMO4543231,247302400064,07/02/2025 18:32:19,2025-07-03,-0.35,"49,568.84", Commission,USD,MGCQ5
DEMO4543231,247302400067,07/02/2025 18:32:19,2025-07-03,-7.00,"49,561.84", Trade Paired,USD,MGCQ5
DEMO4543231,247302400072,07/02/2025 18:33:09,2025-07-03,-1.15,"49,560.69", Exchange Fee,USD,MBTN5
DEMO4543231,247302400073,07/02/2025 18:33:09,2025-07-03,-0.19,"49,560.50", Clearing Fee,USD,MBTN5
DEMO4543231,247302400074,07/02/2025 18:33:09,2025-07-03,-0.02,"49,560.48", Nfa Fee,USD,MBTN5
DEMO4543231,247302400075,07/02/2025 18:33:09,2025-07-03,-0.35,"49,560.13", Commission,USD,MBTN5
DEMO4543231,247302400081,07/02/2025 18:33:19,2025-07-03,-1.15,"49,558.98", Exchange Fee,USD,MBTN5
DEMO4543231,247302400082,07/02/2025 18:33:19,2025-07-03,-0.19,"49,558.79", Clearing Fee,USD,MBTN5
DEMO4543231,247302400083,07/02/2025 18:33:19,2025-07-03,-0.02,"49,558.77", Nfa Fee,USD,MBTN5
DEMO4543231,247302400084,07/02/2025 18:33:19,2025-07-03,-0.35,"49,558.42", Commission,USD,MBTN5
DEMO4543231,247302400087,07/02/2025 18:33:19,2025-07-03,2.00,"49,560.42", Trade Paired,USD,MBTN5
DEMO4543231,247302400092,07/02/2025 18:41:31,2025-07-03,-0.35,"49,560.07", Exchange Fee,USD,MESU5
DEMO4543231,247302400093,07/02/2025 18:41:31,2025-07-03,-0.19,"49,559.88", Clearing Fee,USD,MESU5
DEMO4543231,247302400094,07/02/2025 18:41:31,2025-07-03,-0.02,"49,559.86", Nfa Fee,USD,MESU5
DEMO4543231,247302400095,07/02/2025 18:41:31,2025-07-03,-0.35,"49,559.51", Commission,USD,MESU5
DEMO4543231,247302400098,07/02/2025 18:41:31,2025-07-03,11.25,"49,570.76", Trade Paired,USD,MESU5
DEMO4543231,247302400103,07/02/2025 18:45:15,2025-07-03,-1.15,"49,569.61", Exchange Fee,USD,MBTN5
DEMO4543231,247302400104,07/02/2025 18:45:15,2025-07-03,-0.19,"49,569.42", Clearing Fee,USD,MBTN5
DEMO4543231,247302400105,07/02/2025 18:45:15,2025-07-03,-0.02,"49,569.40", Nfa Fee,USD,MBTN5
DEMO4543231,247302400106,07/02/2025 18:45:15,2025-07-03,-0.35,"49,569.05", Commission,USD,MBTN5
DEMO4543231,247302400112,07/02/2025 18:46:47,2025-07-03,-1.15,"49,567.90", Exchange Fee,USD,MBTN5
DEMO4543231,247302400113,07/02/2025 18:46:47,2025-07-03,-0.19,"49,567.71", Clearing Fee,USD,MBTN5
DEMO4543231,247302400114,07/02/2025 18:46:47,2025-07-03,-0.02,"49,567.69", Nfa Fee,USD,MBTN5
DEMO4543231,247302400115,07/02/2025 18:46:47,2025-07-03,-0.35,"49,567.34", Commission,USD,MBTN5
DEMO4543231,247302400118,07/02/2025 18:46:47,2025-07-03,-6.00,"49,561.34", Trade Paired,USD,MBTN5
DEMO4543231,247302400123,07/02/2025 18:51:01,2025-07-03,-1.15,"49,560.19", Exchange Fee,USD,MBTN5
DEMO4543231,247302400124,07/02/2025 18:51:01,2025-07-03,-0.19,"49,560.00", Clearing Fee,USD,MBTN5
DEMO4543231,247302400125,07/02/2025 18:51:01,2025-07-03,-0.02,"49,559.98", Nfa Fee,USD,MBTN5
DEMO4543231,247302400126,07/02/2025 18:51:01,2025-07-03,-0.35,"49,559.63", Commission,USD,MBTN5
DEMO4543231,247302400132,07/02/2025 18:55:08,2025-07-03,-0.35,"49,559.28", Exchange Fee,USD,MESU5
DEMO4543231,247302400133,07/02/2025 18:55:08,2025-07-03,-0.19,"49,559.09", Clearing Fee,USD,MESU5
DEMO4543231,247302400134,07/02/2025 18:55:08,2025-07-03,-0.02,"49,559.07", Nfa Fee,USD,MESU5
DEMO4543231,247302400135,07/02/2025 18:55:08,2025-07-03,-0.35,"49,558.72", Commission,USD,MESU5
DEMO4543231,247302400141,07/02/2025 18:57:04,2025-07-03,-1.15,"49,557.57", Exchange Fee,USD,MBTN5
DEMO4543231,247302400142,07/02/2025 18:57:04,2025-07-03,-0.19,"49,557.38", Clearing Fee,USD,MBTN5
DEMO4543231,247302400143,07/02/2025 18:57:04,2025-07-03,-0.02,"49,557.36", Nfa Fee,USD,MBTN5
DEMO4543231,247302400144,07/02/2025 18:57:04,2025-07-03,-0.35,"49,557.01", Commission,USD,MBTN5
DEMO4543231,247302400147,07/02/2025 18:57:04,2025-07-03,-4.50,"49,552.51", Trade Paired,USD,MBTN5
DEMO4543231,247302400152,07/02/2025 19:00:06,2025-07-03,-0.50,"49,552.01", Exchange Fee,USD,MGCQ5
DEMO4543231,247302400153,07/02/2025 19:00:06,2025-07-03,-0.19,"49,551.82", Clearing Fee,USD,MGCQ5
DEMO4543231,247302400154,07/02/2025 19:00:06,2025-07-03,-0.02,"49,551.80", Nfa Fee,USD,MGCQ5
DEMO4543231,247302400155,07/02/2025 19:00:06,2025-07-03,-0.35,"49,551.45", Commission,USD,MGCQ5
DEMO4543231,247302400161,07/02/2025 19:00:30,2025-07-03,-0.50,"49,550.95", Exchange Fee,USD,MGCQ5
DEMO4543231,247302400162,07/02/2025 19:00:30,2025-07-03,-0.19,"49,550.76", Clearing Fee,USD,MGCQ5
DEMO4543231,247302400163,07/02/2025 19:00:30,2025-07-03,-0.02,"49,550.74", Nfa Fee,USD,MGCQ5
DEMO4543231,247302400164,07/02/2025 19:00:30,2025-07-03,-0.35,"49,550.39", Commission,USD,MGCQ5
DEMO4543231,247302400167,07/02/2025 19:00:30,2025-07-03,-10.00,"49,540.39", Trade Paired,USD,MGCQ5
DEMO4543231,247302400172,07/02/2025 19:06:04,2025-07-03,-0.50,"49,539.89", Exchange Fee,USD,MGCQ5
DEMO4543231,247302400173,07/02/2025 19:06:04,2025-07-03,-0.19,"49,539.70", Clearing Fee,USD,MGCQ5
DEMO4543231,247302400174,07/02/2025 19:06:04,2025-07-03,-0.02,"49,539.68", Nfa Fee,USD,MGCQ5
DEMO4543231,247302400175,07/02/2025 19:06:04,2025-07-03,-0.35,"49,539.33", Commission,USD,MGCQ5
DEMO4543231,247302400181,07/02/2025 19:07:12,2025-07-03,-0.50,"49,538.83", Exchange Fee,USD,MGCQ5
DEMO4543231,247302400182,07/02/2025 19:07:12,2025-07-03,-0.19,"49,538.64", Clearing Fee,USD,MGCQ5
DEMO4543231,247302400183,07/02/2025 19:07:12,2025-07-03,-0.02,"49,538.62", Nfa Fee,USD,MGCQ5
DEMO4543231,247302400184,07/02/2025 19:07:12,2025-07-03,-0.35,"49,538.27", Commission,USD,MGCQ5
DEMO4543231,247302400187,07/02/2025 19:07:12,2025-07-03,-14.00,"49,524.27", Trade Paired,USD,MGCQ5
DEMO4543231,247302400192,07/02/2025 19:12:04,2025-07-03,-1.15,"49,523.12", Exchange Fee,USD,MBTN5
DEMO4543231,247302400193,07/02/2025 19:12:04,2025-07-03,-0.19,"49,522.93", Clearing Fee,USD,MBTN5
DEMO4543231,247302400194,07/02/2025 19:12:04,2025-07-03,-0.02,"49,522.91", Nfa Fee,USD,MBTN5
DEMO4543231,247302400195,07/02/2025 19:12:04,2025-07-03,-0.35,"49,522.56", Commission,USD,MBTN5
DEMO4543231,247302400201,07/02/2025 19:17:23,2025-07-03,-1.15,"49,521.41", Exchange Fee,USD,MBTN5
DEMO4543231,247302400202,07/02/2025 19:17:23,2025-07-03,-0.19,"49,521.22", Clearing Fee,USD,MBTN5
DEMO4543231,247302400203,07/02/2025 19:17:23,2025-07-03,-0.02,"49,521.20", Nfa Fee,USD,MBTN5
DEMO4543231,247302400204,07/02/2025 19:17:23,2025-07-03,-0.35,"49,520.85", Commission,USD,MBTN5
DEMO4543231,247302400207,07/02/2025 19:17:23,2025-07-03,-4.00,"49,516.85", Trade Paired,USD,MBTN5
DEMO4543231,247302400212,07/02/2025 19:24:05,2025-07-03,-0.50,"49,516.35", Exchange Fee,USD,MGCQ5
DEMO4543231,247302400213,07/02/2025 19:24:05,2025-07-03,-0.19,"49,516.16", Clearing Fee,USD,MGCQ5
DEMO4543231,247302400214,07/02/2025 19:24:05,2025-07-03,-0.02,"49,516.14", Nfa Fee,USD,MGCQ5
DEMO4543231,247302400215,07/02/2025 19:24:05,2025-07-03,-0.35,"49,515.79", Commission,USD,MGCQ5
DEMO4543231,247302400221,07/02/2025 19:25:29,2025-07-03,-0.50,"49,515.29", Exchange Fee,USD,MGCQ5
DEMO4543231,247302400222,07/02/2025 19:25:29,2025-07-03,-0.19,"49,515.10", Clearing Fee,USD,MGCQ5
DEMO4543231,247302400223,07/02/2025 19:25:29,2025-07-03,-0.02,"49,515.08", Nfa Fee,USD,MGCQ5
DEMO4543231,247302400224,07/02/2025 19:25:29,2025-07-03,-0.35,"49,514.73", Commission,USD,MGCQ5
DEMO4543231,247302400227,07/02/2025 19:25:29,2025-07-03,-8.00,"49,506.73", Trade Paired,USD,MGCQ5
DEMO4543231,247302400232,07/02/2025 19:27:14,2025-07-03,-1.15,"49,505.58", Exchange Fee,USD,MBTN5
DEMO4543231,247302400233,07/02/2025 19:27:14,2025-07-03,-0.19,"49,505.39", Clearing Fee,USD,MBTN5
DEMO4543231,247302400234,07/02/2025 19:27:14,2025-07-03,-0.02,"49,505.37", Nfa Fee,USD,MBTN5
DEMO4543231,247302400235,07/02/2025 19:27:14,2025-07-03,-0.35,"49,505.02", Commission,USD,MBTN5
DEMO4543231,247302400241,07/02/2025 19:27:21,2025-07-03,-1.15,"49,503.87", Exchange Fee,USD,MBTN5
DEMO4543231,247302400242,07/02/2025 19:27:21,2025-07-03,-0.19,"49,503.68", Clearing Fee,USD,MBTN5
DEMO4543231,247302400243,07/02/2025 19:27:21,2025-07-03,-0.02,"49,503.66", Nfa Fee,USD,MBTN5
DEMO4543231,247302400244,07/02/2025 19:27:21,2025-07-03,-0.35,"49,503.31", Commission,USD,MBTN5
DEMO4543231,247302400247,07/02/2025 19:27:21,2025-07-03,-3.50,"49,499.81", Trade Paired,USD,MBTN5
DEMO4543231,247302400252,07/02/2025 19:45:04,2025-07-03,-0.50,"49,499.31", Exchange Fee,USD,MGCQ5
DEMO4543231,247302400253,07/02/2025 19:45:04,2025-07-03,-0.19,"49,499.12", Clearing Fee,USD,MGCQ5
DEMO4543231,247302400254,07/02/2025 19:45:04,2025-07-03,-0.02,"49,499.10", Nfa Fee,USD,MGCQ5
DEMO4543231,247302400255,07/02/2025 19:45:04,2025-07-03,-0.35,"49,498.75", Commission,USD,MGCQ5
DEMO4543231,247302400261,07/02/2025 19:45:47,2025-07-03,-0.50,"49,498.25", Exchange Fee,USD,MGCQ5
DEMO4543231,247302400262,07/02/2025 19:45:47,2025-07-03,-0.19,"49,498.06", Clearing Fee,USD,MGCQ5
DEMO4543231,247302400263,07/02/2025 19:45:47,2025-07-03,-0.02,"49,498.04", Nfa Fee,USD,MGCQ5
DEMO4543231,247302400264,07/02/2025 19:45:47,2025-07-03,-0.35,"49,497.69", Commission,USD,MGCQ5
DEMO4543231,247302400267,07/02/2025 19:45:47,2025-07-03,-13.00,"49,484.69", Trade Paired,USD,MGCQ5
DEMO4543231,247302400272,07/02/2025 19:48:01,2025-07-03,-1.15,"49,483.54", Exchange Fee,USD,MBTN5
DEMO4543231,247302400273,07/02/2025 19:48:01,2025-07-03,-0.19,"49,483.35", Clearing Fee,USD,MBTN5
DEMO4543231,247302400274,07/02/2025 19:48:01,2025-07-03,-0.02,"49,483.33", Nfa Fee,USD,MBTN5
DEMO4543231,247302400275,07/02/2025 19:48:01,2025-07-03,-0.35,"49,482.98", Commission,USD,MBTN5
DEMO4543231,247302400281,07/02/2025 19:50:36,2025-07-03,-1.15,"49,481.83", Exchange Fee,USD,MBTN5
DEMO4543231,247302400282,07/02/2025 19:50:36,2025-07-03,-0.19,"49,481.64", Clearing Fee,USD,MBTN5
DEMO4543231,247302400283,07/02/2025 19:50:36,2025-07-03,-0.02,"49,481.62", Nfa Fee,USD,MBTN5
DEMO4543231,247302400284,07/02/2025 19:50:36,2025-07-03,-0.35,"49,481.27", Commission,USD,MBTN5
DEMO4543231,247302400287,07/02/2025 19:50:36,2025-07-03,-7.50,"49,473.77", Trade Paired,USD,MBTN5
DEMO4543231,247302400292,07/02/2025 19:54:03,2025-07-03,-1.15,"49,472.62", Exchange Fee,USD,MBTN5
DEMO4543231,247302400293,07/02/2025 19:54:03,2025-07-03,-0.19,"49,472.43", Clearing Fee,USD,MBTN5
DEMO4543231,247302400294,07/02/2025 19:54:03,2025-07-03,-0.02,"49,472.41", Nfa Fee,USD,MBTN5
DEMO4543231,247302400295,07/02/2025 19:54:03,2025-07-03,-0.35,"49,472.06", Commission,USD,MBTN5
DEMO4543231,247302400301,07/02/2025 19:55:28,2025-07-03,-1.15,"49,470.91", Exchange Fee,USD,MBTN5
DEMO4543231,247302400302,07/02/2025 19:55:28,2025-07-03,-0.19,"49,470.72", Clearing Fee,USD,MBTN5
DEMO4543231,247302400303,07/02/2025 19:55:28,2025-07-03,-0.02,"49,470.70", Nfa Fee,USD,MBTN5
DEMO4543231,247302400304,07/02/2025 19:55:28,2025-07-03,-0.35,"49,470.35", Commission,USD,MBTN5
DEMO4543231,247302400307,07/02/2025 19:55:28,2025-07-03,1.50,"49,471.85", Trade Paired,USD,MBTN5
DEMO4543231,247302400312,07/02/2025 20:00:04,2025-07-03,-1.15,"49,470.70", Exchange Fee,USD,MBTN5
DEMO4543231,247302400313,07/02/2025 20:00:04,2025-07-03,-0.19,"49,470.51", Clearing Fee,USD,MBTN5
DEMO4543231,247302400314,07/02/2025 20:00:04,2025-07-03,-0.02,"49,470.49", Nfa Fee,USD,MBTN5
DEMO4543231,247302400315,07/02/2025 20:00:04,2025-07-03,-0.35,"49,470.14", Commission,USD,MBTN5
DEMO4543231,247302400321,07/02/2025 20:00:42,2025-07-03,-1.15,"49,468.99", Exchange Fee,USD,MBTN5
DEMO4543231,247302400322,07/02/2025 20:00:42,2025-07-03,-0.19,"49,468.80", Clearing Fee,USD,MBTN5
DEMO4543231,247302400323,07/02/2025 20:00:42,2025-07-03,-0.02,"49,468.78", Nfa Fee,USD,MBTN5
DEMO4543231,247302400324,07/02/2025 20:00:42,2025-07-03,-0.35,"49,468.43", Commission,USD,MBTN5
DEMO4543231,247302400327,07/02/2025 20:00:42,2025-07-03,3.00,"49,471.43", Trade Paired,USD,MBTN5
DEMO4543231,247302400332,07/02/2025 20:11:51,2025-07-03,-0.35,"49,471.08", Exchange Fee,USD,MESU5
DEMO4543231,247302400333,07/02/2025 20:11:51,2025-07-03,-0.19,"49,470.89", Clearing Fee,USD,MESU5
DEMO4543231,247302400334,07/02/2025 20:11:51,2025-07-03,-0.02,"49,470.87", Nfa Fee,USD,MESU5
DEMO4543231,247302400335,07/02/2025 20:11:51,2025-07-03,-0.35,"49,470.52", Commission,USD,MESU5
DEMO4543231,247302400338,07/02/2025 20:11:51,2025-07-03,8.75,"49,479.27", Trade Paired,USD,MESU5
DEMO4543231,247302400343,07/02/2025 20:12:04,2025-07-03,-0.50,"49,478.77", Exchange Fee,USD,MGCQ5
DEMO4543231,247302400344,07/02/2025 20:12:04,2025-07-03,-0.19,"49,478.58", Clearing Fee,USD,MGCQ5
DEMO4543231,247302400345,07/02/2025 20:12:04,2025-07-03,-0.02,"49,478.56", Nfa Fee,USD,MGCQ5
DEMO4543231,247302400346,07/02/2025 20:12:04,2025-07-03,-0.35,"49,478.21", Commission,USD,MGCQ5
DEMO4543231,247302400352,07/02/2025 20:12:13,2025-07-03,-0.50,"49,477.71", Exchange Fee,USD,MGCQ5
DEMO4543231,247302400353,07/02/2025 20:12:13,2025-07-03,-0.19,"49,477.52", Clearing Fee,USD,MGCQ5
DEMO4543231,247302400354,07/02/2025 20:12:13,2025-07-03,-0.02,"49,477.50", Nfa Fee,USD,MGCQ5
DEMO4543231,247302400355,07/02/2025 20:12:13,2025-07-03,-0.35,"49,477.15", Commission,USD,MGCQ5
DEMO4543231,247302400358,07/02/2025 20:12:13,2025-07-03,-11.00,"49,466.15", Trade Paired,USD,MGCQ5
DEMO4543231,247302400363,07/02/2025 20:18:09,2025-07-03,-1.15,"49,465.00", Exchange Fee,USD,MBTN5
DEMO4543231,247302400364,07/02/2025 20:18:09,2025-07-03,-0.19,"49,464.81", Clearing Fee,USD,MBTN5
DEMO4543231,247302400365,07/02/2025 20:18:09,2025-07-03,-0.02,"49,464.79", Nfa Fee,USD,MBTN5
DEMO4543231,247302400366,07/02/2025 20:18:09,2025-07-03,-0.35,"49,464.44", Commission,USD,MBTN5
DEMO4543231,247302400372,07/02/2025 20:19:43,2025-07-03,-1.15,"49,463.29", Exchange Fee,USD,MBTN5
DEMO4543231,247302400373,07/02/2025 20:19:43,2025-07-03,-0.19,"49,463.10", Clearing Fee,USD,MBTN5
DEMO4543231,247302400374,07/02/2025 20:19:43,2025-07-03,-0.02,"49,463.08", Nfa Fee,USD,MBTN5
DEMO4543231,247302400375,07/02/2025 20:19:43,2025-07-03,-0.35,"49,462.73", Commission,USD,MBTN5
DEMO4543231,247302400378,07/02/2025 20:19:43,2025-07-03,-9.50,"49,453.23", Trade Paired,USD,MBTN5
DEMO4543231,247302400383,07/02/2025 20:20:09,2025-07-03,-0.35,"49,452.88", Exchange Fee,USD,MESU5
DEMO4543231,247302400384,07/02/2025 20:20:09,2025-07-03,-0.19,"49,452.69", Clearing Fee,USD,MESU5
DEMO4543231,247302400385,07/02/2025 20:20:09,2025-07-03,-0.02,"49,452.67", Nfa Fee,USD,MESU5
DEMO4543231,247302400386,07/02/2025 20:20:09,2025-07-03,-0.35,"49,452.32", Commission,USD,MESU5
DEMO4543231,247302400392,07/02/2025 20:30:02,2025-07-03,-1.15,"49,451.17", Exchange Fee,USD,MBTN5
DEMO4543231,247302400393,07/02/2025 20:30:02,2025-07-03,-0.19,"49,450.98", Clearing Fee,USD,MBTN5
DEMO4543231,247302400394,07/02/2025 20:30:02,2025-07-03,-0.02,"49,450.96", Nfa Fee,USD,MBTN5
DEMO4543231,247302400395,07/02/2025 20:30:02,2025-07-03,-0.35,"49,450.61", Commission,USD,MBTN5
DEMO4543231,247302400401,07/02/2025 20:32:03,2025-07-03,-0.35,"49,450.26", Exchange Fee,USD,MESU5
DEMO4543231,247302400402,07/02/2025 20:32:03,2025-07-03,-0.19,"49,450.07", Clearing Fee,USD,MESU5
DEMO4543231,247302400403,07/02/2025 20:32:03,2025-07-03,-0.02,"49,450.05", Nfa Fee,USD,MESU5
DEMO4543231,247302400404,07/02/2025 20:32:03,2025-07-03,-0.35,"49,449.70", Commission,USD,MESU5
DEMO4543231,247302400407,07/02/2025 20:32:03,2025-07-03,-12.50,"49,437.20", Trade Paired,USD,MESU5
DEMO4543231,247302400412,07/02/2025 20:32:17,2025-07-03,-1.15,"49,436.05", Exchange Fee,USD,MBTN5
DEMO4543231,247302400413,07/02/2025 20:32:17,2025-07-03,-0.19,"49,435.86", Clearing Fee,USD,MBTN5
DEMO4543231,247302400414,07/02/2025 20:32:17,2025-07-03,-0.02,"49,435.84", Nfa Fee,USD,MBTN5
DEMO4543231,247302400415,07/02/2025 20:32:17,2025-07-03,-0.35,"49,435.49", Commission,USD,MBTN5
DEMO4543231,247302400418,07/02/2025 20:32:17,2025-07-03,-7.50,"49,427.99", Trade Paired,USD,MBTN5
DEMO4543231,247302400423,07/02/2025 20:36:39,2025-07-03,-1.15,"49,426.84", Exchange Fee,USD,MBTN5
DEMO4543231,247302400424,07/02/2025 20:36:39,2025-07-03,-0.19,"49,426.65", Clearing Fee,USD,MBTN5
DEMO4543231,247302400425,07/02/2025 20:36:39,2025-07-03,-0.02,"49,426.63", Nfa Fee,USD,MBTN5
DEMO4543231,247302400426,07/02/2025 20:36:39,2025-07-03,-0.35,"49,426.28", Commission,USD,MBTN5
DEMO4543231,247302400432,07/02/2025 20:37:03,2025-07-03,-1.15,"49,425.13", Exchange Fee,USD,MBTN5
DEMO4543231,247302400433,07/02/2025 20:37:03,2025-07-03,-0.19,"49,424.94", Clearing Fee,USD,MBTN5
DEMO4543231,247302400434,07/02/2025 20:37:03,2025-07-03,-0.02,"49,424.92", Nfa Fee,USD,MBTN5
DEMO4543231,247302400435,07/02/2025 20:37:03,2025-07-03,-0.35,"49,424.57", Commission,USD,MBTN5
DEMO4543231,247302400438,07/02/2025 20:37:03,2025-07-03,-5.00,"49,419.57", Trade Paired,USD,MBTN5
DEMO4543231,247302400443,07/02/2025 20:42:17,2025-07-03,-1.15,"49,418.42", Exchange Fee,USD,MBTN5
DEMO4543231,247302400444,07/02/2025 20:42:17,2025-07-03,-0.19,"49,418.23", Clearing Fee,USD,MBTN5
DEMO4543231,247302400445,07/02/2025 20:42:17,2025-07-03,-0.02,"49,418.21", Nfa Fee,USD,MBTN5
DEMO4543231,247302400446,07/02/2025 20:42:17,2025-07-03,-0.35,"49,417.86", Commission,USD,MBTN5
DEMO4543231,247302400452,07/02/2025 20:45:02,2025-07-03,-0.35,"49,417.51", Exchange Fee,USD,MESU5
DEMO4543231,247302400453,07/02/2025 20:45:02,2025-07-03,-0.19,"49,417.32", Clearing Fee,USD,MESU5
DEMO4543231,247302400454,07/02/2025 20:45:02,2025-07-03,-0.02,"49,417.30", Nfa Fee,USD,MESU5
DEMO4543231,247302400455,07/02/2025 20:45:02,2025-07-03,-0.35,"49,416.95", Commission,USD,MESU5
DEMO4543231,247302400461,07/02/2025 20:54:03,2025-07-03,-0.50,"49,416.45", Exchange Fee,USD,MGCQ5
DEMO4543231,247302400462,07/02/2025 20:54:03,2025-07-03,-0.19,"49,416.26", Clearing Fee,USD,MGCQ5
DEMO4543231,247302400463,07/02/2025 20:54:03,2025-07-03,-0.02,"49,416.24", Nfa Fee,USD,MGCQ5
DEMO4543231,247302400464,07/02/2025 20:54:03,2025-07-03,-0.35,"49,415.89", Commission,USD,MGCQ5
DEMO4543231,247302400470,07/02/2025 20:54:28,2025-07-03,-0.50,"49,415.39", Exchange Fee,USD,MGCQ5
DEMO4543231,247302400471,07/02/2025 20:54:28,2025-07-03,-0.19,"49,415.20", Clearing Fee,USD,MGCQ5
DEMO4543231,247302400472,07/02/2025 20:54:28,2025-07-03,-0.02,"49,415.18", Nfa Fee,USD,MGCQ5
DEMO4543231,247302400473,07/02/2025 20:54:28,2025-07-03,-0.35,"49,414.83", Commission,USD,MGCQ5
DEMO4543231,247302400476,07/02/2025 20:54:28,2025-07-03,-6.00,"49,408.83", Trade Paired,USD,MGCQ5
DEMO4543231,247302400481,07/02/2025 21:03:12,2025-07-03,-0.35,"49,408.48", Exchange Fee,USD,MESU5
DEMO4543231,247302400482,07/02/2025 21:03:12,2025-07-03,-0.19,"49,408.29", Clearing Fee,USD,MESU5
DEMO4543231,247302400483,07/02/2025 21:03:12,2025-07-03,-0.02,"49,408.27", Nfa Fee,USD,MESU5
DEMO4543231,247302400484,07/02/2025 21:03:12,2025-07-03,-0.35,"49,407.92", Commission,USD,MESU5
DEMO4543231,247302400487,07/02/2025 21:03:12,2025-07-03,-12.50,"49,395.42", Trade Paired,USD,MESU5
DEMO4543231,247302400492,07/02/2025 21:08:51,2025-07-03,-1.15,"49,394.27", Exchange Fee,USD,MBTN5
DEMO4543231,247302400493,07/02/2025 21:08:51,2025-07-03,-0.19,"49,394.08", Clearing Fee,USD,MBTN5
DEMO4543231,247302400494,07/02/2025 21:08:51,2025-07-03,-0.02,"49,394.06", Nfa Fee,USD,MBTN5
DEMO4543231,247302400495,07/02/2025 21:08:51,2025-07-03,-0.35,"49,393.71", Commission,USD,MBTN5
DEMO4543231,247302400498,07/02/2025 21:08:51,2025-07-03,-7.00,"49,386.71", Trade Paired,USD,MBTN5
DEMO4543231,247302400503,07/02/2025 21:12:04,2025-07-03,-0.50,"49,386.21", Exchange Fee,USD,MGCQ5
DEMO4543231,247302400504,07/02/2025 21:12:04,2025-07-03,-0.19,"49,386.02", Clearing Fee,USD,MGCQ5
DEMO4543231,247302400505,07/02/2025 21:12:04,2025-07-03,-0.02,"49,386.00", Nfa Fee,USD,MGCQ5
DEMO4543231,247302400506,07/02/2025 21:12:04,2025-07-03,-0.35,"49,385.65", Commission,USD,MGCQ5
DEMO4543231,247302400512,07/02/2025 21:12:17,2025-07-03,-0.50,"49,385.15", Exchange Fee,USD,MGCQ5
DEMO4543231,247302400513,07/02/2025 21:12:17,2025-07-03,-0.19,"49,384.96", Clearing Fee,USD,MGCQ5
DEMO4543231,247302400514,07/02/2025 21:12:17,2025-07-03,-0.02,"49,384.94", Nfa Fee,USD,MGCQ5
DEMO4543231,247302400515,07/02/2025 21:12:17,2025-07-03,-0.35,"49,384.59", Commission,USD,MGCQ5
DEMO4543231,247302400518,07/02/2025 21:12:17,2025-07-03,3.00,"49,387.59", Trade Paired,USD,MGCQ5
DEMO4543231,247302400523,07/02/2025 21:18:03,2025-07-03,-1.15,"49,386.44", Exchange Fee,USD,MBTN5
DEMO4543231,247302400524,07/02/2025 21:18:03,2025-07-03,-0.19,"49,386.25", Clearing Fee,USD,MBTN5
DEMO4543231,247302400525,07/02/2025 21:18:03,2025-07-03,-0.02,"49,386.23", Nfa Fee,USD,MBTN5
DEMO4543231,247302400526,07/02/2025 21:18:03,2025-07-03,-0.35,"49,385.88", Commission,USD,MBTN5
DEMO4543231,247302400532,07/02/2025 21:20:00,2025-07-03,-0.35,"49,385.53", Exchange Fee,USD,MESU5
DEMO4543231,247302400533,07/02/2025 21:20:00,2025-07-03,-0.19,"49,385.34", Clearing Fee,USD,MESU5
DEMO4543231,247302400534,07/02/2025 21:20:00,2025-07-03,-0.02,"49,385.32", Nfa Fee,USD,MESU5
DEMO4543231,247302400535,07/02/2025 21:20:00,2025-07-03,-0.35,"49,384.97", Commission,USD,MESU5
DEMO4543231,247302400541,07/02/2025 21:21:16,2025-07-03,-1.15,"49,383.82", Exchange Fee,USD,MBTN5
DEMO4543231,247302400542,07/02/2025 21:21:16,2025-07-03,-0.19,"49,383.63", Clearing Fee,USD,MBTN5
DEMO4543231,247302400543,07/02/2025 21:21:16,2025-07-03,-0.02,"49,383.61", Nfa Fee,USD,MBTN5
DEMO4543231,247302400544,07/02/2025 21:21:16,2025-07-03,-0.35,"49,383.26", Commission,USD,MBTN5
DEMO4543231,247302400552,07/02/2025 21:25:13,2025-07-03,-0.35,"49,382.91", Exchange Fee,USD,MESU5
DEMO4543231,247302400553,07/02/2025 21:25:13,2025-07-03,-0.19,"49,382.72", Clearing Fee,USD,MESU5
DEMO4543231,247302400554,07/02/2025 21:25:13,2025-07-03,-0.02,"49,382.70", Nfa Fee,USD,MESU5
DEMO4543231,247302400555,07/02/2025 21:25:13,2025-07-03,-0.35,"49,382.35", Commission,USD,MESU5
DEMO4543231,247302400558,07/02/2025 21:25:13,2025-07-03,12.50,"49,394.85", Trade Paired,USD,MESU5
DEMO4543231,247302400563,07/02/2025 21:30:13,2025-07-03,-0.50,"49,394.35", Exchange Fee,USD,MGCQ5
DEMO4543231,247302400564,07/02/2025 21:30:13,2025-07-03,-0.19,"49,394.16", Clearing Fee,USD,MGCQ5
DEMO4543231,247302400565,07/02/2025 21:30:13,2025-07-03,-0.02,"49,394.14", Nfa Fee,USD,MGCQ5
DEMO4543231,247302400566,07/02/2025 21:30:13,2025-07-03,-0.35,"49,393.79", Commission,USD,MGCQ5
DEMO4543231,247302400572,07/02/2025 21:31:24,2025-07-03,-0.50,"49,393.29", Exchange Fee,USD,MGCQ5
DEMO4543231,247302400573,07/02/2025 21:31:24,2025-07-03,-0.19,"49,393.10", Clearing Fee,USD,MGCQ5
DEMO4543231,247302400574,07/02/2025 21:31:24,2025-07-03,-0.02,"49,393.08", Nfa Fee,USD,MGCQ5
DEMO4543231,247302400575,07/02/2025 21:31:24,2025-07-03,-0.35,"49,392.73", Commission,USD,MGCQ5
DEMO4543231,247302400578,07/02/2025 21:31:24,2025-07-03,-12.00,"49,380.73", Trade Paired,USD,MGCQ5
DEMO4543231,247302400583,07/02/2025 21:33:07,2025-07-03,-1.15,"49,379.58", Exchange Fee,USD,MBTN5
DEMO4543231,247302400584,07/02/2025 21:33:07,2025-07-03,-0.19,"49,379.39", Clearing Fee,USD,MBTN5
DEMO4543231,247302400585,07/02/2025 21:33:07,2025-07-03,-0.02,"49,379.37", Nfa Fee,USD,MBTN5
DEMO4543231,247302400586,07/02/2025 21:33:07,2025-07-03,-0.35,"49,379.02", Commission,USD,MBTN5
DEMO4543231,247302400592,07/02/2025 21:34:19,2025-07-03,-1.15,"49,377.87", Exchange Fee,USD,MBTN5
DEMO4543231,247302400593,07/02/2025 21:34:19,2025-07-03,-0.19,"49,377.68", Clearing Fee,USD,MBTN5
DEMO4543231,247302400594,07/02/2025 21:34:19,2025-07-03,-0.02,"49,377.66", Nfa Fee,USD,MBTN5
DEMO4543231,247302400595,07/02/2025 21:34:19,2025-07-03,-0.35,"49,377.31", Commission,USD,MBTN5
DEMO4543231,247302400598,07/02/2025 21:34:19,2025-07-03,-6.00,"49,371.31", Trade Paired,USD,MBTN5
DEMO4543231,247302400603,07/02/2025 21:42:10,2025-07-03,-1.15,"49,370.16", Exchange Fee,USD,MBTN5
DEMO4543231,247302400604,07/02/2025 21:42:10,2025-07-03,-0.19,"49,369.97", Clearing Fee,USD,MBTN5
DEMO4543231,247302400605,07/02/2025 21:42:10,2025-07-03,-0.02,"49,369.95", Nfa Fee,USD,MBTN5
DEMO4543231,247302400606,07/02/2025 21:42:10,2025-07-03,-0.35,"49,369.60", Commission,USD,MBTN5
DEMO4543231,247302400612,07/02/2025 21:44:01,2025-07-03,-1.15,"49,368.45", Exchange Fee,USD,MBTN5
DEMO4543231,247302400613,07/02/2025 21:44:01,2025-07-03,-0.19,"49,368.26", Clearing Fee,USD,MBTN5
DEMO4543231,247302400614,07/02/2025 21:44:01,2025-07-03,-0.02,"49,368.24", Nfa Fee,USD,MBTN5
DEMO4543231,247302400615,07/02/2025 21:44:01,2025-07-03,-0.35,"49,367.89", Commission,USD,MBTN5
DEMO4543231,247302400618,07/02/2025 21:44:01,2025-07-03,-6.00,"49,361.89", Trade Paired,USD,MBTN5
DEMO4543231,247302400623,07/02/2025 21:48:36,2025-07-03,-1.15,"49,360.74", Exchange Fee,USD,MBTN5
DEMO4543231,247302400624,07/02/2025 21:48:36,2025-07-03,-0.19,"49,360.55", Clearing Fee,USD,MBTN5
DEMO4543231,247302400625,07/02/2025 21:48:36,2025-07-03,-0.02,"49,360.53", Nfa Fee,USD,MBTN5
DEMO4543231,247302400626,07/02/2025 21:48:36,2025-07-03,-0.35,"49,360.18", Commission,USD,MBTN5
DEMO4543231,247302400632,07/02/2025 21:48:54,2025-07-03,-1.15,"49,359.03", Exchange Fee,USD,MBTN5
DEMO4543231,247302400633,07/02/2025 21:48:54,2025-07-03,-0.19,"49,358.84", Clearing Fee,USD,MBTN5
DEMO4543231,247302400634,07/02/2025 21:48:54,2025-07-03,-0.02,"49,358.82", Nfa Fee,USD,MBTN5
DEMO4543231,247302400635,07/02/2025 21:48:54,2025-07-03,-0.35,"49,358.47", Commission,USD,MBTN5
DEMO4543231,247302400638,07/02/2025 21:48:54,2025-07-03,3.00,"49,361.47", Trade Paired,USD,MBTN5
DEMO4543231,247302400643,07/02/2025 21:57:02,2025-07-03,-0.50,"49,360.97", Exchange Fee,USD,MGCQ5
DEMO4543231,247302400644,07/02/2025 21:57:02,2025-07-03,-0.19,"49,360.78", Clearing Fee,USD,MGCQ5
DEMO4543231,247302400645,07/02/2025 21:57:02,2025-07-03,-0.02,"49,360.76", Nfa Fee,USD,MGCQ5
DEMO4543231,247302400646,07/02/2025 21:57:02,2025-07-03,-0.35,"49,360.41", Commission,USD,MGCQ5
DEMO4543231,247302400652,07/02/2025 21:57:23,2025-07-03,-1.15,"49,359.26", Exchange Fee,USD,MBTN5
DEMO4543231,247302400653,07/02/2025 21:57:23,2025-07-03,-0.19,"49,359.07", Clearing Fee,USD,MBTN5
DEMO4543231,247302400654,07/02/2025 21:57:23,2025-07-03,-0.02,"49,359.05", Nfa Fee,USD,MBTN5
DEMO4543231,247302400655,07/02/2025 21:57:23,2025-07-03,-0.35,"49,358.70", Commission,USD,MBTN5
DEMO4543231,247302400661,07/02/2025 21:59:18,2025-07-03,-0.50,"49,358.20", Exchange Fee,USD,MGCQ5
DEMO4543231,247302400662,07/02/2025 21:59:18,2025-07-03,-0.19,"49,358.01", Clearing Fee,USD,MGCQ5
DEMO4543231,247302400663,07/02/2025 21:59:18,2025-07-03,-0.02,"49,357.99", Nfa Fee,USD,MGCQ5
DEMO4543231,247302400664,07/02/2025 21:59:18,2025-07-03,-0.35,"49,357.64", Commission,USD,MGCQ5
DEMO4543231,247302400667,07/02/2025 21:59:18,2025-07-03,5.00,"49,362.64", Trade Paired,USD,MGCQ5
DEMO4543231,247302400672,07/02/2025 21:59:27,2025-07-03,-1.15,"49,361.49", Exchange Fee,USD,MBTN5
DEMO4543231,247302400673,07/02/2025 21:59:27,2025-07-03,-0.19,"49,361.30", Clearing Fee,USD,MBTN5
DEMO4543231,247302400674,07/02/2025 21:59:27,2025-07-03,-0.02,"49,361.28", Nfa Fee,USD,MBTN5
DEMO4543231,247302400675,07/02/2025 21:59:27,2025-07-03,-0.35,"49,360.93", Commission,USD,MBTN5
DEMO4543231,247302400678,07/02/2025 21:59:27,2025-07-03,-7.00,"49,353.93", Trade Paired,USD,MBTN5
DEMO4543231,247302400683,07/02/2025 22:15:09,2025-07-03,-0.50,"49,353.43", Exchange Fee,USD,MGCQ5
DEMO4543231,247302400684,07/02/2025 22:15:09,2025-07-03,-0.19,"49,353.24", Clearing Fee,USD,MGCQ5
DEMO4543231,247302400685,07/02/2025 22:15:09,2025-07-03,-0.02,"49,353.22", Nfa Fee,USD,MGCQ5
DEMO4543231,247302400686,07/02/2025 22:15:09,2025-07-03,-0.35,"49,352.87", Commission,USD,MGCQ5
DEMO4543231,247302400692,07/02/2025 22:18:59,2025-07-03,-0.50,"49,352.37", Exchange Fee,USD,MGCQ5
DEMO4543231,247302400693,07/02/2025 22:18:59,2025-07-03,-0.19,"49,352.18", Clearing Fee,USD,MGCQ5
DEMO4543231,247302400694,07/02/2025 22:18:59,2025-07-03,-0.02,"49,352.16", Nfa Fee,USD,MGCQ5
DEMO4543231,247302400695,07/02/2025 22:18:59,2025-07-03,-0.35,"49,351.81", Commission,USD,MGCQ5
DEMO4543231,247302400698,07/02/2025 22:18:59,2025-07-03,-10.00,"49,341.81", Trade Paired,USD,MGCQ5
DEMO4543231,247302400703,07/02/2025 22:20:05,2025-07-03,-0.35,"49,341.46", Exchange Fee,USD,MESU5
DEMO4543231,247302400704,07/02/2025 22:20:05,2025-07-03,-0.19,"49,341.27", Clearing Fee,USD,MESU5
DEMO4543231,247302400705,07/02/2025 22:20:05,2025-07-03,-0.02,"49,341.25", Nfa Fee,USD,MESU5
DEMO4543231,247302400706,07/02/2025 22:20:05,2025-07-03,-0.35,"49,340.90", Commission,USD,MESU5
DEMO4543231,247302400712,07/02/2025 22:27:03,2025-07-03,-1.15,"49,339.75", Exchange Fee,USD,MBTN5
DEMO4543231,247302400713,07/02/2025 22:27:03,2025-07-03,-0.19,"49,339.56", Clearing Fee,USD,MBTN5
DEMO4543231,247302400714,07/02/2025 22:27:03,2025-07-03,-0.02,"49,339.54", Nfa Fee,USD,MBTN5
DEMO4543231,247302400715,07/02/2025 22:27:03,2025-07-03,-0.35,"49,339.19", Commission,USD,MBTN5
DEMO4543231,247302400721,07/02/2025 22:27:39,2025-07-03,-1.15,"49,338.04", Exchange Fee,USD,MBTN5
DEMO4543231,247302400722,07/02/2025 22:27:39,2025-07-03,-0.19,"49,337.85", Clearing Fee,USD,MBTN5
DEMO4543231,247302400723,07/02/2025 22:27:39,2025-07-03,-0.02,"49,337.83", Nfa Fee,USD,MBTN5
DEMO4543231,247302400724,07/02/2025 22:27:39,2025-07-03,-0.35,"49,337.48", Commission,USD,MBTN5
DEMO4543231,247302400727,07/02/2025 22:27:39,2025-07-03,-6.00,"49,331.48", Trade Paired,USD,MBTN5
DEMO4543231,247302400732,07/02/2025 22:30:12,2025-07-03,-0.35,"49,331.13", Exchange Fee,USD,MESU5
DEMO4543231,247302400733,07/02/2025 22:30:12,2025-07-03,-0.19,"49,330.94", Clearing Fee,USD,MESU5
DEMO4543231,247302400734,07/02/2025 22:30:12,2025-07-03,-0.02,"49,330.92", Nfa Fee,USD,MESU5
DEMO4543231,247302400735,07/02/2025 22:30:12,2025-07-03,-0.35,"49,330.57", Commission,USD,MESU5
DEMO4543231,247302400738,07/02/2025 22:30:12,2025-07-03,-13.75,"49,316.82", Trade Paired,USD,MESU5
DEMO4543231,247302400743,07/02/2025 22:40:08,2025-07-03,-0.35,"49,316.47", Exchange Fee,USD,MESU5
DEMO4543231,247302400744,07/02/2025 22:40:08,2025-07-03,-0.19,"49,316.28", Clearing Fee,USD,MESU5
DEMO4543231,247302400745,07/02/2025 22:40:08,2025-07-03,-0.02,"49,316.26", Nfa Fee,USD,MESU5
DEMO4543231,247302400746,07/02/2025 22:40:08,2025-07-03,-0.35,"49,315.91", Commission,USD,MESU5
DEMO4543231,247302400752,07/02/2025 22:45:12,2025-07-03,-1.15,"49,314.76", Exchange Fee,USD,MBTN5
DEMO4543231,247302400753,07/02/2025 22:45:12,2025-07-03,-0.19,"49,314.57", Clearing Fee,USD,MBTN5
DEMO4543231,247302400754,07/02/2025 22:45:12,2025-07-03,-0.02,"49,314.55", Nfa Fee,USD,MBTN5
DEMO4543231,247302400755,07/02/2025 22:45:12,2025-07-03,-0.35,"49,314.20", Commission,USD,MBTN5
DEMO4543231,247302400761,07/02/2025 22:48:00,2025-07-03,-0.50,"49,313.70", Exchange Fee,USD,MGCQ5
DEMO4543231,247302400762,07/02/2025 22:48:00,2025-07-03,-0.19,"49,313.51", Clearing Fee,USD,MGCQ5
DEMO4543231,247302400763,07/02/2025 22:48:00,2025-07-03,-0.02,"49,313.49", Nfa Fee,USD,MGCQ5
DEMO4543231,247302400764,07/02/2025 22:48:00,2025-07-03,-0.35,"49,313.14", Commission,USD,MGCQ5
DEMO4543231,247302400770,07/02/2025 22:48:36,2025-07-03,-1.15,"49,311.99", Exchange Fee,USD,MBTN5
DEMO4543231,247302400771,07/02/2025 22:48:36,2025-07-03,-0.19,"49,311.80", Clearing Fee,USD,MBTN5
DEMO4543231,247302400772,07/02/2025 22:48:36,2025-07-03,-0.02,"49,311.78", Nfa Fee,USD,MBTN5
DEMO4543231,247302400773,07/02/2025 22:48:36,2025-07-03,-0.35,"49,311.43", Commission,USD,MBTN5
DEMO4543231,247302400776,07/02/2025 22:48:36,2025-07-03,-3.50,"49,307.93", Trade Paired,USD,MBTN5
DEMO4543231,247302400781,07/02/2025 22:49:01,2025-07-03,-0.35,"49,307.58", Exchange Fee,USD,MESU5
DEMO4543231,247302400782,07/02/2025 22:49:01,2025-07-03,-0.19,"49,307.39", Clearing Fee,USD,MESU5
DEMO4543231,247302400783,07/02/2025 22:49:01,2025-07-03,-0.02,"49,307.37", Nfa Fee,USD,MESU5
DEMO4543231,247302400784,07/02/2025 22:49:01,2025-07-03,-0.35,"49,307.02", Commission,USD,MESU5
DEMO4543231,247302400787,07/02/2025 22:49:01,2025-07-03,10.00,"49,317.02", Trade Paired,USD,MESU5
DEMO4543231,247302400792,07/02/2025 22:49:03,2025-07-03,-0.50,"49,316.52", Exchange Fee,USD,MGCQ5
DEMO4543231,247302400793,07/02/2025 22:49:03,2025-07-03,-0.19,"49,316.33", Clearing Fee,USD,MGCQ5
DEMO4543231,247302400794,07/02/2025 22:49:03,2025-07-03,-0.02,"49,316.31", Nfa Fee,USD,MGCQ5
DEMO4543231,247302400795,07/02/2025 22:49:03,2025-07-03,-0.35,"49,315.96", Commission,USD,MGCQ5
DEMO4543231,247302400798,07/02/2025 22:49:03,2025-07-03,7.00,"49,322.96", Trade Paired,USD,MGCQ5
DEMO4543231,247302400803,07/02/2025 22:51:22,2025-07-03,-1.15,"49,321.81", Exchange Fee,USD,MBTN5
DEMO4543231,247302400804,07/02/2025 22:51:22,2025-07-03,-0.19,"49,321.62", Clearing Fee,USD,MBTN5
DEMO4543231,247302400805,07/02/2025 22:51:22,2025-07-03,-0.02,"49,321.60", Nfa Fee,USD,MBTN5
DEMO4543231,247302400806,07/02/2025 22:51:22,2025-07-03,-0.35,"49,321.25", Commission,USD,MBTN5
DEMO4543231,247302400812,07/02/2025 22:53:24,2025-07-03,-1.15,"49,320.10", Exchange Fee,USD,MBTN5
DEMO4543231,247302400813,07/02/2025 22:53:24,2025-07-03,-0.19,"49,319.91", Clearing Fee,USD,MBTN5
DEMO4543231,247302400814,07/02/2025 22:53:24,2025-07-03,-0.02,"49,319.89", Nfa Fee,USD,MBTN5
DEMO4543231,247302400815,07/02/2025 22:53:24,2025-07-03,-0.35,"49,319.54", Commission,USD,MBTN5
DEMO4543231,247302400818,07/02/2025 22:53:24,2025-07-03,-8.00,"49,311.54", Trade Paired,USD,MBTN5
DEMO4543231,247302400823,07/02/2025 22:55:01,2025-07-03,-0.35,"49,311.19", Exchange Fee,USD,MESU5
DEMO4543231,247302400824,07/02/2025 22:55:01,2025-07-03,-0.19,"49,311.00", Clearing Fee,USD,MESU5
DEMO4543231,247302400825,07/02/2025 22:55:01,2025-07-03,-0.02,"49,310.98", Nfa Fee,USD,MESU5
DEMO4543231,247302400826,07/02/2025 22:55:01,2025-07-03,-0.35,"49,310.63", Commission,USD,MESU5
DEMO4543231,247302400832,07/02/2025 22:57:01,2025-07-03,-0.50,"49,310.13", Exchange Fee,USD,MGCQ5
DEMO4543231,247302400833,07/02/2025 22:57:01,2025-07-03,-0.19,"49,309.94", Clearing Fee,USD,MGCQ5
DEMO4543231,247302400834,07/02/2025 22:57:01,2025-07-03,-0.02,"49,309.92", Nfa Fee,USD,MGCQ5
DEMO4543231,247302400835,07/02/2025 22:57:01,2025-07-03,-0.35,"49,309.57", Commission,USD,MGCQ5
DEMO4543231,247302400841,07/02/2025 22:57:13,2025-07-03,-1.15,"49,308.42", Exchange Fee,USD,MBTN5
DEMO4543231,247302400842,07/02/2025 22:57:13,2025-07-03,-0.19,"49,308.23", Clearing Fee,USD,MBTN5
DEMO4543231,247302400843,07/02/2025 22:57:13,2025-07-03,-0.02,"49,308.21", Nfa Fee,USD,MBTN5
DEMO4543231,247302400844,07/02/2025 22:57:13,2025-07-03,-0.35,"49,307.86", Commission,USD,MBTN5
DEMO4543231,247302400850,07/02/2025 22:57:14,2025-07-03,-1.15,"49,306.71", Exchange Fee,USD,MBTN5
DEMO4543231,247302400851,07/02/2025 22:57:14,2025-07-03,-0.19,"49,306.52", Clearing Fee,USD,MBTN5
DEMO4543231,247302400852,07/02/2025 22:57:14,2025-07-03,-0.02,"49,306.50", Nfa Fee,USD,MBTN5
DEMO4543231,247302400853,07/02/2025 22:57:14,2025-07-03,-0.35,"49,306.15", Commission,USD,MBTN5
DEMO4543231,247302400856,07/02/2025 22:57:14,2025-07-03,-2.00,"49,304.15", Trade Paired,USD,MBTN5
DEMO4543231,247302400861,07/02/2025 23:04:52,2025-07-03,-0.50,"49,303.65", Exchange Fee,USD,MGCQ5
DEMO4543231,247302400862,07/02/2025 23:04:52,2025-07-03,-0.19,"49,303.46", Clearing Fee,USD,MGCQ5
DEMO4543231,247302400863,07/02/2025 23:04:52,2025-07-03,-0.02,"49,303.44", Nfa Fee,USD,MGCQ5
DEMO4543231,247302400864,07/02/2025 23:04:52,2025-07-03,-0.35,"49,303.09", Commission,USD,MGCQ5
DEMO4543231,247302400867,07/02/2025 23:04:52,2025-07-03,-7.00,"49,296.09", Trade Paired,USD,MGCQ5
DEMO4543231,247302400872,07/02/2025 23:06:02,2025-07-03,-1.15,"49,294.94", Exchange Fee,USD,MBTN5
DEMO4543231,247302400873,07/02/2025 23:06:02,2025-07-03,-0.19,"49,294.75", Clearing Fee,USD,MBTN5
DEMO4543231,247302400874,07/02/2025 23:06:02,2025-07-03,-0.02,"49,294.73", Nfa Fee,USD,MBTN5
DEMO4543231,247302400875,07/02/2025 23:06:02,2025-07-03,-0.35,"49,294.38", Commission,USD,MBTN5
DEMO4543231,247302400881,07/02/2025 23:11:36,2025-07-03,-1.15,"49,293.23", Exchange Fee,USD,MBTN5
DEMO4543231,247302400882,07/02/2025 23:11:36,2025-07-03,-0.19,"49,293.04", Clearing Fee,USD,MBTN5
DEMO4543231,247302400883,07/02/2025 23:11:36,2025-07-03,-0.02,"49,293.02", Nfa Fee,USD,MBTN5
DEMO4543231,247302400884,07/02/2025 23:11:36,2025-07-03,-0.35,"49,292.67", Commission,USD,MBTN5
DEMO4543231,247302400887,07/02/2025 23:11:36,2025-07-03,-12.00,"49,280.67", Trade Paired,USD,MBTN5
DEMO4543231,247302400892,07/02/2025 23:15:16,2025-07-03,-0.35,"49,280.32", Exchange Fee,USD,MESU5
DEMO4543231,247302400893,07/02/2025 23:15:16,2025-07-03,-0.19,"49,280.13", Clearing Fee,USD,MESU5
DEMO4543231,247302400894,07/02/2025 23:15:16,2025-07-03,-0.02,"49,280.11", Nfa Fee,USD,MESU5
DEMO4543231,247302400895,07/02/2025 23:15:16,2025-07-03,-0.35,"49,279.76", Commission,USD,MESU5
DEMO4543231,247302400898,07/02/2025 23:15:16,2025-07-03,10.00,"49,289.76", Trade Paired,USD,MESU5
DEMO4543231,247302400903,07/02/2025 23:20:01,2025-07-03,-0.35,"49,289.41", Exchange Fee,USD,MESU5
DEMO4543231,247302400904,07/02/2025 23:20:01,2025-07-03,-0.19,"49,289.22", Clearing Fee,USD,MESU5
DEMO4543231,247302400905,07/02/2025 23:20:01,2025-07-03,-0.02,"49,289.20", Nfa Fee,USD,MESU5
DEMO4543231,247302400906,07/02/2025 23:20:01,2025-07-03,-0.35,"49,288.85", Commission,USD,MESU5
DEMO4543231,247302400912,07/02/2025 23:21:41,2025-07-03,-1.15,"49,287.70", Exchange Fee,USD,MBTN5
DEMO4543231,247302400913,07/02/2025 23:21:41,2025-07-03,-0.19,"49,287.51", Clearing Fee,USD,MBTN5
DEMO4543231,247302400914,07/02/2025 23:21:41,2025-07-03,-0.02,"49,287.49", Nfa Fee,USD,MBTN5
DEMO4543231,247302400915,07/02/2025 23:21:41,2025-07-03,-0.35,"49,287.14", Commission,USD,MBTN5
DEMO4543231,247302400921,07/02/2025 23:24:10,2025-07-03,-1.15,"49,285.99", Exchange Fee,USD,MBTN5
DEMO4543231,247302400922,07/02/2025 23:24:10,2025-07-03,-0.19,"49,285.80", Clearing Fee,USD,MBTN5
DEMO4543231,247302400923,07/02/2025 23:24:10,2025-07-03,-0.02,"49,285.78", Nfa Fee,USD,MBTN5
DEMO4543231,247302400924,07/02/2025 23:24:10,2025-07-03,-0.35,"49,285.43", Commission,USD,MBTN5
DEMO4543231,247302400927,07/02/2025 23:24:10,2025-07-03,10.00,"49,295.43", Trade Paired,USD,MBTN5
DEMO4543231,247302400932,07/02/2025 23:26:12,2025-07-03,-0.35,"49,295.08", Exchange Fee,USD,MESU5
DEMO4543231,247302400933,07/02/2025 23:26:12,2025-07-03,-0.19,"49,294.89", Clearing Fee,USD,MESU5
DEMO4543231,247302400934,07/02/2025 23:26:12,2025-07-03,-0.02,"49,294.87", Nfa Fee,USD,MESU5
DEMO4543231,247302400935,07/02/2025 23:26:12,2025-07-03,-0.35,"49,294.52", Commission,USD,MESU5
DEMO4543231,247302400938,07/02/2025 23:26:12,2025-07-03,8.75,"49,303.27", Trade Paired,USD,MESU5
DEMO4543231,247302400943,07/02/2025 23:27:03,2025-07-03,-0.50,"49,302.77", Exchange Fee,USD,MGCQ5
DEMO4543231,247302400944,07/02/2025 23:27:03,2025-07-03,-0.19,"49,302.58", Clearing Fee,USD,MGCQ5
DEMO4543231,247302400945,07/02/2025 23:27:03,2025-07-03,-0.02,"49,302.56", Nfa Fee,USD,MGCQ5
DEMO4543231,247302400946,07/02/2025 23:27:03,2025-07-03,-0.35,"49,302.21", Commission,USD,MGCQ5
DEMO4543231,247302400952,07/02/2025 23:27:04,2025-07-03,-1.15,"49,301.06", Exchange Fee,USD,MBTN5
DEMO4543231,247302400953,07/02/2025 23:27:04,2025-07-03,-0.19,"49,300.87", Clearing Fee,USD,MBTN5
DEMO4543231,247302400954,07/02/2025 23:27:04,2025-07-03,-0.02,"49,300.85", Nfa Fee,USD,MBTN5
DEMO4543231,247302400955,07/02/2025 23:27:04,2025-07-03,-0.35,"49,300.50", Commission,USD,MBTN5
DEMO4543231,247302400961,07/02/2025 23:28:29,2025-07-03,-1.15,"49,299.35", Exchange Fee,USD,MBTN5
DEMO4543231,247302400962,07/02/2025 23:28:29,2025-07-03,-0.19,"49,299.16", Clearing Fee,USD,MBTN5
DEMO4543231,247302400963,07/02/2025 23:28:29,2025-07-03,-0.02,"49,299.14", Nfa Fee,USD,MBTN5
DEMO4543231,247302400964,07/02/2025 23:28:29,2025-07-03,-0.35,"49,298.79", Commission,USD,MBTN5
DEMO4543231,247302400967,07/02/2025 23:28:29,2025-07-03,-5.50,"49,293.29", Trade Paired,USD,MBTN5
DEMO4543231,247302400972,07/02/2025 23:29:30,2025-07-03,-0.50,"49,292.79", Exchange Fee,USD,MGCQ5
DEMO4543231,247302400973,07/02/2025 23:29:30,2025-07-03,-0.19,"49,292.60", Clearing Fee,USD,MGCQ5
DEMO4543231,247302400974,07/02/2025 23:29:30,2025-07-03,-0.02,"49,292.58", Nfa Fee,USD,MGCQ5
DEMO4543231,247302400975,07/02/2025 23:29:30,2025-07-03,-0.35,"49,292.23", Commission,USD,MGCQ5
DEMO4543231,247302400978,07/02/2025 23:29:30,2025-07-03,10.00,"49,302.23", Trade Paired,USD,MGCQ5
DEMO4543231,247302400983,07/02/2025 23:35:04,2025-07-03,-0.35,"49,301.88", Exchange Fee,USD,MESU5
DEMO4543231,247302400984,07/02/2025 23:35:04,2025-07-03,-0.19,"49,301.69", Clearing Fee,USD,MESU5
DEMO4543231,247302400985,07/02/2025 23:35:04,2025-07-03,-0.02,"49,301.67", Nfa Fee,USD,MESU5
DEMO4543231,247302400986,07/02/2025 23:35:04,2025-07-03,-0.35,"49,301.32", Commission,USD,MESU5
DEMO4543231,247302400992,07/02/2025 23:39:13,2025-07-03,-1.15,"49,300.17", Exchange Fee,USD,MBTN5
DEMO4543231,247302400993,07/02/2025 23:39:13,2025-07-03,-0.19,"49,299.98", Clearing Fee,USD,MBTN5
DEMO4543231,247302400994,07/02/2025 23:39:13,2025-07-03,-0.02,"49,299.96", Nfa Fee,USD,MBTN5
DEMO4543231,247302400995,07/02/2025 23:39:13,2025-07-03,-0.35,"49,299.61", Commission,USD,MBTN5
DEMO4543231,247302401001,07/02/2025 23:50:06,2025-07-03,-1.15,"49,298.46", Exchange Fee,USD,MBTN5
DEMO4543231,247302401002,07/02/2025 23:50:06,2025-07-03,-0.19,"49,298.27", Clearing Fee,USD,MBTN5
DEMO4543231,247302401003,07/02/2025 23:50:06,2025-07-03,-0.02,"49,298.25", Nfa Fee,USD,MBTN5
DEMO4543231,247302401004,07/02/2025 23:50:06,2025-07-03,-0.35,"49,297.90", Commission,USD,MBTN5
DEMO4543231,247302401007,07/02/2025 23:50:06,2025-07-03,-8.00,"49,289.90", Trade Paired,USD,MBTN5
DEMO4543231,247302401012,07/02/2025 23:56:15,2025-07-03,-0.35,"49,289.55", Exchange Fee,USD,MESU5
DEMO4543231,247302401013,07/02/2025 23:56:15,2025-07-03,-0.19,"49,289.36", Clearing Fee,USD,MESU5
DEMO4543231,247302401014,07/02/2025 23:56:15,2025-07-03,-0.02,"49,289.34", Nfa Fee,USD,MESU5
DEMO4543231,247302401015,07/02/2025 23:56:15,2025-07-03,-0.35,"49,288.99", Commission,USD,MESU5
DEMO4543231,247302401018,07/02/2025 23:56:15,2025-07-03,-13.75,"49,275.24", Trade Paired,USD,MESU5
DEMO4543231,247302401023,07/02/2025 23:57:01,2025-07-03,-0.50,"49,274.74", Exchange Fee,USD,MGCQ5
DEMO4543231,247302401024,07/02/2025 23:57:01,2025-07-03,-0.19,"49,274.55", Clearing Fee,USD,MGCQ5
DEMO4543231,247302401025,07/02/2025 23:57:01,2025-07-03,-0.02,"49,274.53", Nfa Fee,USD,MGCQ5
DEMO4543231,247302401026,07/02/2025 23:57:01,2025-07-03,-0.35,"49,274.18", Commission,USD,MGCQ5
DEMO4543231,247302401032,07/03/2025 00:02:46,2025-07-03,-0.50,"49,273.68", Exchange Fee,USD,MGCQ5
DEMO4543231,247302401033,07/03/2025 00:02:46,2025-07-03,-0.19,"49,273.49", Clearing Fee,USD,MGCQ5
DEMO4543231,247302401034,07/03/2025 00:02:46,2025-07-03,-0.02,"49,273.47", Nfa Fee,USD,MGCQ5
DEMO4543231,247302401035,07/03/2025 00:02:46,2025-07-03,-0.35,"49,273.12", Commission,USD,MGCQ5
DEMO4543231,247302401038,07/03/2025 00:02:46,2025-07-03,8.00,"49,281.12", Trade Paired,USD,MGCQ5
DEMO4543231,247302401043,07/03/2025 00:05:05,2025-07-03,-0.35,"49,280.77", Exchange Fee,USD,MESU5
DEMO4543231,247302401044,07/03/2025 00:05:05,2025-07-03,-0.19,"49,280.58", Clearing Fee,USD,MESU5
DEMO4543231,247302401045,07/03/2025 00:05:05,2025-07-03,-0.02,"49,280.56", Nfa Fee,USD,MESU5
DEMO4543231,247302401046,07/03/2025 00:05:05,2025-07-03,-0.35,"49,280.21", Commission,USD,MESU5
DEMO4543231,247302401052,07/03/2025 00:06:18,2025-07-03,-1.15,"49,279.06", Exchange Fee,USD,MBTN5
DEMO4543231,247302401053,07/03/2025 00:06:18,2025-07-03,-0.19,"49,278.87", Clearing Fee,USD,MBTN5
DEMO4543231,247302401054,07/03/2025 00:06:18,2025-07-03,-0.02,"49,278.85", Nfa Fee,USD,MBTN5
DEMO4543231,247302401055,07/03/2025 00:06:18,2025-07-03,-0.35,"49,278.50", Commission,USD,MBTN5
DEMO4543231,247302401061,07/03/2025 00:18:02,2025-07-03,-0.50,"49,278.00", Exchange Fee,USD,MGCQ5
DEMO4543231,247302401062,07/03/2025 00:18:02,2025-07-03,-0.19,"49,277.81", Clearing Fee,USD,MGCQ5
DEMO4543231,247302401063,07/03/2025 00:18:02,2025-07-03,-0.02,"49,277.79", Nfa Fee,USD,MGCQ5
DEMO4543231,247302401064,07/03/2025 00:18:02,2025-07-03,-0.35,"49,277.44", Commission,USD,MGCQ5
DEMO4543231,247302401070,07/03/2025 00:22:42,2025-07-03,-0.50,"49,276.94", Exchange Fee,USD,MGCQ5
DEMO4543231,247302401071,07/03/2025 00:22:42,2025-07-03,-0.19,"49,276.75", Clearing Fee,USD,MGCQ5
DEMO4543231,247302401072,07/03/2025 00:22:42,2025-07-03,-0.02,"49,276.73", Nfa Fee,USD,MGCQ5
DEMO4543231,247302401073,07/03/2025 00:22:42,2025-07-03,-0.35,"49,276.38", Commission,USD,MGCQ5
DEMO4543231,247302401076,07/03/2025 00:22:42,2025-07-03,9.00,"49,285.38", Trade Paired,USD,MGCQ5
DEMO4543231,247302401081,07/03/2025 00:22:43,2025-07-03,-1.15,"49,284.23", Exchange Fee,USD,MBTN5
DEMO4543231,247302401082,07/03/2025 00:22:43,2025-07-03,-0.19,"49,284.04", Clearing Fee,USD,MBTN5
DEMO4543231,247302401083,07/03/2025 00:22:43,2025-07-03,-0.02,"49,284.02", Nfa Fee,USD,MBTN5
DEMO4543231,247302401084,07/03/2025 00:22:43,2025-07-03,-0.35,"49,283.67", Commission,USD,MBTN5
DEMO4543231,247302401087,07/03/2025 00:22:43,2025-07-03,26.00,"49,309.67", Trade Paired,USD,MBTN5
DEMO4543231,247302401092,07/03/2025 00:26:39,2025-07-03,-0.35,"49,309.32", Exchange Fee,USD,MESU5
DEMO4543231,247302401093,07/03/2025 00:26:39,2025-07-03,-0.19,"49,309.13", Clearing Fee,USD,MESU5
DEMO4543231,247302401094,07/03/2025 00:26:39,2025-07-03,-0.02,"49,309.11", Nfa Fee,USD,MESU5
DEMO4543231,247302401095,07/03/2025 00:26:39,2025-07-03,-0.35,"49,308.76", Commission,USD,MESU5
DEMO4543231,247302401098,07/03/2025 00:26:39,2025-07-03,10.00,"49,318.76", Trade Paired,USD,MESU5
DEMO4543231,247302401103,07/03/2025 00:33:29,2025-07-03,-1.15,"49,317.61", Exchange Fee,USD,MBTN5
DEMO4543231,247302401104,07/03/2025 00:33:29,2025-07-03,-0.19,"49,317.42", Clearing Fee,USD,MBTN5
DEMO4543231,247302401105,07/03/2025 00:33:29,2025-07-03,-0.02,"49,317.40", Nfa Fee,USD,MBTN5
DEMO4543231,247302401106,07/03/2025 00:33:29,2025-07-03,-0.35,"49,317.05", Commission,USD,MBTN5
DEMO4543231,247302401112,07/03/2025 00:42:16,2025-07-03,-1.15,"49,315.90", Exchange Fee,USD,MBTN5
DEMO4543231,247302401113,07/03/2025 00:42:16,2025-07-03,-0.19,"49,315.71", Clearing Fee,USD,MBTN5
DEMO4543231,247302401114,07/03/2025 00:42:16,2025-07-03,-0.02,"49,315.69", Nfa Fee,USD,MBTN5
DEMO4543231,247302401115,07/03/2025 00:42:16,2025-07-03,-0.35,"49,315.34", Commission,USD,MBTN5
DEMO4543231,247302401118,07/03/2025 00:42:16,2025-07-03,-6.00,"49,309.34", Trade Paired,USD,MBTN5
DEMO4543231,247302401123,07/03/2025 00:51:02,2025-07-03,-0.50,"49,308.84", Exchange Fee,USD,MGCQ5
DEMO4543231,247302401124,07/03/2025 00:51:02,2025-07-03,-0.19,"49,308.65", Clearing Fee,USD,MGCQ5
DEMO4543231,247302401125,07/03/2025 00:51:02,2025-07-03,-0.02,"49,308.63", Nfa Fee,USD,MGCQ5
DEMO4543231,247302401126,07/03/2025 00:51:02,2025-07-03,-0.35,"49,308.28", Commission,USD,MGCQ5
DEMO4543231,247302401132,07/03/2025 00:52:27,2025-07-03,-0.50,"49,307.78", Exchange Fee,USD,MGCQ5
DEMO4543231,247302401133,07/03/2025 00:52:27,2025-07-03,-0.19,"49,307.59", Clearing Fee,USD,MGCQ5
DEMO4543231,247302401134,07/03/2025 00:52:27,2025-07-03,-0.02,"49,307.57", Nfa Fee,USD,MGCQ5
DEMO4543231,247302401135,07/03/2025 00:52:27,2025-07-03,-0.35,"49,307.22", Commission,USD,MGCQ5
DEMO4543231,247302401138,07/03/2025 00:52:27,2025-07-03,-11.00,"49,296.22", Trade Paired,USD,MGCQ5
DEMO4543231,247302401143,07/03/2025 00:54:03,2025-07-03,-1.15,"49,295.07", Exchange Fee,USD,MBTN5
DEMO4543231,247302401144,07/03/2025 00:54:03,2025-07-03,-0.19,"49,294.88", Clearing Fee,USD,MBTN5
DEMO4543231,247302401145,07/03/2025 00:54:03,2025-07-03,-0.02,"49,294.86", Nfa Fee,USD,MBTN5
DEMO4543231,247302401146,07/03/2025 00:54:03,2025-07-03,-0.35,"49,294.51", Commission,USD,MBTN5
DEMO4543231,247302401152,07/03/2025 00:54:31,2025-07-03,-1.15,"49,293.36", Exchange Fee,USD,MBTN5
DEMO4543231,247302401153,07/03/2025 00:54:31,2025-07-03,-0.19,"49,293.17", Clearing Fee,USD,MBTN5
DEMO4543231,247302401154,07/03/2025 00:54:31,2025-07-03,-0.02,"49,293.15", Nfa Fee,USD,MBTN5
DEMO4543231,247302401155,07/03/2025 00:54:31,2025-07-03,-0.35,"49,292.80", Commission,USD,MBTN5
DEMO4543231,247302401158,07/03/2025 00:54:31,2025-07-03,-5.00,"49,287.80", Trade Paired,USD,MBTN5
DEMO4543231,247302401163,07/03/2025 01:00:20,2025-07-03,-0.35,"49,287.45", Exchange Fee,USD,MESU5
DEMO4543231,247302401164,07/03/2025 01:00:20,2025-07-03,-0.19,"49,287.26", Clearing Fee,USD,MESU5
DEMO4543231,247302401165,07/03/2025 01:00:20,2025-07-03,-0.02,"49,287.24", Nfa Fee,USD,MESU5
DEMO4543231,247302401166,07/03/2025 01:00:20,2025-07-03,-0.35,"49,286.89", Commission,USD,MESU5
DEMO4543231,247302401172,07/03/2025 01:06:05,2025-07-03,-1.15,"49,285.74", Exchange Fee,USD,MBTN5
DEMO4543231,247302401173,07/03/2025 01:06:05,2025-07-03,-0.19,"49,285.55", Clearing Fee,USD,MBTN5
DEMO4543231,247302401174,07/03/2025 01:06:05,2025-07-03,-0.02,"49,285.53", Nfa Fee,USD,MBTN5
DEMO4543231,247302401175,07/03/2025 01:06:05,2025-07-03,-0.35,"49,285.18", Commission,USD,MBTN5
DEMO4543231,247302401181,07/03/2025 01:08:21,2025-07-03,-1.15,"49,284.03", Exchange Fee,USD,MBTN5
DEMO4543231,247302401182,07/03/2025 01:08:21,2025-07-03,-0.19,"49,283.84", Clearing Fee,USD,MBTN5
DEMO4543231,247302401183,07/03/2025 01:08:21,2025-07-03,-0.02,"49,283.82", Nfa Fee,USD,MBTN5
DEMO4543231,247302401184,07/03/2025 01:08:21,2025-07-03,-0.35,"49,283.47", Commission,USD,MBTN5
DEMO4543231,247302401187,07/03/2025 01:08:21,2025-07-03,0.50,"49,283.97", Trade Paired,USD,MBTN5
DEMO4543231,247302401192,07/03/2025 01:09:02,2025-07-03,-0.50,"49,283.47", Exchange Fee,USD,MGCQ5
DEMO4543231,247302401193,07/03/2025 01:09:02,2025-07-03,-0.19,"49,283.28", Clearing Fee,USD,MGCQ5
DEMO4543231,247302401194,07/03/2025 01:09:02,2025-07-03,-0.02,"49,283.26", Nfa Fee,USD,MGCQ5
DEMO4543231,247302401195,07/03/2025 01:09:02,2025-07-03,-0.35,"49,282.91", Commission,USD,MGCQ5
DEMO4543231,247302401201,07/03/2025 01:15:12,2025-07-03,-0.50,"49,282.41", Exchange Fee,USD,MGCQ5
DEMO4543231,247302401202,07/03/2025 01:15:12,2025-07-03,-0.19,"49,282.22", Clearing Fee,USD,MGCQ5
DEMO4543231,247302401203,07/03/2025 01:15:12,2025-07-03,-0.02,"49,282.20", Nfa Fee,USD,MGCQ5
DEMO4543231,247302401204,07/03/2025 01:15:12,2025-07-03,-0.35,"49,281.85", Commission,USD,MGCQ5
DEMO4543231,247302401207,07/03/2025 01:15:12,2025-07-03,9.00,"49,290.85", Trade Paired,USD,MGCQ5
DEMO4543231,247302401212,07/03/2025 01:18:10,2025-07-03,-1.15,"49,289.70", Exchange Fee,USD,MBTN5
DEMO4543231,247302401213,07/03/2025 01:18:10,2025-07-03,-0.19,"49,289.51", Clearing Fee,USD,MBTN5
DEMO4543231,247302401214,07/03/2025 01:18:10,2025-07-03,-0.02,"49,289.49", Nfa Fee,USD,MBTN5
DEMO4543231,247302401215,07/03/2025 01:18:10,2025-07-03,-0.35,"49,289.14", Commission,USD,MBTN5
DEMO4543231,247302401221,07/03/2025 01:19:05,2025-07-03,-1.15,"49,287.99", Exchange Fee,USD,MBTN5
DEMO4543231,247302401222,07/03/2025 01:19:05,2025-07-03,-0.19,"49,287.80", Clearing Fee,USD,MBTN5
DEMO4543231,247302401223,07/03/2025 01:19:05,2025-07-03,-0.02,"49,287.78", Nfa Fee,USD,MBTN5
DEMO4543231,247302401224,07/03/2025 01:19:05,2025-07-03,-0.35,"49,287.43", Commission,USD,MBTN5
DEMO4543231,247302401227,07/03/2025 01:19:05,2025-07-03,-4.00,"49,283.43", Trade Paired,USD,MBTN5
DEMO4543231,247302401232,07/03/2025 01:39:02,2025-07-03,-1.15,"49,282.28", Exchange Fee,USD,MBTN5
DEMO4543231,247302401233,07/03/2025 01:39:02,2025-07-03,-0.19,"49,282.09", Clearing Fee,USD,MBTN5
DEMO4543231,247302401234,07/03/2025 01:39:02,2025-07-03,-0.02,"49,282.07", Nfa Fee,USD,MBTN5
DEMO4543231,247302401235,07/03/2025 01:39:02,2025-07-03,-0.35,"49,281.72", Commission,USD,MBTN5
DEMO4543231,247302401241,07/03/2025 01:39:05,2025-07-03,-0.50,"49,281.22", Exchange Fee,USD,MGCQ5
DEMO4543231,247302401242,07/03/2025 01:39:05,2025-07-03,-0.19,"49,281.03", Clearing Fee,USD,MGCQ5
DEMO4543231,247302401243,07/03/2025 01:39:05,2025-07-03,-0.02,"49,281.01", Nfa Fee,USD,MGCQ5
DEMO4543231,247302401244,07/03/2025 01:39:05,2025-07-03,-0.35,"49,280.66", Commission,USD,MGCQ5
DEMO4543231,247302401250,07/03/2025 01:42:07,2025-07-03,-1.15,"49,279.51", Exchange Fee,USD,MBTN5
DEMO4543231,247302401251,07/03/2025 01:42:07,2025-07-03,-0.19,"49,279.32", Clearing Fee,USD,MBTN5
DEMO4543231,247302401252,07/03/2025 01:42:07,2025-07-03,-0.02,"49,279.30", Nfa Fee,USD,MBTN5
DEMO4543231,247302401253,07/03/2025 01:42:07,2025-07-03,-0.35,"49,278.95", Commission,USD,MBTN5
DEMO4543231,247302401256,07/03/2025 01:42:07,2025-07-03,5.00,"49,283.95", Trade Paired,USD,MBTN5
DEMO4543231,247302401261,07/03/2025 01:42:16,2025-07-03,-0.50,"49,283.45", Exchange Fee,USD,MGCQ5
DEMO4543231,247302401262,07/03/2025 01:42:16,2025-07-03,-0.19,"49,283.26", Clearing Fee,USD,MGCQ5
DEMO4543231,247302401263,07/03/2025 01:42:16,2025-07-03,-0.02,"49,283.24", Nfa Fee,USD,MGCQ5
DEMO4543231,247302401264,07/03/2025 01:42:16,2025-07-03,-0.35,"49,282.89", Commission,USD,MGCQ5
DEMO4543231,247302401267,07/03/2025 01:42:16,2025-07-03,10.00,"49,292.89", Trade Paired,USD,MGCQ5
DEMO4543231,247302401272,07/03/2025 01:49:02,2025-07-03,-0.35,"49,292.54", Exchange Fee,USD,MESU5
DEMO4543231,247302401273,07/03/2025 01:49:02,2025-07-03,-0.19,"49,292.35", Clearing Fee,USD,MESU5
DEMO4543231,247302401274,07/03/2025 01:49:02,2025-07-03,-0.02,"49,292.33", Nfa Fee,USD,MESU5
DEMO4543231,247302401275,07/03/2025 01:49:02,2025-07-03,-0.35,"49,291.98", Commission,USD,MESU5
DEMO4543231,247302401278,07/03/2025 01:49:02,2025-07-03,-15.00,"49,276.98", Trade Paired,USD,MESU5
DEMO4543231,247302401283,07/03/2025 01:51:02,2025-07-03,-0.50,"49,276.48", Exchange Fee,USD,MGCQ5
DEMO4543231,247302401284,07/03/2025 01:51:02,2025-07-03,-0.19,"49,276.29", Clearing Fee,USD,MGCQ5
DEMO4543231,247302401285,07/03/2025 01:51:02,2025-07-03,-0.02,"49,276.27", Nfa Fee,USD,MGCQ5
DEMO4543231,247302401286,07/03/2025 01:51:02,2025-07-03,-0.35,"49,275.92", Commission,USD,MGCQ5
DEMO4543231,247302401292,07/03/2025 01:51:19,2025-07-03,-1.15,"49,274.77", Exchange Fee,USD,MBTN5
DEMO4543231,247302401293,07/03/2025 01:51:19,2025-07-03,-0.19,"49,274.58", Clearing Fee,USD,MBTN5
DEMO4543231,247302401294,07/03/2025 01:51:19,2025-07-03,-0.02,"49,274.56", Nfa Fee,USD,MBTN5
DEMO4543231,247302401295,07/03/2025 01:51:19,2025-07-03,-0.35,"49,274.21", Commission,USD,MBTN5
DEMO4543231,247302401301,07/03/2025 01:52:42,2025-07-03,-0.50,"49,273.71", Exchange Fee,USD,MGCQ5
DEMO4543231,247302401302,07/03/2025 01:52:42,2025-07-03,-0.19,"49,273.52", Clearing Fee,USD,MGCQ5
DEMO4543231,247302401303,07/03/2025 01:52:42,2025-07-03,-0.02,"49,273.50", Nfa Fee,USD,MGCQ5
DEMO4543231,247302401304,07/03/2025 01:52:42,2025-07-03,-0.35,"49,273.15", Commission,USD,MGCQ5
DEMO4543231,247302401307,07/03/2025 01:52:42,2025-07-03,8.00,"49,281.15", Trade Paired,USD,MGCQ5
DEMO4543231,247302401312,07/03/2025 02:04:26,2025-07-03,-1.15,"49,280.00", Exchange Fee,USD,MBTN5
DEMO4543231,247302401313,07/03/2025 02:04:26,2025-07-03,-0.19,"49,279.81", Clearing Fee,USD,MBTN5
DEMO4543231,247302401314,07/03/2025 02:04:26,2025-07-03,-0.02,"49,279.79", Nfa Fee,USD,MBTN5
DEMO4543231,247302401315,07/03/2025 02:04:26,2025-07-03,-0.35,"49,279.44", Commission,USD,MBTN5
DEMO4543231,247302401318,07/03/2025 02:04:26,2025-07-03,-7.50,"49,271.94", Trade Paired,USD,MBTN5
DEMO4543231,247302401323,07/03/2025 02:06:00,2025-07-03,-0.50,"49,271.44", Exchange Fee,USD,MGCQ5
DEMO4543231,247302401324,07/03/2025 02:06:00,2025-07-03,-0.19,"49,271.25", Clearing Fee,USD,MGCQ5
DEMO4543231,247302401325,07/03/2025 02:06:00,2025-07-03,-0.02,"49,271.23", Nfa Fee,USD,MGCQ5
DEMO4543231,247302401326,07/03/2025 02:06:00,2025-07-03,-0.35,"49,270.88", Commission,USD,MGCQ5
DEMO4543231,247302401332,07/03/2025 02:06:13,2025-07-03,-0.50,"49,270.38", Exchange Fee,USD,MGCQ5
DEMO4543231,247302401333,07/03/2025 02:06:13,2025-07-03,-0.19,"49,270.19", Clearing Fee,USD,MGCQ5
DEMO4543231,247302401334,07/03/2025 02:06:13,2025-07-03,-0.02,"49,270.17", Nfa Fee,USD,MGCQ5
DEMO4543231,247302401335,07/03/2025 02:06:13,2025-07-03,-0.35,"49,269.82", Commission,USD,MGCQ5
DEMO4543231,247302401338,07/03/2025 02:06:13,2025-07-03,-12.00,"49,257.82", Trade Paired,USD,MGCQ5
DEMO4543231,247302401343,07/03/2025 02:09:07,2025-07-03,-1.15,"49,256.67", Exchange Fee,USD,MBTN5
DEMO4543231,247302401344,07/03/2025 02:09:07,2025-07-03,-0.19,"49,256.48", Clearing Fee,USD,MBTN5
DEMO4543231,247302401345,07/03/2025 02:09:07,2025-07-03,-0.02,"49,256.46", Nfa Fee,USD,MBTN5
DEMO4543231,247302401346,07/03/2025 02:09:07,2025-07-03,-0.35,"49,256.11", Commission,USD,MBTN5
DEMO4543231,247302401352,07/03/2025 02:12:12,2025-07-03,-1.15,"49,254.96", Exchange Fee,USD,MBTN5
DEMO4543231,247302401353,07/03/2025 02:12:12,2025-07-03,-0.19,"49,254.77", Clearing Fee,USD,MBTN5
DEMO4543231,247302401354,07/03/2025 02:12:12,2025-07-03,-0.02,"49,254.75", Nfa Fee,USD,MBTN5
DEMO4543231,247302401355,07/03/2025 02:12:12,2025-07-03,-0.35,"49,254.40", Commission,USD,MBTN5
DEMO4543231,247302401358,07/03/2025 02:12:12,2025-07-03,-10.50,"49,243.90", Trade Paired,USD,MBTN5
DEMO4543231,247302401363,07/03/2025 02:21:01,2025-07-03,-0.50,"49,243.40", Exchange Fee,USD,MGCQ5
DEMO4543231,247302401364,07/03/2025 02:21:01,2025-07-03,-0.19,"49,243.21", Clearing Fee,USD,MGCQ5
DEMO4543231,247302401365,07/03/2025 02:21:01,2025-07-03,-0.02,"49,243.19", Nfa Fee,USD,MGCQ5
DEMO4543231,247302401366,07/03/2025 02:21:01,2025-07-03,-0.35,"49,242.84", Commission,USD,MGCQ5
DEMO4543231,247302401372,07/03/2025 02:21:40,2025-07-03,-1.15,"49,241.69", Exchange Fee,USD,MBTN5
DEMO4543231,247302401373,07/03/2025 02:21:40,2025-07-03,-0.19,"49,241.50", Clearing Fee,USD,MBTN5
DEMO4543231,247302401374,07/03/2025 02:21:40,2025-07-03,-0.02,"49,241.48", Nfa Fee,USD,MBTN5
DEMO4543231,247302401375,07/03/2025 02:21:40,2025-07-03,-0.35,"49,241.13", Commission,USD,MBTN5
DEMO4543231,247302401381,07/03/2025 02:21:41,2025-07-03,-1.15,"49,239.98", Exchange Fee,USD,MBTN5
DEMO4543231,247302401382,07/03/2025 02:21:41,2025-07-03,-0.19,"49,239.79", Clearing Fee,USD,MBTN5
DEMO4543231,247302401383,07/03/2025 02:21:41,2025-07-03,-0.02,"49,239.77", Nfa Fee,USD,MBTN5
DEMO4543231,247302401384,07/03/2025 02:21:41,2025-07-03,-0.35,"49,239.42", Commission,USD,MBTN5
DEMO4543231,247302401387,07/03/2025 02:21:41,2025-07-03,-1.50,"49,237.92", Trade Paired,USD,MBTN5
DEMO4543231,247302401392,07/03/2025 02:25:49,2025-07-03,-0.50,"49,237.42", Exchange Fee,USD,MGCQ5
DEMO4543231,247302401393,07/03/2025 02:25:49,2025-07-03,-0.19,"49,237.23", Clearing Fee,USD,MGCQ5
DEMO4543231,247302401394,07/03/2025 02:25:49,2025-07-03,-0.02,"49,237.21", Nfa Fee,USD,MGCQ5
DEMO4543231,247302401395,07/03/2025 02:25:49,2025-07-03,-0.35,"49,236.86", Commission,USD,MGCQ5
DEMO4543231,247302401398,07/03/2025 02:25:49,2025-07-03,-9.00,"49,227.86", Trade Paired,USD,MGCQ5
DEMO4543231,247302401403,07/03/2025 02:30:09,2025-07-03,-1.15,"49,226.71", Exchange Fee,USD,MBTN5
DEMO4543231,247302401404,07/03/2025 02:30:09,2025-07-03,-0.19,"49,226.52", Clearing Fee,USD,MBTN5
DEMO4543231,247302401405,07/03/2025 02:30:09,2025-07-03,-0.02,"49,226.50", Nfa Fee,USD,MBTN5
DEMO4543231,247302401406,07/03/2025 02:30:09,2025-07-03,-0.35,"49,226.15", Commission,USD,MBTN5
DEMO4543231,247302401412,07/03/2025 02:30:44,2025-07-03,-1.15,"49,225.00", Exchange Fee,USD,MBTN5
DEMO4543231,247302401413,07/03/2025 02:30:44,2025-07-03,-0.19,"49,224.81", Clearing Fee,USD,MBTN5
DEMO4543231,247302401414,07/03/2025 02:30:44,2025-07-03,-0.02,"49,224.79", Nfa Fee,USD,MBTN5
DEMO4543231,247302401415,07/03/2025 02:30:44,2025-07-03,-0.35,"49,224.44", Commission,USD,MBTN5
DEMO4543231,247302401418,07/03/2025 02:30:44,2025-07-03,-1.50,"49,222.94", Trade Paired,USD,MBTN5
DEMO4543231,247302401423,07/03/2025 02:39:21,2025-07-03,-1.15,"49,221.79", Exchange Fee,USD,MBTN5
DEMO4543231,247302401424,07/03/2025 02:39:21,2025-07-03,-0.19,"49,221.60", Clearing Fee,USD,MBTN5
DEMO4543231,247302401425,07/03/2025 02:39:21,2025-07-03,-0.02,"49,221.58", Nfa Fee,USD,MBTN5
DEMO4543231,247302401426,07/03/2025 02:39:21,2025-07-03,-0.35,"49,221.23", Commission,USD,MBTN5
DEMO4543231,247302401432,07/03/2025 02:43:09,2025-07-03,-1.15,"49,220.08", Exchange Fee,USD,MBTN5
DEMO4543231,247302401433,07/03/2025 02:43:09,2025-07-03,-0.19,"49,219.89", Clearing Fee,USD,MBTN5
DEMO4543231,247302401434,07/03/2025 02:43:09,2025-07-03,-0.02,"49,219.87", Nfa Fee,USD,MBTN5
DEMO4543231,247302401435,07/03/2025 02:43:09,2025-07-03,-0.35,"49,219.52", Commission,USD,MBTN5
DEMO4543231,247302401438,07/03/2025 02:43:09,2025-07-03,6.50,"49,226.02", Trade Paired,USD,MBTN5
DEMO4543231,247302401443,07/03/2025 02:45:05,2025-07-03,-0.35,"49,225.67", Exchange Fee,USD,MESU5
DEMO4543231,247302401444,07/03/2025 02:45:05,2025-07-03,-0.19,"49,225.48", Clearing Fee,USD,MESU5
DEMO4543231,247302401445,07/03/2025 02:45:05,2025-07-03,-0.02,"49,225.46", Nfa Fee,USD,MESU5
DEMO4543231,247302401446,07/03/2025 02:45:05,2025-07-03,-0.35,"49,225.11", Commission,USD,MESU5
DEMO4543231,247302401452,07/03/2025 02:45:11,2025-07-03,-1.15,"49,223.96", Exchange Fee,USD,MBTN5
DEMO4543231,247302401453,07/03/2025 02:45:11,2025-07-03,-0.19,"49,223.77", Clearing Fee,USD,MBTN5
DEMO4543231,247302401454,07/03/2025 02:45:11,2025-07-03,-0.02,"49,223.75", Nfa Fee,USD,MBTN5
DEMO4543231,247302401455,07/03/2025 02:45:11,2025-07-03,-0.35,"49,223.40", Commission,USD,MBTN5
DEMO4543231,247302401461,07/03/2025 02:48:02,2025-07-03,-0.50,"49,222.90", Exchange Fee,USD,MGCQ5
DEMO4543231,247302401462,07/03/2025 02:48:02,2025-07-03,-0.19,"49,222.71", Clearing Fee,USD,MGCQ5
DEMO4543231,247302401463,07/03/2025 02:48:02,2025-07-03,-0.02,"49,222.69", Nfa Fee,USD,MGCQ5
DEMO4543231,247302401464,07/03/2025 02:48:02,2025-07-03,-0.35,"49,222.34", Commission,USD,MGCQ5
DEMO4543231,247302401470,07/03/2025 02:48:46,2025-07-03,-1.15,"49,221.19", Exchange Fee,USD,MBTN5
DEMO4543231,247302401471,07/03/2025 02:48:46,2025-07-03,-0.19,"49,221.00", Clearing Fee,USD,MBTN5
DEMO4543231,247302401472,07/03/2025 02:48:46,2025-07-03,-0.02,"49,220.98", Nfa Fee,USD,MBTN5
DEMO4543231,247302401473,07/03/2025 02:48:46,2025-07-03,-0.35,"49,220.63", Commission,USD,MBTN5
DEMO4543231,247302401476,07/03/2025 02:48:46,2025-07-03,4.50,"49,225.13", Trade Paired,USD,MBTN5
DEMO4543231,247302401481,07/03/2025 02:51:06,2025-07-03,-0.50,"49,224.63", Exchange Fee,USD,MGCQ5
DEMO4543231,247302401482,07/03/2025 02:51:06,2025-07-03,-0.19,"49,224.44", Clearing Fee,USD,MGCQ5
DEMO4543231,247302401483,07/03/2025 02:51:06,2025-07-03,-0.02,"49,224.42", Nfa Fee,USD,MGCQ5
DEMO4543231,247302401484,07/03/2025 02:51:06,2025-07-03,-0.35,"49,224.07", Commission,USD,MGCQ5
DEMO4543231,247302401487,07/03/2025 02:51:06,2025-07-03,9.00,"49,233.07", Trade Paired,USD,MGCQ5
DEMO4543231,247302401492,07/03/2025 02:57:02,2025-07-03,-0.50,"49,232.57", Exchange Fee,USD,MGCQ5
DEMO4543231,247302401493,07/03/2025 02:57:02,2025-07-03,-0.19,"49,232.38", Clearing Fee,USD,MGCQ5
DEMO4543231,247302401494,07/03/2025 02:57:02,2025-07-03,-0.02,"49,232.36", Nfa Fee,USD,MGCQ5
DEMO4543231,247302401495,07/03/2025 02:57:02,2025-07-03,-0.35,"49,232.01", Commission,USD,MGCQ5
DEMO4543231,247302401501,07/03/2025 02:59:13,2025-07-03,-0.50,"49,231.51", Exchange Fee,USD,MGCQ5
DEMO4543231,247302401502,07/03/2025 02:59:13,2025-07-03,-0.19,"49,231.32", Clearing Fee,USD,MGCQ5
DEMO4543231,247302401503,07/03/2025 02:59:13,2025-07-03,-0.02,"49,231.30", Nfa Fee,USD,MGCQ5
DEMO4543231,247302401504,07/03/2025 02:59:13,2025-07-03,-0.35,"49,230.95", Commission,USD,MGCQ5
DEMO4543231,247302401507,07/03/2025 02:59:13,2025-07-03,6.00,"49,236.95", Trade Paired,USD,MGCQ5
DEMO4543231,247302401512,07/03/2025 03:00:12,2025-07-03,-0.35,"49,236.60", Exchange Fee,USD,MESU5
DEMO4543231,247302401513,07/03/2025 03:00:12,2025-07-03,-0.19,"49,236.41", Clearing Fee,USD,MESU5
DEMO4543231,247302401514,07/03/2025 03:00:12,2025-07-03,-0.02,"49,236.39", Nfa Fee,USD,MESU5
DEMO4543231,247302401515,07/03/2025 03:00:12,2025-07-03,-0.35,"49,236.04", Commission,USD,MESU5
DEMO4543231,247302401518,07/03/2025 03:00:12,2025-07-03,-12.50,"49,223.54", Trade Paired,USD,MESU5
DEMO4543231,247302401523,07/03/2025 03:20:00,2025-07-03,-0.35,"49,223.19", Exchange Fee,USD,MESU5
DEMO4543231,247302401524,07/03/2025 03:20:00,2025-07-03,-0.19,"49,223.00", Clearing Fee,USD,MESU5
DEMO4543231,247302401525,07/03/2025 03:20:00,2025-07-03,-0.02,"49,222.98", Nfa Fee,USD,MESU5
DEMO4543231,247302401526,07/03/2025 03:20:00,2025-07-03,-0.35,"49,222.63", Commission,USD,MESU5
DEMO4543231,247302401532,07/03/2025 03:21:00,2025-07-03,-0.50,"49,222.13", Exchange Fee,USD,MGCQ5
DEMO4543231,247302401533,07/03/2025 03:21:00,2025-07-03,-0.19,"49,221.94", Clearing Fee,USD,MGCQ5
DEMO4543231,247302401534,07/03/2025 03:21:00,2025-07-03,-0.02,"49,221.92", Nfa Fee,USD,MGCQ5
DEMO4543231,247302401535,07/03/2025 03:21:00,2025-07-03,-0.35,"49,221.57", Commission,USD,MGCQ5
DEMO4543231,247302401541,07/03/2025 03:22:12,2025-07-03,-0.50,"49,221.07", Exchange Fee,USD,MGCQ5
DEMO4543231,247302401542,07/03/2025 03:22:12,2025-07-03,-0.19,"49,220.88", Clearing Fee,USD,MGCQ5
DEMO4543231,247302401543,07/03/2025 03:22:12,2025-07-03,-0.02,"49,220.86", Nfa Fee,USD,MGCQ5
DEMO4543231,247302401544,07/03/2025 03:22:12,2025-07-03,-0.35,"49,220.51", Commission,USD,MGCQ5
DEMO4543231,247302401547,07/03/2025 03:22:12,2025-07-03,-7.00,"49,213.51", Trade Paired,USD,MGCQ5
DEMO4543231,247302401552,07/03/2025 03:27:05,2025-07-03,-1.15,"49,212.36", Exchange Fee,USD,MBTN5
DEMO4543231,247302401553,07/03/2025 03:27:05,2025-07-03,-0.19,"49,212.17", Clearing Fee,USD,MBTN5
DEMO4543231,247302401554,07/03/2025 03:27:05,2025-07-03,-0.02,"49,212.15", Nfa Fee,USD,MBTN5
DEMO4543231,247302401555,07/03/2025 03:27:05,2025-07-03,-0.35,"49,211.80", Commission,USD,MBTN5
DEMO4543231,247302401561,07/03/2025 03:27:14,2025-07-03,-0.35,"49,211.45", Exchange Fee,USD,MESU5
DEMO4543231,247302401562,07/03/2025 03:27:14,2025-07-03,-0.19,"49,211.26", Clearing Fee,USD,MESU5
DEMO4543231,247302401563,07/03/2025 03:27:14,2025-07-03,-0.02,"49,211.24", Nfa Fee,USD,MESU5
DEMO4543231,247302401564,07/03/2025 03:27:14,2025-07-03,-0.35,"49,210.89", Commission,USD,MESU5
DEMO4543231,247302401567,07/03/2025 03:27:14,2025-07-03,8.75,"49,219.64", Trade Paired,USD,MESU5
DEMO4543231,247302401572,07/03/2025 03:29:08,2025-07-03,-1.15,"49,218.49", Exchange Fee,USD,MBTN5
DEMO4543231,247302401573,07/03/2025 03:29:08,2025-07-03,-0.19,"49,218.30", Clearing Fee,USD,MBTN5
DEMO4543231,247302401574,07/03/2025 03:29:08,2025-07-03,-0.02,"49,218.28", Nfa Fee,USD,MBTN5
DEMO4543231,247302401575,07/03/2025 03:29:08,2025-07-03,-0.35,"49,217.93", Commission,USD,MBTN5
DEMO4543231,247302401578,07/03/2025 03:29:08,2025-07-03,3.00,"49,220.93", Trade Paired,USD,MBTN5
DEMO4543231,247302401583,07/03/2025 03:33:02,2025-07-03,-0.50,"49,220.43", Exchange Fee,USD,MGCQ5
DEMO4543231,247302401584,07/03/2025 03:33:02,2025-07-03,-0.19,"49,220.24", Clearing Fee,USD,MGCQ5
DEMO4543231,247302401585,07/03/2025 03:33:02,2025-07-03,-0.02,"49,220.22", Nfa Fee,USD,MGCQ5
DEMO4543231,247302401586,07/03/2025 03:33:02,2025-07-03,-0.35,"49,219.87", Commission,USD,MGCQ5
DEMO4543231,247302401592,07/03/2025 03:33:16,2025-07-03,-0.50,"49,219.37", Exchange Fee,USD,MGCQ5
DEMO4543231,247302401593,07/03/2025 03:33:16,2025-07-03,-0.19,"49,219.18", Clearing Fee,USD,MGCQ5
DEMO4543231,247302401594,07/03/2025 03:33:16,2025-07-03,-0.02,"49,219.16", Nfa Fee,USD,MGCQ5
DEMO4543231,247302401595,07/03/2025 03:33:16,2025-07-03,-0.35,"49,218.81", Commission,USD,MGCQ5
DEMO4543231,247302401598,07/03/2025 03:33:16,2025-07-03,5.00,"49,223.81", Trade Paired,USD,MGCQ5
DEMO4543231,247302401603,07/03/2025 03:39:04,2025-07-03,-1.15,"49,222.66", Exchange Fee,USD,MBTN5
DEMO4543231,247302401604,07/03/2025 03:39:04,2025-07-03,-0.19,"49,222.47", Clearing Fee,USD,MBTN5
DEMO4543231,247302401605,07/03/2025 03:39:04,2025-07-03,-0.02,"49,222.45", Nfa Fee,USD,MBTN5
DEMO4543231,247302401606,07/03/2025 03:39:04,2025-07-03,-0.35,"49,222.10", Commission,USD,MBTN5
DEMO4543231,247302401612,07/03/2025 03:41:02,2025-07-03,-1.15,"49,220.95", Exchange Fee,USD,MBTN5
DEMO4543231,247302401613,07/03/2025 03:41:02,2025-07-03,-0.19,"49,220.76", Clearing Fee,USD,MBTN5
DEMO4543231,247302401614,07/03/2025 03:41:02,2025-07-03,-0.02,"49,220.74", Nfa Fee,USD,MBTN5
DEMO4543231,247302401615,07/03/2025 03:41:02,2025-07-03,-0.35,"49,220.39", Commission,USD,MBTN5
DEMO4543231,247302401618,07/03/2025 03:41:02,2025-07-03,-6.50,"49,213.89", Trade Paired,USD,MBTN5
DEMO4543231,247302401623,07/03/2025 03:48:23,2025-07-03,-1.15,"49,212.74", Exchange Fee,USD,MBTN5
DEMO4543231,247302401624,07/03/2025 03:48:23,2025-07-03,-0.19,"49,212.55", Clearing Fee,USD,MBTN5
DEMO4543231,247302401625,07/03/2025 03:48:23,2025-07-03,-0.02,"49,212.53", Nfa Fee,USD,MBTN5
DEMO4543231,247302401626,07/03/2025 03:48:23,2025-07-03,-0.35,"49,212.18", Commission,USD,MBTN5
DEMO4543231,247302401632,07/03/2025 03:48:50,2025-07-03,-1.15,"49,211.03", Exchange Fee,USD,MBTN5
DEMO4543231,247302401633,07/03/2025 03:48:50,2025-07-03,-0.19,"49,210.84", Clearing Fee,USD,MBTN5
DEMO4543231,247302401634,07/03/2025 03:48:50,2025-07-03,-0.02,"49,210.82", Nfa Fee,USD,MBTN5
DEMO4543231,247302401635,07/03/2025 03:48:50,2025-07-03,-0.35,"49,210.47", Commission,USD,MBTN5
DEMO4543231,247302401638,07/03/2025 03:48:50,2025-07-03,-2.00,"49,208.47", Trade Paired,USD,MBTN5
DEMO4543231,247302401643,07/03/2025 03:51:02,2025-07-03,-0.50,"49,207.97", Exchange Fee,USD,MGCQ5
DEMO4543231,247302401644,07/03/2025 03:51:02,2025-07-03,-0.19,"49,207.78", Clearing Fee,USD,MGCQ5
DEMO4543231,247302401645,07/03/2025 03:51:02,2025-07-03,-0.02,"49,207.76", Nfa Fee,USD,MGCQ5
DEMO4543231,247302401646,07/03/2025 03:51:02,2025-07-03,-0.35,"49,207.41", Commission,USD,MGCQ5
DEMO4543231,247302401652,07/03/2025 03:52:43,2025-07-03,-0.50,"49,206.91", Exchange Fee,USD,MGCQ5
DEMO4543231,247302401653,07/03/2025 03:52:43,2025-07-03,-0.19,"49,206.72", Clearing Fee,USD,MGCQ5
DEMO4543231,247302401654,07/03/2025 03:52:43,2025-07-03,-0.02,"49,206.70", Nfa Fee,USD,MGCQ5
DEMO4543231,247302401655,07/03/2025 03:52:43,2025-07-03,-0.35,"49,206.35", Commission,USD,MGCQ5
DEMO4543231,247302401658,07/03/2025 03:52:43,2025-07-03,-13.00,"49,193.35", Trade Paired,USD,MGCQ5
DEMO4543231,247302401663,07/03/2025 04:03:01,2025-07-03,-0.50,"49,192.85", Exchange Fee,USD,MGCQ5
DEMO4543231,247302401664,07/03/2025 04:03:01,2025-07-03,-0.19,"49,192.66", Clearing Fee,USD,MGCQ5
DEMO4543231,247302401665,07/03/2025 04:03:01,2025-07-03,-0.02,"49,192.64", Nfa Fee,USD,MGCQ5
DEMO4543231,247302401666,07/03/2025 04:03:01,2025-07-03,-0.35,"49,192.29", Commission,USD,MGCQ5
DEMO4543231,247302401672,07/03/2025 04:05:02,2025-07-03,-0.35,"49,191.94", Exchange Fee,USD,MESU5
DEMO4543231,247302401673,07/03/2025 04:05:02,2025-07-03,-0.19,"49,191.75", Clearing Fee,USD,MESU5
DEMO4543231,247302401674,07/03/2025 04:05:02,2025-07-03,-0.02,"49,191.73", Nfa Fee,USD,MESU5
DEMO4543231,247302401675,07/03/2025 04:05:02,2025-07-03,-0.35,"49,191.38", Commission,USD,MESU5
DEMO4543231,247302401681,07/03/2025 04:06:05,2025-07-03,-1.15,"49,190.23", Exchange Fee,USD,MBTN5
DEMO4543231,247302401682,07/03/2025 04:06:05,2025-07-03,-0.19,"49,190.04", Clearing Fee,USD,MBTN5
DEMO4543231,247302401683,07/03/2025 04:06:05,2025-07-03,-0.02,"49,190.02", Nfa Fee,USD,MBTN5
DEMO4543231,247302401684,07/03/2025 04:06:05,2025-07-03,-0.35,"49,189.67", Commission,USD,MBTN5
DEMO4543231,247302401690,07/03/2025 04:07:04,2025-07-03,-1.15,"49,188.52", Exchange Fee,USD,MBTN5
DEMO4543231,247302401691,07/03/2025 04:07:04,2025-07-03,-0.19,"49,188.33", Clearing Fee,USD,MBTN5
DEMO4543231,247302401692,07/03/2025 04:07:04,2025-07-03,-0.02,"49,188.31", Nfa Fee,USD,MBTN5
DEMO4543231,247302401693,07/03/2025 04:07:04,2025-07-03,-0.35,"49,187.96", Commission,USD,MBTN5
DEMO4543231,247302401696,07/03/2025 04:07:04,2025-07-03,3.00,"49,190.96", Trade Paired,USD,MBTN5
DEMO4543231,247302401701,07/03/2025 04:12:05,2025-07-03,-1.15,"49,189.81", Exchange Fee,USD,MBTN5
DEMO4543231,247302401702,07/03/2025 04:12:05,2025-07-03,-0.19,"49,189.62", Clearing Fee,USD,MBTN5
DEMO4543231,247302401703,07/03/2025 04:12:05,2025-07-03,-0.02,"49,189.60", Nfa Fee,USD,MBTN5
DEMO4543231,247302401704,07/03/2025 04:12:05,2025-07-03,-0.35,"49,189.25", Commission,USD,MBTN5
DEMO4543231,247302401710,07/03/2025 04:16:24,2025-07-03,-1.15,"49,188.10", Exchange Fee,USD,MBTN5
DEMO4543231,247302401711,07/03/2025 04:16:24,2025-07-03,-0.19,"49,187.91", Clearing Fee,USD,MBTN5
DEMO4543231,247302401712,07/03/2025 04:16:24,2025-07-03,-0.02,"49,187.89", Nfa Fee,USD,MBTN5
DEMO4543231,247302401713,07/03/2025 04:16:24,2025-07-03,-0.35,"49,187.54", Commission,USD,MBTN5
DEMO4543231,247302401716,07/03/2025 04:16:24,2025-07-03,-4.50,"49,183.04", Trade Paired,USD,MBTN5
DEMO4543231,247302401721,07/03/2025 04:18:34,2025-07-03,-1.15,"49,181.89", Exchange Fee,USD,MBTN5
DEMO4543231,247302401722,07/03/2025 04:18:34,2025-07-03,-0.19,"49,181.70", Clearing Fee,USD,MBTN5
DEMO4543231,247302401723,07/03/2025 04:18:34,2025-07-03,-0.02,"49,181.68", Nfa Fee,USD,MBTN5
DEMO4543231,247302401724,07/03/2025 04:18:34,2025-07-03,-0.35,"49,181.33", Commission,USD,MBTN5
DEMO4543231,247302401730,07/03/2025 04:20:30,2025-07-03,-0.50,"49,180.83", Exchange Fee,USD,MGCQ5
DEMO4543231,247302401731,07/03/2025 04:20:30,2025-07-03,-0.19,"49,180.64", Clearing Fee,USD,MGCQ5
DEMO4543231,247302401732,07/03/2025 04:20:30,2025-07-03,-0.02,"49,180.62", Nfa Fee,USD,MGCQ5
DEMO4543231,247302401733,07/03/2025 04:20:30,2025-07-03,-0.35,"49,180.27", Commission,USD,MGCQ5
DEMO4543231,247302401736,07/03/2025 04:20:30,2025-07-03,-15.00,"49,165.27", Trade Paired,USD,MGCQ5
DEMO4543231,247302401741,07/03/2025 04:24:05,2025-07-03,-0.50,"49,164.77", Exchange Fee,USD,MGCQ5
DEMO4543231,247302401742,07/03/2025 04:24:05,2025-07-03,-0.19,"49,164.58", Clearing Fee,USD,MGCQ5
DEMO4543231,247302401743,07/03/2025 04:24:05,2025-07-03,-0.02,"49,164.56", Nfa Fee,USD,MGCQ5
DEMO4543231,247302401744,07/03/2025 04:24:05,2025-07-03,-0.35,"49,164.21", Commission,USD,MGCQ5
DEMO4543231,247302401750,07/03/2025 04:27:19,2025-07-03,-1.15,"49,163.06", Exchange Fee,USD,MBTN5
DEMO4543231,247302401751,07/03/2025 04:27:19,2025-07-03,-0.19,"49,162.87", Clearing Fee,USD,MBTN5
DEMO4543231,247302401752,07/03/2025 04:27:19,2025-07-03,-0.02,"49,162.85", Nfa Fee,USD,MBTN5
DEMO4543231,247302401753,07/03/2025 04:27:19,2025-07-03,-0.35,"49,162.50", Commission,USD,MBTN5
DEMO4543231,247302401756,07/03/2025 04:27:19,2025-07-03,7.00,"49,169.50", Trade Paired,USD,MBTN5
DEMO4543231,247302401761,07/03/2025 04:28:16,2025-07-03,-0.50,"49,169.00", Exchange Fee,USD,MGCQ5
DEMO4543231,247302401762,07/03/2025 04:28:16,2025-07-03,-0.19,"49,168.81", Clearing Fee,USD,MGCQ5
DEMO4543231,247302401763,07/03/2025 04:28:16,2025-07-03,-0.02,"49,168.79", Nfa Fee,USD,MGCQ5
DEMO4543231,247302401764,07/03/2025 04:28:16,2025-07-03,-0.35,"49,168.44", Commission,USD,MGCQ5
DEMO4543231,247302401767,07/03/2025 04:28:16,2025-07-03,7.00,"49,175.44", Trade Paired,USD,MGCQ5
DEMO4543231,247302401772,07/03/2025 04:36:01,2025-07-03,-0.50,"49,174.94", Exchange Fee,USD,MGCQ5
DEMO4543231,247302401773,07/03/2025 04:36:01,2025-07-03,-0.19,"49,174.75", Clearing Fee,USD,MGCQ5
DEMO4543231,247302401774,07/03/2025 04:36:01,2025-07-03,-0.02,"49,174.73", Nfa Fee,USD,MGCQ5
DEMO4543231,247302401775,07/03/2025 04:36:01,2025-07-03,-0.35,"49,174.38", Commission,USD,MGCQ5
DEMO4543231,247302401781,07/03/2025 04:37:22,2025-07-03,-0.50,"49,173.88", Exchange Fee,USD,MGCQ5
DEMO4543231,247302401782,07/03/2025 04:37:22,2025-07-03,-0.19,"49,173.69", Clearing Fee,USD,MGCQ5
DEMO4543231,247302401783,07/03/2025 04:37:22,2025-07-03,-0.02,"49,173.67", Nfa Fee,USD,MGCQ5
DEMO4543231,247302401784,07/03/2025 04:37:22,2025-07-03,-0.35,"49,173.32", Commission,USD,MGCQ5
DEMO4543231,247302401787,07/03/2025 04:37:22,2025-07-03,-11.00,"49,162.32", Trade Paired,USD,MGCQ5
DEMO4543231,247302401792,07/03/2025 04:44:57,2025-07-03,-0.35,"49,161.97", Exchange Fee,USD,MESU5
DEMO4543231,247302401793,07/03/2025 04:44:57,2025-07-03,-0.19,"49,161.78", Clearing Fee,USD,MESU5
DEMO4543231,247302401794,07/03/2025 04:44:57,2025-07-03,-0.02,"49,161.76", Nfa Fee,USD,MESU5
DEMO4543231,247302401795,07/03/2025 04:44:57,2025-07-03,-0.35,"49,161.41", Commission,USD,MESU5
DEMO4543231,247302401798,07/03/2025 04:44:57,2025-07-03,-16.25,"49,145.16", Trade Paired,USD,MESU5
DEMO4543231,247302401803,07/03/2025 04:45:21,2025-07-03,-1.15,"49,144.01", Exchange Fee,USD,MBTN5
DEMO4543231,247302401804,07/03/2025 04:45:21,2025-07-03,-0.19,"49,143.82", Clearing Fee,USD,MBTN5
DEMO4543231,247302401805,07/03/2025 04:45:21,2025-07-03,-0.02,"49,143.80", Nfa Fee,USD,MBTN5
DEMO4543231,247302401806,07/03/2025 04:45:21,2025-07-03,-0.35,"49,143.45", Commission,USD,MBTN5
DEMO4543231,247302401812,07/03/2025 04:46:15,2025-07-03,-1.15,"49,142.30", Exchange Fee,USD,MBTN5
DEMO4543231,247302401813,07/03/2025 04:46:15,2025-07-03,-0.19,"49,142.11", Clearing Fee,USD,MBTN5
DEMO4543231,247302401814,07/03/2025 04:46:15,2025-07-03,-0.02,"49,142.09", Nfa Fee,USD,MBTN5
DEMO4543231,247302401815,07/03/2025 04:46:15,2025-07-03,-0.35,"49,141.74", Commission,USD,MBTN5
DEMO4543231,247302401818,07/03/2025 04:46:15,2025-07-03,-7.50,"49,134.24", Trade Paired,USD,MBTN5
DEMO4543231,247302401823,07/03/2025 04:48:04,2025-07-03,-0.50,"49,133.74", Exchange Fee,USD,MGCQ5
DEMO4543231,247302401824,07/03/2025 04:48:04,2025-07-03,-0.19,"49,133.55", Clearing Fee,USD,MGCQ5
DEMO4543231,247302401825,07/03/2025 04:48:04,2025-07-03,-0.02,"49,133.53", Nfa Fee,USD,MGCQ5
DEMO4543231,247302401826,07/03/2025 04:48:04,2025-07-03,-0.35,"49,133.18", Commission,USD,MGCQ5
DEMO4543231,247302401832,07/03/2025 04:50:44,2025-07-03,-0.50,"49,132.68", Exchange Fee,USD,MGCQ5
DEMO4543231,247302401833,07/03/2025 04:50:44,2025-07-03,-0.19,"49,132.49", Clearing Fee,USD,MGCQ5
DEMO4543231,247302401834,07/03/2025 04:50:44,2025-07-03,-0.02,"49,132.47", Nfa Fee,USD,MGCQ5
DEMO4543231,247302401835,07/03/2025 04:50:44,2025-07-03,-0.35,"49,132.12", Commission,USD,MGCQ5
DEMO4543231,247302401838,07/03/2025 04:50:44,2025-07-03,-11.00,"49,121.12", Trade Paired,USD,MGCQ5
DEMO4543231,247302401843,07/03/2025 05:03:20,2025-07-03,-1.15,"49,119.97", Exchange Fee,USD,MBTN5
DEMO4543231,247302401844,07/03/2025 05:03:20,2025-07-03,-0.19,"49,119.78", Clearing Fee,USD,MBTN5
DEMO4543231,247302401845,07/03/2025 05:03:20,2025-07-03,-0.02,"49,119.76", Nfa Fee,USD,MBTN5
DEMO4543231,247302401846,07/03/2025 05:03:20,2025-07-03,-0.35,"49,119.41", Commission,USD,MBTN5
DEMO4543231,247302401852,07/03/2025 05:05:03,2025-07-03,-0.35,"49,119.06", Exchange Fee,USD,MESU5
DEMO4543231,247302401853,07/03/2025 05:05:03,2025-07-03,-0.19,"49,118.87", Clearing Fee,USD,MESU5
DEMO4543231,247302401854,07/03/2025 05:05:03,2025-07-03,-0.02,"49,118.85", Nfa Fee,USD,MESU5
DEMO4543231,247302401855,07/03/2025 05:05:03,2025-07-03,-0.35,"49,118.50", Commission,USD,MESU5
DEMO4543231,247302401861,07/03/2025 05:05:07,2025-07-03,-1.15,"49,117.35", Exchange Fee,USD,MBTN5
DEMO4543231,247302401862,07/03/2025 05:05:07,2025-07-03,-0.19,"49,117.16", Clearing Fee,USD,MBTN5
DEMO4543231,247302401863,07/03/2025 05:05:07,2025-07-03,-0.02,"49,117.14", Nfa Fee,USD,MBTN5
DEMO4543231,247302401864,07/03/2025 05:05:07,2025-07-03,-0.35,"49,116.79", Commission,USD,MBTN5
DEMO4543231,247302401867,07/03/2025 05:05:07,2025-07-03,4.00,"49,120.79", Trade Paired,USD,MBTN5
DEMO4543231,247302401872,07/03/2025 05:09:26,2025-07-03,-1.15,"49,119.64", Exchange Fee,USD,MBTN5
DEMO4543231,247302401873,07/03/2025 05:09:26,2025-07-03,-0.19,"49,119.45", Clearing Fee,USD,MBTN5
DEMO4543231,247302401874,07/03/2025 05:09:26,2025-07-03,-0.02,"49,119.43", Nfa Fee,USD,MBTN5
DEMO4543231,247302401875,07/03/2025 05:09:26,2025-07-03,-0.35,"49,119.08", Commission,USD,MBTN5
DEMO4543231,247302401881,07/03/2025 05:10:40,2025-07-03,-1.15,"49,117.93", Exchange Fee,USD,MBTN5
DEMO4543231,247302401882,07/03/2025 05:10:40,2025-07-03,-0.19,"49,117.74", Clearing Fee,USD,MBTN5
DEMO4543231,247302401883,07/03/2025 05:10:40,2025-07-03,-0.02,"49,117.72", Nfa Fee,USD,MBTN5
DEMO4543231,247302401884,07/03/2025 05:10:40,2025-07-03,-0.35,"49,117.37", Commission,USD,MBTN5
DEMO4543231,247302401887,07/03/2025 05:10:40,2025-07-03,4.50,"49,121.87", Trade Paired,USD,MBTN5
DEMO4543231,247302401892,07/03/2025 05:18:08,2025-07-03,-1.15,"49,120.72", Exchange Fee,USD,MBTN5
DEMO4543231,247302401893,07/03/2025 05:18:08,2025-07-03,-0.19,"49,120.53", Clearing Fee,USD,MBTN5
DEMO4543231,247302401894,07/03/2025 05:18:08,2025-07-03,-0.02,"49,120.51", Nfa Fee,USD,MBTN5
DEMO4543231,247302401895,07/03/2025 05:18:08,2025-07-03,-0.35,"49,120.16", Commission,USD,MBTN5
DEMO4543231,247302401901,07/03/2025 05:18:35,2025-07-03,-1.15,"49,119.01", Exchange Fee,USD,MBTN5
DEMO4543231,247302401902,07/03/2025 05:18:35,2025-07-03,-0.19,"49,118.82", Clearing Fee,USD,MBTN5
DEMO4543231,247302401903,07/03/2025 05:18:35,2025-07-03,-0.02,"49,118.80", Nfa Fee,USD,MBTN5
DEMO4543231,247302401904,07/03/2025 05:18:35,2025-07-03,-0.35,"49,118.45", Commission,USD,MBTN5
DEMO4543231,247302401907,07/03/2025 05:18:35,2025-07-03,1.50,"49,119.95", Trade Paired,USD,MBTN5
DEMO4543231,247302401912,07/03/2025 05:21:50,2025-07-03,-0.35,"49,119.60", Exchange Fee,USD,MESU5
DEMO4543231,247302401913,07/03/2025 05:21:50,2025-07-03,-0.19,"49,119.41", Clearing Fee,USD,MESU5
DEMO4543231,247302401914,07/03/2025 05:21:50,2025-07-03,-0.02,"49,119.39", Nfa Fee,USD,MESU5
DEMO4543231,247302401915,07/03/2025 05:21:50,2025-07-03,-0.35,"49,119.04", Commission,USD,MESU5
DEMO4543231,247302401918,07/03/2025 05:21:50,2025-07-03,7.50,"49,126.54", Trade Paired,USD,MESU5
DEMO4543231,247302401923,07/03/2025 05:24:03,2025-07-03,-0.50,"49,126.04", Exchange Fee,USD,MGCQ5
DEMO4543231,247302401924,07/03/2025 05:24:03,2025-07-03,-0.19,"49,125.85", Clearing Fee,USD,MGCQ5
DEMO4543231,247302401925,07/03/2025 05:24:03,2025-07-03,-0.02,"49,125.83", Nfa Fee,USD,MGCQ5
DEMO4543231,247302401926,07/03/2025 05:24:03,2025-07-03,-0.35,"49,125.48", Commission,USD,MGCQ5
DEMO4543231,247302401932,07/03/2025 05:25:33,2025-07-03,-0.50,"49,124.98", Exchange Fee,USD,MGCQ5
DEMO4543231,247302401933,07/03/2025 05:25:33,2025-07-03,-0.19,"49,124.79", Clearing Fee,USD,MGCQ5
DEMO4543231,247302401934,07/03/2025 05:25:33,2025-07-03,-0.02,"49,124.77", Nfa Fee,USD,MGCQ5
DEMO4543231,247302401935,07/03/2025 05:25:33,2025-07-03,-0.35,"49,124.42", Commission,USD,MGCQ5
DEMO4543231,247302401938,07/03/2025 05:25:33,2025-07-03,-10.00,"49,114.42", Trade Paired,USD,MGCQ5
DEMO4543231,247302401943,07/03/2025 05:30:21,2025-07-03,-1.15,"49,113.27", Exchange Fee,USD,MBTN5
DEMO4543231,247302401944,07/03/2025 05:30:21,2025-07-03,-0.19,"49,113.08", Clearing Fee,USD,MBTN5
DEMO4543231,247302401945,07/03/2025 05:30:21,2025-07-03,-0.02,"49,113.06", Nfa Fee,USD,MBTN5
DEMO4543231,247302401946,07/03/2025 05:30:21,2025-07-03,-0.35,"49,112.71", Commission,USD,MBTN5
DEMO4543231,247302401952,07/03/2025 05:31:35,2025-07-03,-1.15,"49,111.56", Exchange Fee,USD,MBTN5
DEMO4543231,247302401953,07/03/2025 05:31:35,2025-07-03,-0.19,"49,111.37", Clearing Fee,USD,MBTN5
DEMO4543231,247302401954,07/03/2025 05:31:35,2025-07-03,-0.02,"49,111.35", Nfa Fee,USD,MBTN5
DEMO4543231,247302401955,07/03/2025 05:31:35,2025-07-03,-0.35,"49,111.00", Commission,USD,MBTN5
DEMO4543231,247302401958,07/03/2025 05:31:35,2025-07-03,-8.00,"49,103.00", Trade Paired,USD,MBTN5
DEMO4543231,247302401963,07/03/2025 05:39:05,2025-07-03,-1.15,"49,101.85", Exchange Fee,USD,MBTN5
DEMO4543231,247302401964,07/03/2025 05:39:05,2025-07-03,-0.19,"49,101.66", Clearing Fee,USD,MBTN5
DEMO4543231,247302401965,07/03/2025 05:39:05,2025-07-03,-0.02,"49,101.64", Nfa Fee,USD,MBTN5
DEMO4543231,247302401966,07/03/2025 05:39:05,2025-07-03,-0.35,"49,101.29", Commission,USD,MBTN5
DEMO4543231,247302401972,07/03/2025 05:40:24,2025-07-03,-1.15,"49,100.14", Exchange Fee,USD,MBTN5
DEMO4543231,247302401973,07/03/2025 05:40:24,2025-07-03,-0.19,"49,099.95", Clearing Fee,USD,MBTN5
DEMO4543231,247302401974,07/03/2025 05:40:24,2025-07-03,-0.02,"49,099.93", Nfa Fee,USD,MBTN5
DEMO4543231,247302401975,07/03/2025 05:40:24,2025-07-03,-0.35,"49,099.58", Commission,USD,MBTN5
DEMO4543231,247302401978,07/03/2025 05:40:24,2025-07-03,-5.00,"49,094.58", Trade Paired,USD,MBTN5
DEMO4543231,247302401983,07/03/2025 05:42:00,2025-07-03,-0.50,"49,094.08", Exchange Fee,USD,MGCQ5
DEMO4543231,247302401984,07/03/2025 05:42:00,2025-07-03,-0.19,"49,093.89", Clearing Fee,USD,MGCQ5
DEMO4543231,247302401985,07/03/2025 05:42:00,2025-07-03,-0.02,"49,093.87", Nfa Fee,USD,MGCQ5
DEMO4543231,247302401986,07/03/2025 05:42:00,2025-07-03,-0.35,"49,093.52", Commission,USD,MGCQ5
DEMO4543231,247302401992,07/03/2025 05:44:29,2025-07-03,-0.50,"49,093.02", Exchange Fee,USD,MGCQ5
DEMO4543231,247302401993,07/03/2025 05:44:29,2025-07-03,-0.19,"49,092.83", Clearing Fee,USD,MGCQ5
DEMO4543231,247302401994,07/03/2025 05:44:29,2025-07-03,-0.02,"49,092.81", Nfa Fee,USD,MGCQ5
DEMO4543231,247302401995,07/03/2025 05:44:29,2025-07-03,-0.35,"49,092.46", Commission,USD,MGCQ5
DEMO4543231,247302401998,07/03/2025 05:44:29,2025-07-03,-13.00,"49,079.46", Trade Paired,USD,MGCQ5
DEMO4543231,247302402003,07/03/2025 05:48:05,2025-07-03,-0.50,"49,078.96", Exchange Fee,USD,MGCQ5
DEMO4543231,247302402004,07/03/2025 05:48:05,2025-07-03,-0.19,"49,078.77", Clearing Fee,USD,MGCQ5
DEMO4543231,247302402005,07/03/2025 05:48:05,2025-07-03,-0.02,"49,078.75", Nfa Fee,USD,MGCQ5
DEMO4543231,247302402006,07/03/2025 05:48:05,2025-07-03,-0.35,"49,078.40", Commission,USD,MGCQ5
DEMO4543231,247302402012,07/03/2025 05:50:01,2025-07-03,-0.35,"49,078.05", Exchange Fee,USD,MESU5
DEMO4543231,247302402013,07/03/2025 05:50:01,2025-07-03,-0.19,"49,077.86", Clearing Fee,USD,MESU5
DEMO4543231,247302402014,07/03/2025 05:50:01,2025-07-03,-0.02,"49,077.84", Nfa Fee,USD,MESU5
DEMO4543231,247302402015,07/03/2025 05:50:01,2025-07-03,-0.35,"49,077.49", Commission,USD,MESU5
DEMO4543231,247302402021,07/03/2025 05:52:54,2025-07-03,-0.50,"49,076.99", Exchange Fee,USD,MGCQ5
DEMO4543231,247302402022,07/03/2025 05:52:54,2025-07-03,-0.19,"49,076.80", Clearing Fee,USD,MGCQ5
DEMO4543231,247302402023,07/03/2025 05:52:54,2025-07-03,-0.02,"49,076.78", Nfa Fee,USD,MGCQ5
DEMO4543231,247302402024,07/03/2025 05:52:54,2025-07-03,-0.35,"49,076.43", Commission,USD,MGCQ5
DEMO4543231,247302402032,07/03/2025 05:54:05,2025-07-03,-1.15,"49,075.28", Exchange Fee,USD,MBTN5
DEMO4543231,247302402033,07/03/2025 05:54:05,2025-07-03,-0.19,"49,075.09", Clearing Fee,USD,MBTN5
DEMO4543231,247302402034,07/03/2025 05:54:05,2025-07-03,-0.02,"49,075.07", Nfa Fee,USD,MBTN5
DEMO4543231,247302402035,07/03/2025 05:54:05,2025-07-03,-0.35,"49,074.72", Commission,USD,MBTN5
DEMO4543231,247302402041,07/03/2025 05:56:08,2025-07-03,-1.15,"49,073.57", Exchange Fee,USD,MBTN5
DEMO4543231,247302402042,07/03/2025 05:56:08,2025-07-03,-0.19,"49,073.38", Clearing Fee,USD,MBTN5
DEMO4543231,247302402043,07/03/2025 05:56:08,2025-07-03,-0.02,"49,073.36", Nfa Fee,USD,MBTN5
DEMO4543231,247302402044,07/03/2025 05:56:08,2025-07-03,-0.35,"49,073.01", Commission,USD,MBTN5
DEMO4543231,247302402047,07/03/2025 05:56:08,2025-07-03,-6.50,"49,066.51", Trade Paired,USD,MBTN5
DEMO4543231,247302402052,07/03/2025 05:58:04,2025-07-03,-0.35,"49,066.16", Exchange Fee,USD,MESU5
DEMO4543231,247302402053,07/03/2025 05:58:04,2025-07-03,-0.19,"49,065.97", Clearing Fee,USD,MESU5
DEMO4543231,247302402054,07/03/2025 05:58:04,2025-07-03,-0.02,"49,065.95", Nfa Fee,USD,MESU5
DEMO4543231,247302402055,07/03/2025 05:58:04,2025-07-03,-0.35,"49,065.60", Commission,USD,MESU5
DEMO4543231,247302402058,07/03/2025 05:58:04,2025-07-03,-11.25,"49,054.35", Trade Paired,USD,MESU5
DEMO4543231,247302402063,07/03/2025 06:06:02,2025-07-03,-1.15,"49,053.20", Exchange Fee,USD,MBTN5
DEMO4543231,247302402064,07/03/2025 06:06:02,2025-07-03,-0.19,"49,053.01", Clearing Fee,USD,MBTN5
DEMO4543231,247302402065,07/03/2025 06:06:02,2025-07-03,-0.02,"49,052.99", Nfa Fee,USD,MBTN5
DEMO4543231,247302402066,07/03/2025 06:06:02,2025-07-03,-0.35,"49,052.64", Commission,USD,MBTN5
DEMO4543231,247302402072,07/03/2025 06:06:37,2025-07-03,-1.15,"49,051.49", Exchange Fee,USD,MBTN5
DEMO4543231,247302402073,07/03/2025 06:06:37,2025-07-03,-0.19,"49,051.30", Clearing Fee,USD,MBTN5
DEMO4543231,247302402074,07/03/2025 06:06:37,2025-07-03,-0.02,"49,051.28", Nfa Fee,USD,MBTN5
DEMO4543231,247302402075,07/03/2025 06:06:37,2025-07-03,-0.35,"49,050.93", Commission,USD,MBTN5
DEMO4543231,247302402078,07/03/2025 06:06:37,2025-07-03,-1.00,"49,049.93", Trade Paired,USD,MBTN5
DEMO4543231,247302402083,07/03/2025 06:15:12,2025-07-03,-1.15,"49,048.78", Exchange Fee,USD,MBTN5
DEMO4543231,247302402084,07/03/2025 06:15:12,2025-07-03,-0.19,"49,048.59", Clearing Fee,USD,MBTN5
DEMO4543231,247302402085,07/03/2025 06:15:12,2025-07-03,-0.02,"49,048.57", Nfa Fee,USD,MBTN5
DEMO4543231,247302402086,07/03/2025 06:15:12,2025-07-03,-0.35,"49,048.22", Commission,USD,MBTN5
DEMO4543231,247302402092,07/03/2025 06:16:40,2025-07-03,-1.15,"49,047.07", Exchange Fee,USD,MBTN5
DEMO4543231,247302402093,07/03/2025 06:16:40,2025-07-03,-0.19,"49,046.88", Clearing Fee,USD,MBTN5
DEMO4543231,247302402094,07/03/2025 06:16:40,2025-07-03,-0.02,"49,046.86", Nfa Fee,USD,MBTN5
DEMO4543231,247302402095,07/03/2025 06:16:40,2025-07-03,-0.35,"49,046.51", Commission,USD,MBTN5
DEMO4543231,247302402098,07/03/2025 06:16:40,2025-07-03,-7.50,"49,039.01", Trade Paired,USD,MBTN5
DEMO4543231,247302402103,07/03/2025 06:24:47,2025-07-03,-1.15,"49,037.86", Exchange Fee,USD,MBTN5
DEMO4543231,247302402104,07/03/2025 06:24:47,2025-07-03,-0.19,"49,037.67", Clearing Fee,USD,MBTN5
DEMO4543231,247302402105,07/03/2025 06:24:47,2025-07-03,-0.02,"49,037.65", Nfa Fee,USD,MBTN5
DEMO4543231,247302402106,07/03/2025 06:24:47,2025-07-03,-0.35,"49,037.30", Commission,USD,MBTN5
DEMO4543231,247302402112,07/03/2025 06:26:08,2025-07-03,-1.15,"49,036.15", Exchange Fee,USD,MBTN5
DEMO4543231,247302402113,07/03/2025 06:26:08,2025-07-03,-0.19,"49,035.96", Clearing Fee,USD,MBTN5
DEMO4543231,247302402114,07/03/2025 06:26:08,2025-07-03,-0.02,"49,035.94", Nfa Fee,USD,MBTN5
DEMO4543231,247302402115,07/03/2025 06:26:08,2025-07-03,-0.35,"49,035.59", Commission,USD,MBTN5
DEMO4543231,247302402118,07/03/2025 06:26:08,2025-07-03,0.50,"49,036.09", Trade Paired,USD,MBTN5
DEMO4543231,247302402123,07/03/2025 06:27:05,2025-07-03,-0.50,"49,035.59", Exchange Fee,USD,MGCQ5
DEMO4543231,247302402124,07/03/2025 06:27:05,2025-07-03,-0.19,"49,035.40", Clearing Fee,USD,MGCQ5
DEMO4543231,247302402125,07/03/2025 06:27:05,2025-07-03,-0.02,"49,035.38", Nfa Fee,USD,MGCQ5
DEMO4543231,247302402126,07/03/2025 06:27:05,2025-07-03,-0.35,"49,035.03", Commission,USD,MGCQ5
DEMO4543231,247302402132,07/03/2025 06:33:03,2025-07-03,-0.50,"49,034.53", Exchange Fee,USD,MGCQ5
DEMO4543231,247302402133,07/03/2025 06:33:03,2025-07-03,-0.19,"49,034.34", Clearing Fee,USD,MGCQ5
DEMO4543231,247302402134,07/03/2025 06:33:03,2025-07-03,-0.02,"49,034.32", Nfa Fee,USD,MGCQ5
DEMO4543231,247302402135,07/03/2025 06:33:03,2025-07-03,-0.35,"49,033.97", Commission,USD,MGCQ5
DEMO4543231,247302402138,07/03/2025 06:33:03,2025-07-03,11.00,"49,044.97", Trade Paired,USD,MGCQ5
DEMO4543231,247302402143,07/03/2025 06:39:36,2025-07-03,-1.15,"49,043.82", Exchange Fee,USD,MBTN5
DEMO4543231,247302402144,07/03/2025 06:39:36,2025-07-03,-0.19,"49,043.63", Clearing Fee,USD,MBTN5
DEMO4543231,247302402145,07/03/2025 06:39:36,2025-07-03,-0.02,"49,043.61", Nfa Fee,USD,MBTN5
DEMO4543231,247302402146,07/03/2025 06:39:36,2025-07-03,-0.35,"49,043.26", Commission,USD,MBTN5
DEMO4543231,247302402152,07/03/2025 06:42:03,2025-07-03,-0.50,"49,042.76", Exchange Fee,USD,MGCQ5
DEMO4543231,247302402153,07/03/2025 06:42:03,2025-07-03,-0.19,"49,042.57", Clearing Fee,USD,MGCQ5
DEMO4543231,247302402154,07/03/2025 06:42:03,2025-07-03,-0.02,"49,042.55", Nfa Fee,USD,MGCQ5
DEMO4543231,247302402155,07/03/2025 06:42:03,2025-07-03,-0.35,"49,042.20", Commission,USD,MGCQ5
DEMO4543231,247302402161,07/03/2025 06:43:45,2025-07-03,-0.50,"49,041.70", Exchange Fee,USD,MGCQ5
DEMO4543231,247302402162,07/03/2025 06:43:45,2025-07-03,-0.19,"49,041.51", Clearing Fee,USD,MGCQ5
DEMO4543231,247302402163,07/03/2025 06:43:45,2025-07-03,-0.02,"49,041.49", Nfa Fee,USD,MGCQ5
DEMO4543231,247302402164,07/03/2025 06:43:45,2025-07-03,-0.35,"49,041.14", Commission,USD,MGCQ5
DEMO4543231,247302402167,07/03/2025 06:43:45,2025-07-03,6.00,"49,047.14", Trade Paired,USD,MGCQ5
DEMO4543231,247302402172,07/03/2025 06:47:27,2025-07-03,-1.15,"49,045.99", Exchange Fee,USD,MBTN5
DEMO4543231,247302402173,07/03/2025 06:47:27,2025-07-03,-0.19,"49,045.80", Clearing Fee,USD,MBTN5
DEMO4543231,247302402174,07/03/2025 06:47:27,2025-07-03,-0.02,"49,045.78", Nfa Fee,USD,MBTN5
DEMO4543231,247302402175,07/03/2025 06:47:27,2025-07-03,-0.35,"49,045.43", Commission,USD,MBTN5
DEMO4543231,247302402178,07/03/2025 06:47:27,2025-07-03,-8.00,"49,037.43", Trade Paired,USD,MBTN5
DEMO4543231,247302402183,07/03/2025 06:54:07,2025-07-03,-1.15,"49,036.28", Exchange Fee,USD,MBTN5
DEMO4543231,247302402184,07/03/2025 06:54:07,2025-07-03,-0.19,"49,036.09", Clearing Fee,USD,MBTN5
DEMO4543231,247302402185,07/03/2025 06:54:07,2025-07-03,-0.02,"49,036.07", Nfa Fee,USD,MBTN5
DEMO4543231,247302402186,07/03/2025 06:54:07,2025-07-03,-0.35,"49,035.72", Commission,USD,MBTN5
DEMO4543231,247302402192,07/03/2025 06:55:05,2025-07-03,-0.35,"49,035.37", Exchange Fee,USD,MESU5
DEMO4543231,247302402193,07/03/2025 06:55:05,2025-07-03,-0.19,"49,035.18", Clearing Fee,USD,MESU5
DEMO4543231,247302402194,07/03/2025 06:55:05,2025-07-03,-0.02,"49,035.16", Nfa Fee,USD,MESU5
DEMO4543231,247302402195,07/03/2025 06:55:05,2025-07-03,-0.35,"49,034.81", Commission,USD,MESU5
DEMO4543231,247302402201,07/03/2025 07:00:49,2025-07-03,-1.15,"49,033.66", Exchange Fee,USD,MBTN5
DEMO4543231,247302402202,07/03/2025 07:00:49,2025-07-03,-0.19,"49,033.47", Clearing Fee,USD,MBTN5
DEMO4543231,247302402203,07/03/2025 07:00:49,2025-07-03,-0.02,"49,033.45", Nfa Fee,USD,MBTN5
DEMO4543231,247302402204,07/03/2025 07:00:49,2025-07-03,-0.35,"49,033.10", Commission,USD,MBTN5
DEMO4543231,247302402207,07/03/2025 07:00:49,2025-07-03,-7.00,"49,026.10", Trade Paired,USD,MBTN5
DEMO4543231,247302402212,07/03/2025 07:11:51,2025-07-03,-0.35,"49,025.75", Exchange Fee,USD,MESU5
DEMO4543231,247302402213,07/03/2025 07:11:51,2025-07-03,-0.19,"49,025.56", Clearing Fee,USD,MESU5
DEMO4543231,247302402214,07/03/2025 07:11:51,2025-07-03,-0.02,"49,025.54", Nfa Fee,USD,MESU5
DEMO4543231,247302402215,07/03/2025 07:11:51,2025-07-03,-0.35,"49,025.19", Commission,USD,MESU5
DEMO4543231,247302402218,07/03/2025 07:11:51,2025-07-03,10.00,"49,035.19", Trade Paired,USD,MESU5
DEMO4543231,247302402223,07/03/2025 07:12:01,2025-07-03,-0.50,"49,034.69", Exchange Fee,USD,MGCQ5
DEMO4543231,247302402224,07/03/2025 07:12:01,2025-07-03,-0.19,"49,034.50", Clearing Fee,USD,MGCQ5
DEMO4543231,247302402225,07/03/2025 07:12:01,2025-07-03,-0.02,"49,034.48", Nfa Fee,USD,MGCQ5
DEMO4543231,247302402226,07/03/2025 07:12:01,2025-07-03,-0.35,"49,034.13", Commission,USD,MGCQ5
DEMO4543231,247302402232,07/03/2025 07:12:02,2025-07-03,-1.15,"49,032.98", Exchange Fee,USD,MBTN5
DEMO4543231,247302402233,07/03/2025 07:12:02,2025-07-03,-0.19,"49,032.79", Clearing Fee,USD,MBTN5
DEMO4543231,247302402234,07/03/2025 07:12:02,2025-07-03,-0.02,"49,032.77", Nfa Fee,USD,MBTN5
DEMO4543231,247302402235,07/03/2025 07:12:02,2025-07-03,-0.35,"49,032.42", Commission,USD,MBTN5
DEMO4543231,247302402241,07/03/2025 07:13:42,2025-07-03,-0.50,"49,031.92", Exchange Fee,USD,MGCQ5
DEMO4543231,247302402242,07/03/2025 07:13:42,2025-07-03,-0.19,"49,031.73", Clearing Fee,USD,MGCQ5
DEMO4543231,247302402243,07/03/2025 07:13:42,2025-07-03,-0.02,"49,031.71", Nfa Fee,USD,MGCQ5
DEMO4543231,247302402244,07/03/2025 07:13:42,2025-07-03,-0.35,"49,031.36", Commission,USD,MGCQ5
DEMO4543231,247302402247,07/03/2025 07:13:42,2025-07-03,-15.00,"49,016.36", Trade Paired,USD,MGCQ5
DEMO4543231,247302402252,07/03/2025 07:18:10,2025-07-03,-1.15,"49,015.21", Exchange Fee,USD,MBTN5
DEMO4543231,247302402253,07/03/2025 07:18:10,2025-07-03,-0.19,"49,015.02", Clearing Fee,USD,MBTN5
DEMO4543231,247302402254,07/03/2025 07:18:10,2025-07-03,-0.02,"49,015.00", Nfa Fee,USD,MBTN5
DEMO4543231,247302402255,07/03/2025 07:18:10,2025-07-03,-0.35,"49,014.65", Commission,USD,MBTN5
DEMO4543231,247302402258,07/03/2025 07:18:10,2025-07-03,-9.00,"49,005.65", Trade Paired,USD,MBTN5
DEMO4543231,247302402263,07/03/2025 07:20:02,2025-07-03,-0.35,"49,005.30", Exchange Fee,USD,MESU5
DEMO4543231,247302402264,07/03/2025 07:20:02,2025-07-03,-0.19,"49,005.11", Clearing Fee,USD,MESU5
DEMO4543231,247302402265,07/03/2025 07:20:02,2025-07-03,-0.02,"49,005.09", Nfa Fee,USD,MESU5
DEMO4543231,247302402266,07/03/2025 07:20:02,2025-07-03,-0.35,"49,004.74", Commission,USD,MESU5
DEMO4543231,247302402272,07/03/2025 07:21:01,2025-07-03,-0.50,"49,004.24", Exchange Fee,USD,MGCQ5
DEMO4543231,247302402273,07/03/2025 07:21:01,2025-07-03,-0.19,"49,004.05", Clearing Fee,USD,MGCQ5
DEMO4543231,247302402274,07/03/2025 07:21:01,2025-07-03,-0.02,"49,004.03", Nfa Fee,USD,MGCQ5
DEMO4543231,247302402275,07/03/2025 07:21:01,2025-07-03,-0.35,"49,003.68", Commission,USD,MGCQ5
DEMO4543231,247302402281,07/03/2025 07:21:03,2025-07-03,-1.15,"49,002.53", Exchange Fee,USD,MBTN5
DEMO4543231,247302402282,07/03/2025 07:21:03,2025-07-03,-0.19,"49,002.34", Clearing Fee,USD,MBTN5
DEMO4543231,247302402283,07/03/2025 07:21:03,2025-07-03,-0.02,"49,002.32", Nfa Fee,USD,MBTN5
DEMO4543231,247302402284,07/03/2025 07:21:03,2025-07-03,-0.35,"49,001.97", Commission,USD,MBTN5
DEMO4543231,247302402290,07/03/2025 07:22:25,2025-07-03,-0.50,"49,001.47", Exchange Fee,USD,MGCQ5
DEMO4543231,247302402291,07/03/2025 07:22:25,2025-07-03,-0.19,"49,001.28", Clearing Fee,USD,MGCQ5
DEMO4543231,247302402292,07/03/2025 07:22:25,2025-07-03,-0.02,"49,001.26", Nfa Fee,USD,MGCQ5
DEMO4543231,247302402293,07/03/2025 07:22:25,2025-07-03,-0.35,"49,000.91", Commission,USD,MGCQ5
DEMO4543231,247302402296,07/03/2025 07:22:25,2025-07-03,6.00,"49,006.91", Trade Paired,USD,MGCQ5
DEMO4543231,247302402301,07/03/2025 07:27:01,2025-07-03,-0.50,"49,006.41", Exchange Fee,USD,MGCQ5
DEMO4543231,247302402302,07/03/2025 07:27:01,2025-07-03,-0.19,"49,006.22", Clearing Fee,USD,MGCQ5
DEMO4543231,247302402303,07/03/2025 07:27:01,2025-07-03,-0.02,"49,006.20", Nfa Fee,USD,MGCQ5
DEMO4543231,247302402304,07/03/2025 07:27:01,2025-07-03,-0.35,"49,005.85", Commission,USD,MGCQ5
DEMO4543231,247302402310,07/03/2025 07:27:42,2025-07-03,-1.15,"49,004.70", Exchange Fee,USD,MBTN5
DEMO4543231,247302402311,07/03/2025 07:27:42,2025-07-03,-0.19,"49,004.51", Clearing Fee,USD,MBTN5
DEMO4543231,247302402312,07/03/2025 07:27:42,2025-07-03,-0.02,"49,004.49", Nfa Fee,USD,MBTN5
DEMO4543231,247302402313,07/03/2025 07:27:42,2025-07-03,-0.35,"49,004.14", Commission,USD,MBTN5
DEMO4543231,247302402316,07/03/2025 07:27:42,2025-07-03,-7.50,"48,996.64", Trade Paired,USD,MBTN5
DEMO4543231,247302402321,07/03/2025 07:31:04,2025-07-03,-0.50,"48,996.14", Exchange Fee,USD,MGCQ5
DEMO4543231,247302402322,07/03/2025 07:31:04,2025-07-03,-0.19,"48,995.95", Clearing Fee,USD,MGCQ5
DEMO4543231,247302402323,07/03/2025 07:31:04,2025-07-03,-0.02,"48,995.93", Nfa Fee,USD,MGCQ5
DEMO4543231,247302402324,07/03/2025 07:31:04,2025-07-03,-0.35,"48,995.58", Commission,USD,MGCQ5
DEMO4543231,247302402327,07/03/2025 07:31:04,2025-07-03,-9.00,"48,986.58", Trade Paired,USD,MGCQ5
DEMO4543231,247302402332,07/03/2025 07:33:04,2025-07-03,-1.15,"48,985.43", Exchange Fee,USD,MBTN5
DEMO4543231,247302402333,07/03/2025 07:33:04,2025-07-03,-0.19,"48,985.24", Clearing Fee,USD,MBTN5
DEMO4543231,247302402334,07/03/2025 07:33:04,2025-07-03,-0.02,"48,985.22", Nfa Fee,USD,MBTN5
DEMO4543231,247302402335,07/03/2025 07:33:04,2025-07-03,-0.35,"48,984.87", Commission,USD,MBTN5
DEMO4543231,247302402341,07/03/2025 07:33:59,2025-07-03,-1.15,"48,983.72", Exchange Fee,USD,MBTN5
DEMO4543231,247302402342,07/03/2025 07:33:59,2025-07-03,-0.19,"48,983.53", Clearing Fee,USD,MBTN5
DEMO4543231,247302402343,07/03/2025 07:33:59,2025-07-03,-0.02,"48,983.51", Nfa Fee,USD,MBTN5
DEMO4543231,247302402344,07/03/2025 07:33:59,2025-07-03,-0.35,"48,983.16", Commission,USD,MBTN5
DEMO4543231,247302402347,07/03/2025 07:33:59,2025-07-03,-5.00,"48,978.16", Trade Paired,USD,MBTN5
DEMO4543231,247302402352,07/03/2025 07:36:04,2025-07-03,-0.50,"48,977.66", Exchange Fee,USD,MGCQ5
DEMO4543231,247302402353,07/03/2025 07:36:04,2025-07-03,-0.19,"48,977.47", Clearing Fee,USD,MGCQ5
DEMO4543231,247302402354,07/03/2025 07:36:04,2025-07-03,-0.02,"48,977.45", Nfa Fee,USD,MGCQ5
DEMO4543231,247302402355,07/03/2025 07:36:04,2025-07-03,-0.35,"48,977.10", Commission,USD,MGCQ5
DEMO4543231,247302402361,07/03/2025 07:37:24,2025-07-03,-0.35,"48,976.75", Exchange Fee,USD,MESU5
DEMO4543231,247302402362,07/03/2025 07:37:24,2025-07-03,-0.19,"48,976.56", Clearing Fee,USD,MESU5
DEMO4543231,247302402363,07/03/2025 07:37:24,2025-07-03,-0.02,"48,976.54", Nfa Fee,USD,MESU5
DEMO4543231,247302402364,07/03/2025 07:37:24,2025-07-03,-0.35,"48,976.19", Commission,USD,MESU5
DEMO4543231,247302402367,07/03/2025 07:37:24,2025-07-03,-12.50,"48,963.69", Trade Paired,USD,MESU5
DEMO4543231,247302402372,07/03/2025 07:37:49,2025-07-03,-0.50,"48,963.19", Exchange Fee,USD,MGCQ5
DEMO4543231,247302402373,07/03/2025 07:37:49,2025-07-03,-0.19,"48,963.00", Clearing Fee,USD,MGCQ5
DEMO4543231,247302402374,07/03/2025 07:37:49,2025-07-03,-0.02,"48,962.98", Nfa Fee,USD,MGCQ5
DEMO4543231,247302402375,07/03/2025 07:37:49,2025-07-03,-0.35,"48,962.63", Commission,USD,MGCQ5
DEMO4543231,247302402378,07/03/2025 07:37:49,2025-07-03,-12.00,"48,950.63", Trade Paired,USD,MGCQ5
DEMO4543231,247302402383,07/03/2025 07:45:00,2025-07-03,-0.35,"48,950.28", Exchange Fee,USD,MESU5
DEMO4543231,247302402384,07/03/2025 07:45:00,2025-07-03,-0.19,"48,950.09", Clearing Fee,USD,MESU5
DEMO4543231,247302402385,07/03/2025 07:45:00,2025-07-03,-0.02,"48,950.07", Nfa Fee,USD,MESU5
DEMO4543231,247302402386,07/03/2025 07:45:00,2025-07-03,-0.35,"48,949.72", Commission,USD,MESU5
DEMO4543231,247302402392,07/03/2025 07:45:01,2025-07-03,-0.50,"48,949.22", Exchange Fee,USD,MGCQ5
DEMO4543231,247302402393,07/03/2025 07:45:01,2025-07-03,-0.19,"48,949.03", Clearing Fee,USD,MGCQ5
DEMO4543231,247302402394,07/03/2025 07:45:01,2025-07-03,-0.02,"48,949.01", Nfa Fee,USD,MGCQ5
DEMO4543231,247302402395,07/03/2025 07:45:01,2025-07-03,-0.35,"48,948.66", Commission,USD,MGCQ5
DEMO4543231,247302402401,07/03/2025 07:47:09,2025-07-03,-0.50,"48,948.16", Exchange Fee,USD,MGCQ5
DEMO4543231,247302402402,07/03/2025 07:47:09,2025-07-03,-0.19,"48,947.97", Clearing Fee,USD,MGCQ5
DEMO4543231,247302402403,07/03/2025 07:47:09,2025-07-03,-0.02,"48,947.95", Nfa Fee,USD,MGCQ5
DEMO4543231,247302402404,07/03/2025 07:47:09,2025-07-03,-0.35,"48,947.60", Commission,USD,MGCQ5
DEMO4543231,247302402407,07/03/2025 07:47:09,2025-07-03,-13.00,"48,934.60", Trade Paired,USD,MGCQ5
DEMO4543231,247302402412,07/03/2025 07:51:01,2025-07-03,-0.50,"48,934.10", Exchange Fee,USD,MGCQ5
DEMO4543231,247302402413,07/03/2025 07:51:01,2025-07-03,-0.19,"48,933.91", Clearing Fee,USD,MGCQ5
DEMO4543231,247302402414,07/03/2025 07:51:01,2025-07-03,-0.02,"48,933.89", Nfa Fee,USD,MGCQ5
DEMO4543231,247302402415,07/03/2025 07:51:01,2025-07-03,-0.35,"48,933.54", Commission,USD,MGCQ5
DEMO4543231,247302402421,07/03/2025 07:51:32,2025-07-03,-0.50,"48,933.04", Exchange Fee,USD,MGCQ5
DEMO4543231,247302402422,07/03/2025 07:51:32,2025-07-03,-0.19,"48,932.85", Clearing Fee,USD,MGCQ5
DEMO4543231,247302402423,07/03/2025 07:51:32,2025-07-03,-0.02,"48,932.83", Nfa Fee,USD,MGCQ5
DEMO4543231,247302402424,07/03/2025 07:51:32,2025-07-03,-0.35,"48,932.48", Commission,USD,MGCQ5
DEMO4543231,247302402427,07/03/2025 07:51:32,2025-07-03,-9.00,"48,923.48", Trade Paired,USD,MGCQ5
DEMO4543231,247302402432,07/03/2025 07:57:05,2025-07-03,-0.50,"48,922.98", Exchange Fee,USD,MGCQ5
DEMO4543231,247302402433,07/03/2025 07:57:05,2025-07-03,-0.19,"48,922.79", Clearing Fee,USD,MGCQ5
DEMO4543231,247302402434,07/03/2025 07:57:05,2025-07-03,-0.02,"48,922.77", Nfa Fee,USD,MGCQ5
DEMO4543231,247302402435,07/03/2025 07:57:05,2025-07-03,-0.35,"48,922.42", Commission,USD,MGCQ5
DEMO4543231,247302402441,07/03/2025 07:58:23,2025-07-03,-0.35,"48,922.07", Exchange Fee,USD,MESU5
DEMO4543231,247302402442,07/03/2025 07:58:23,2025-07-03,-0.19,"48,921.88", Clearing Fee,USD,MESU5
DEMO4543231,247302402443,07/03/2025 07:58:23,2025-07-03,-0.02,"48,921.86", Nfa Fee,USD,MESU5
DEMO4543231,247302402444,07/03/2025 07:58:23,2025-07-03,-0.35,"48,921.51", Commission,USD,MESU5
DEMO4543231,247302402447,07/03/2025 07:58:23,2025-07-03,-11.25,"48,910.26", Trade Paired,USD,MESU5
DEMO4543231,247302402452,07/03/2025 07:59:51,2025-07-03,-0.50,"48,909.76", Exchange Fee,USD,MGCQ5
DEMO4543231,247302402453,07/03/2025 07:59:51,2025-07-03,-0.19,"48,909.57", Clearing Fee,USD,MGCQ5
DEMO4543231,247302402454,07/03/2025 07:59:51,2025-07-03,-0.02,"48,909.55", Nfa Fee,USD,MGCQ5
DEMO4543231,247302402455,07/03/2025 07:59:51,2025-07-03,-0.35,"48,909.20", Commission,USD,MGCQ5
DEMO4543231,247302402458,07/03/2025 07:59:51,2025-07-03,6.00,"48,915.20", Trade Paired,USD,MGCQ5
DEMO4543231,247302402463,07/03/2025 08:00:01,2025-07-03,-0.35,"48,914.85", Exchange Fee,USD,MESU5
DEMO4543231,247302402464,07/03/2025 08:00:01,2025-07-03,-0.19,"48,914.66", Clearing Fee,USD,MESU5
DEMO4543231,247302402465,07/03/2025 08:00:01,2025-07-03,-0.02,"48,914.64", Nfa Fee,USD,MESU5
DEMO4543231,247302402466,07/03/2025 08:00:01,2025-07-03,-0.35,"48,914.29", Commission,USD,MESU5
DEMO4543231,247302402472,07/03/2025 08:04:16,2025-07-03,-0.35,"48,913.94", Exchange Fee,USD,MESU5
DEMO4543231,247302402473,07/03/2025 08:04:16,2025-07-03,-0.19,"48,913.75", Clearing Fee,USD,MESU5
DEMO4543231,247302402474,07/03/2025 08:04:16,2025-07-03,-0.02,"48,913.73", Nfa Fee,USD,MESU5
DEMO4543231,247302402475,07/03/2025 08:04:16,2025-07-03,-0.35,"48,913.38", Commission,USD,MESU5
DEMO4543231,247302402478,07/03/2025 08:04:16,2025-07-03,15.00,"48,928.38", Trade Paired,USD,MESU5
DEMO4543231,247302402483,07/03/2025 08:12:01,2025-07-03,-0.50,"48,927.88", Exchange Fee,USD,MGCQ5
DEMO4543231,247302402484,07/03/2025 08:12:01,2025-07-03,-0.19,"48,927.69", Clearing Fee,USD,MGCQ5
DEMO4543231,247302402485,07/03/2025 08:12:01,2025-07-03,-0.02,"48,927.67", Nfa Fee,USD,MGCQ5
DEMO4543231,247302402486,07/03/2025 08:12:01,2025-07-03,-0.35,"48,927.32", Commission,USD,MGCQ5
DEMO4543231,247302402492,07/03/2025 08:12:03,2025-07-03,-1.15,"48,926.17", Exchange Fee,USD,MBTN5
DEMO4543231,247302402493,07/03/2025 08:12:03,2025-07-03,-0.19,"48,925.98", Clearing Fee,USD,MBTN5
DEMO4543231,247302402494,07/03/2025 08:12:03,2025-07-03,-0.02,"48,925.96", Nfa Fee,USD,MBTN5
DEMO4543231,247302402495,07/03/2025 08:12:03,2025-07-03,-0.35,"48,925.61", Commission,USD,MBTN5
DEMO4543231,247302402501,07/03/2025 08:12:09,2025-07-03,-1.15,"48,924.46", Exchange Fee,USD,MBTN5
DEMO4543231,247302402502,07/03/2025 08:12:09,2025-07-03,-0.19,"48,924.27", Clearing Fee,USD,MBTN5
DEMO4543231,247302402503,07/03/2025 08:12:09,2025-07-03,-0.02,"48,924.25", Nfa Fee,USD,MBTN5
DEMO4543231,247302402504,07/03/2025 08:12:09,2025-07-03,-0.35,"48,923.90", Commission,USD,MBTN5
DEMO4543231,247302402507,07/03/2025 08:12:09,2025-07-03,-8.00,"48,915.90", Trade Paired,USD,MBTN5
DEMO4543231,247302402512,07/03/2025 08:12:23,2025-07-03,-0.50,"48,915.40", Exchange Fee,USD,MGCQ5
DEMO4543231,247302402513,07/03/2025 08:12:23,2025-07-03,-0.19,"48,915.21", Clearing Fee,USD,MGCQ5
DEMO4543231,247302402514,07/03/2025 08:12:23,2025-07-03,-0.02,"48,915.19", Nfa Fee,USD,MGCQ5
DEMO4543231,247302402515,07/03/2025 08:12:23,2025-07-03,-0.35,"48,914.84", Commission,USD,MGCQ5
DEMO4543231,247302402518,07/03/2025 08:12:23,2025-07-03,7.00,"48,921.84", Trade Paired,USD,MGCQ5
DEMO4543231,247302402523,07/03/2025 08:18:17,2025-07-03,-1.15,"48,920.69", Exchange Fee,USD,MBTN5
DEMO4543231,247302402524,07/03/2025 08:18:17,2025-07-03,-0.19,"48,920.50", Clearing Fee,USD,MBTN5
DEMO4543231,247302402525,07/03/2025 08:18:17,2025-07-03,-0.02,"48,920.48", Nfa Fee,USD,MBTN5
DEMO4543231,247302402526,07/03/2025 08:18:17,2025-07-03,-0.35,"48,920.13", Commission,USD,MBTN5
DEMO4543231,247302402532,07/03/2025 08:22:33,2025-07-03,-1.15,"48,918.98", Exchange Fee,USD,MBTN5
DEMO4543231,247302402533,07/03/2025 08:22:33,2025-07-03,-0.19,"48,918.79", Clearing Fee,USD,MBTN5
DEMO4543231,247302402534,07/03/2025 08:22:33,2025-07-03,-0.02,"48,918.77", Nfa Fee,USD,MBTN5
DEMO4543231,247302402535,07/03/2025 08:22:33,2025-07-03,-0.35,"48,918.42", Commission,USD,MBTN5
DEMO4543231,247302402538,07/03/2025 08:22:33,2025-07-03,-4.00,"48,914.42", Trade Paired,USD,MBTN5
DEMO4543231,247302402543,07/03/2025 08:27:03,2025-07-03,-1.15,"48,913.27", Exchange Fee,USD,MBTN5
DEMO4543231,247302402544,07/03/2025 08:27:03,2025-07-03,-0.19,"48,913.08", Clearing Fee,USD,MBTN5
DEMO4543231,247302402545,07/03/2025 08:27:03,2025-07-03,-0.02,"48,913.06", Nfa Fee,USD,MBTN5
DEMO4543231,247302402546,07/03/2025 08:27:03,2025-07-03,-0.35,"48,912.71", Commission,USD,MBTN5
DEMO4543231,247302402552,07/03/2025 08:27:16,2025-07-03,-1.15,"48,911.56", Exchange Fee,USD,MBTN5
DEMO4543231,247302402553,07/03/2025 08:27:16,2025-07-03,-0.19,"48,911.37", Clearing Fee,USD,MBTN5
DEMO4543231,247302402554,07/03/2025 08:27:16,2025-07-03,-0.02,"48,911.35", Nfa Fee,USD,MBTN5
DEMO4543231,247302402555,07/03/2025 08:27:16,2025-07-03,-0.35,"48,911.00", Commission,USD,MBTN5
DEMO4543231,247302402558,07/03/2025 08:27:16,2025-07-03,-3.50,"48,907.50", Trade Paired,USD,MBTN5
DEMO4543231,247302402563,07/03/2025 08:30:03,2025-07-03,-0.35,"48,907.15", Exchange Fee,USD,MESU5
DEMO4543231,247302402564,07/03/2025 08:30:03,2025-07-03,-0.19,"48,906.96", Clearing Fee,USD,MESU5
DEMO4543231,247302402565,07/03/2025 08:30:03,2025-07-03,-0.02,"48,906.94", Nfa Fee,USD,MESU5
DEMO4543231,247302402566,07/03/2025 08:30:03,2025-07-03,-0.35,"48,906.59", Commission,USD,MESU5
DEMO4543231,247302402572,07/03/2025 08:30:05,2025-07-03,-0.35,"48,906.24", Exchange Fee,USD,MESU5
DEMO4543231,247302402573,07/03/2025 08:30:05,2025-07-03,-0.19,"48,906.05", Clearing Fee,USD,MESU5
DEMO4543231,247302402574,07/03/2025 08:30:05,2025-07-03,-0.02,"48,906.03", Nfa Fee,USD,MESU5
DEMO4543231,247302402575,07/03/2025 08:30:05,2025-07-03,-0.35,"48,905.68", Commission,USD,MESU5
DEMO4543231,247302402578,07/03/2025 08:30:05,2025-07-03,-21.25,"48,884.43", Trade Paired,USD,MESU5
DEMO4543231,247302402583,07/03/2025 08:42:01,2025-07-03,-0.50,"48,883.93", Exchange Fee,USD,MGCQ5
DEMO4543231,247302402584,07/03/2025 08:42:01,2025-07-03,-0.19,"48,883.74", Clearing Fee,USD,MGCQ5
DEMO4543231,247302402585,07/03/2025 08:42:01,2025-07-03,-0.02,"48,883.72", Nfa Fee,USD,MGCQ5
DEMO4543231,247302402586,07/03/2025 08:42:01,2025-07-03,-0.35,"48,883.37", Commission,USD,MGCQ5
DEMO4543231,247302402592,07/03/2025 08:42:14,2025-07-03,-0.50,"48,882.87", Exchange Fee,USD,MGCQ5
DEMO4543231,247302402593,07/03/2025 08:42:14,2025-07-03,-0.19,"48,882.68", Clearing Fee,USD,MGCQ5
DEMO4543231,247302402594,07/03/2025 08:42:14,2025-07-03,-0.02,"48,882.66", Nfa Fee,USD,MGCQ5
DEMO4543231,247302402595,07/03/2025 08:42:14,2025-07-03,-0.35,"48,882.31", Commission,USD,MGCQ5
DEMO4543231,247302402598,07/03/2025 08:42:14,2025-07-03,5.00,"48,887.31", Trade Paired,USD,MGCQ5
DEMO4543231,247302402603,07/03/2025 08:45:09,2025-07-03,-1.15,"48,886.16", Exchange Fee,USD,MBTN5
DEMO4543231,247302402604,07/03/2025 08:45:09,2025-07-03,-0.19,"48,885.97", Clearing Fee,USD,MBTN5
DEMO4543231,247302402605,07/03/2025 08:45:09,2025-07-03,-0.02,"48,885.95", Nfa Fee,USD,MBTN5
DEMO4543231,247302402606,07/03/2025 08:45:09,2025-07-03,-0.35,"48,885.60", Commission,USD,MBTN5
DEMO4543231,247302402612,07/03/2025 08:45:36,2025-07-03,-1.15,"48,884.45", Exchange Fee,USD,MBTN5
DEMO4543231,247302402613,07/03/2025 08:45:36,2025-07-03,-0.19,"48,884.26", Clearing Fee,USD,MBTN5
DEMO4543231,247302402614,07/03/2025 08:45:36,2025-07-03,-0.02,"48,884.24", Nfa Fee,USD,MBTN5
DEMO4543231,247302402615,07/03/2025 08:45:36,2025-07-03,-0.35,"48,883.89", Commission,USD,MBTN5
DEMO4543231,247302402618,07/03/2025 08:45:36,2025-07-03,-6.00,"48,877.89", Trade Paired,USD,MBTN5
DEMO4543231,247302402623,07/03/2025 08:48:00,2025-07-03,-0.50,"48,877.39", Exchange Fee,USD,MGCQ5
DEMO4543231,247302402624,07/03/2025 08:48:00,2025-07-03,-0.19,"48,877.20", Clearing Fee,USD,MGCQ5
DEMO4543231,247302402625,07/03/2025 08:48:00,2025-07-03,-0.02,"48,877.18", Nfa Fee,USD,MGCQ5
DEMO4543231,247302402626,07/03/2025 08:48:00,2025-07-03,-0.35,"48,876.83", Commission,USD,MGCQ5
DEMO4543231,247302402632,07/03/2025 08:48:10,2025-07-03,-0.50,"48,876.33", Exchange Fee,USD,MGCQ5
DEMO4543231,247302402633,07/03/2025 08:48:10,2025-07-03,-0.19,"48,876.14", Clearing Fee,USD,MGCQ5
DEMO4543231,247302402634,07/03/2025 08:48:10,2025-07-03,-0.02,"48,876.12", Nfa Fee,USD,MGCQ5
DEMO4543231,247302402635,07/03/2025 08:48:10,2025-07-03,-0.35,"48,875.77", Commission,USD,MGCQ5
DEMO4543231,247302402638,07/03/2025 08:48:10,2025-07-03,1.00,"48,876.77", Trade Paired,USD,MGCQ5
DEMO4543231,247302402643,07/03/2025 08:51:04,2025-07-03,-1.15,"48,875.62", Exchange Fee,USD,MBTN5
DEMO4543231,247302402644,07/03/2025 08:51:04,2025-07-03,-0.19,"48,875.43", Clearing Fee,USD,MBTN5
DEMO4543231,247302402645,07/03/2025 08:51:04,2025-07-03,-0.02,"48,875.41", Nfa Fee,USD,MBTN5
DEMO4543231,247302402646,07/03/2025 08:51:04,2025-07-03,-0.35,"48,875.06", Commission,USD,MBTN5
DEMO4543231,247302402652,07/03/2025 08:51:28,2025-07-03,-1.15,"48,873.91", Exchange Fee,USD,MBTN5
DEMO4543231,247302402653,07/03/2025 08:51:28,2025-07-03,-0.19,"48,873.72", Clearing Fee,USD,MBTN5
DEMO4543231,247302402654,07/03/2025 08:51:28,2025-07-03,-0.02,"48,873.70", Nfa Fee,USD,MBTN5
DEMO4543231,247302402655,07/03/2025 08:51:28,2025-07-03,-0.35,"48,873.35", Commission,USD,MBTN5
DEMO4543231,247302402658,07/03/2025 08:51:28,2025-07-03,1.50,"48,874.85", Trade Paired,USD,MBTN5
DEMO4543231,247302402663,07/03/2025 08:54:02,2025-07-03,-0.50,"48,874.35", Exchange Fee,USD,MGCQ5
DEMO4543231,247302402664,07/03/2025 08:54:02,2025-07-03,-0.19,"48,874.16", Clearing Fee,USD,MGCQ5
DEMO4543231,247302402665,07/03/2025 08:54:02,2025-07-03,-0.02,"48,874.14", Nfa Fee,USD,MGCQ5
DEMO4543231,247302402666,07/03/2025 08:54:02,2025-07-03,-0.35,"48,873.79", Commission,USD,MGCQ5
DEMO4543231,247302402672,07/03/2025 08:54:51,2025-07-03,-0.50,"48,873.29", Exchange Fee,USD,MGCQ5
DEMO4543231,247302402673,07/03/2025 08:54:51,2025-07-03,-0.19,"48,873.10", Clearing Fee,USD,MGCQ5
DEMO4543231,247302402674,07/03/2025 08:54:51,2025-07-03,-0.02,"48,873.08", Nfa Fee,USD,MGCQ5
DEMO4543231,247302402675,07/03/2025 08:54:51,2025-07-03,-0.35,"48,872.73", Commission,USD,MGCQ5
DEMO4543231,247302402678,07/03/2025 08:54:51,2025-07-03,6.00,"48,878.73", Trade Paired,USD,MGCQ5
DEMO4543231,247302402683,07/03/2025 08:55:00,2025-07-03,-0.35,"48,878.38", Exchange Fee,USD,MESU5
DEMO4543231,247302402684,07/03/2025 08:55:00,2025-07-03,-0.19,"48,878.19", Clearing Fee,USD,MESU5
DEMO4543231,247302402685,07/03/2025 08:55:00,2025-07-03,-0.02,"48,878.17", Nfa Fee,USD,MESU5
DEMO4543231,247302402686,07/03/2025 08:55:00,2025-07-03,-0.35,"48,877.82", Commission,USD,MESU5
DEMO4543231,247302402692,07/03/2025 09:02:55,2025-07-03,-0.35,"48,877.47", Exchange Fee,USD,MESU5
DEMO4543231,247302402693,07/03/2025 09:02:55,2025-07-03,-0.19,"48,877.28", Clearing Fee,USD,MESU5
DEMO4543231,247302402694,07/03/2025 09:02:55,2025-07-03,-0.02,"48,877.26", Nfa Fee,USD,MESU5
DEMO4543231,247302402695,07/03/2025 09:02:55,2025-07-03,-0.35,"48,876.91", Commission,USD,MESU5
DEMO4543231,247302402698,07/03/2025 09:02:55,2025-07-03,11.25,"48,888.16", Trade Paired,USD,MESU5
DEMO4543231,247302402703,07/03/2025 09:05:01,2025-07-03,-0.35,"48,887.81", Exchange Fee,USD,MESU5
DEMO4543231,247302402704,07/03/2025 09:05:01,2025-07-03,-0.19,"48,887.62", Clearing Fee,USD,MESU5
DEMO4543231,247302402705,07/03/2025 09:05:01,2025-07-03,-0.02,"48,887.60", Nfa Fee,USD,MESU5
DEMO4543231,247302402706,07/03/2025 09:05:01,2025-07-03,-0.35,"48,887.25", Commission,USD,MESU5
DEMO4543231,247302402712,07/03/2025 09:06:37,2025-07-03,-0.35,"48,886.90", Exchange Fee,USD,MESU5
DEMO4543231,247302402713,07/03/2025 09:06:37,2025-07-03,-0.19,"48,886.71", Clearing Fee,USD,MESU5
DEMO4543231,247302402714,07/03/2025 09:06:37,2025-07-03,-0.02,"48,886.69", Nfa Fee,USD,MESU5
DEMO4543231,247302402715,07/03/2025 09:06:37,2025-07-03,-0.35,"48,886.34", Commission,USD,MESU5
DEMO4543231,247302402718,07/03/2025 09:06:37,2025-07-03,11.25,"48,897.59", Trade Paired,USD,MESU5
DEMO4543231,247302402723,07/03/2025 09:18:01,2025-07-03,-0.50,"48,897.09", Exchange Fee,USD,MGCQ5
DEMO4543231,247302402724,07/03/2025 09:18:01,2025-07-03,-0.19,"48,896.90", Clearing Fee,USD,MGCQ5
DEMO4543231,247302402725,07/03/2025 09:18:01,2025-07-03,-0.02,"48,896.88", Nfa Fee,USD,MGCQ5
DEMO4543231,247302402726,07/03/2025 09:18:01,2025-07-03,-0.35,"48,896.53", Commission,USD,MGCQ5
DEMO4543231,247302402732,07/03/2025 09:18:24,2025-07-03,-0.50,"48,896.03", Exchange Fee,USD,MGCQ5
DEMO4543231,247302402733,07/03/2025 09:18:24,2025-07-03,-0.19,"48,895.84", Clearing Fee,USD,MGCQ5
DEMO4543231,247302402734,07/03/2025 09:18:24,2025-07-03,-0.02,"48,895.82", Nfa Fee,USD,MGCQ5
DEMO4543231,247302402735,07/03/2025 09:18:24,2025-07-03,-0.35,"48,895.47", Commission,USD,MGCQ5
DEMO4543231,247302402738,07/03/2025 09:18:24,2025-07-03,-8.00,"48,887.47", Trade Paired,USD,MGCQ5
DEMO4543231,247302402743,07/03/2025 09:24:02,2025-07-03,-1.15,"48,886.32", Exchange Fee,USD,MBTN5
DEMO4543231,247302402744,07/03/2025 09:24:02,2025-07-03,-0.19,"48,886.13", Clearing Fee,USD,MBTN5
DEMO4543231,247302402745,07/03/2025 09:24:02,2025-07-03,-0.02,"48,886.11", Nfa Fee,USD,MBTN5
DEMO4543231,247302402746,07/03/2025 09:24:02,2025-07-03,-0.35,"48,885.76", Commission,USD,MBTN5
DEMO4543231,247302402752,07/03/2025 09:24:06,2025-07-03,-1.15,"48,884.61", Exchange Fee,USD,MBTN5
DEMO4543231,247302402753,07/03/2025 09:24:06,2025-07-03,-0.19,"48,884.42", Clearing Fee,USD,MBTN5
DEMO4543231,247302402754,07/03/2025 09:24:06,2025-07-03,-0.02,"48,884.40", Nfa Fee,USD,MBTN5
DEMO4543231,247302402755,07/03/2025 09:24:06,2025-07-03,-0.35,"48,884.05", Commission,USD,MBTN5
DEMO4543231,247302402758,07/03/2025 09:24:06,2025-07-03,-2.00,"48,882.05", Trade Paired,USD,MBTN5
DEMO4543231,247302402763,07/03/2025 09:25:01,2025-07-03,-0.35,"48,881.70", Exchange Fee,USD,MESU5
DEMO4543231,247302402764,07/03/2025 09:25:01,2025-07-03,-0.19,"48,881.51", Clearing Fee,USD,MESU5
DEMO4543231,247302402765,07/03/2025 09:25:01,2025-07-03,-0.02,"48,881.49", Nfa Fee,USD,MESU5
DEMO4543231,247302402766,07/03/2025 09:25:01,2025-07-03,-0.35,"48,881.14", Commission,USD,MESU5
DEMO4543231,247302402772,07/03/2025 09:28:07,2025-07-03,-0.35,"48,880.79", Exchange Fee,USD,MESU5
DEMO4543231,247302402773,07/03/2025 09:28:07,2025-07-03,-0.19,"48,880.60", Clearing Fee,USD,MESU5
DEMO4543231,247302402774,07/03/2025 09:28:07,2025-07-03,-0.02,"48,880.58", Nfa Fee,USD,MESU5
DEMO4543231,247302402775,07/03/2025 09:28:07,2025-07-03,-0.35,"48,880.23", Commission,USD,MESU5
DEMO4543231,247302402778,07/03/2025 09:28:07,2025-07-03,10.00,"48,890.23", Trade Paired,USD,MESU5
DEMO4543231,247302402783,07/03/2025 09:33:02,2025-07-03,-0.50,"48,889.73", Exchange Fee,USD,MGCQ5
DEMO4543231,247302402784,07/03/2025 09:33:02,2025-07-03,-0.19,"48,889.54", Clearing Fee,USD,MGCQ5
DEMO4543231,247302402785,07/03/2025 09:33:02,2025-07-03,-0.02,"48,889.52", Nfa Fee,USD,MGCQ5
DEMO4543231,247302402786,07/03/2025 09:33:02,2025-07-03,-0.35,"48,889.17", Commission,USD,MGCQ5
DEMO4543231,247302402792,07/03/2025 09:33:18,2025-07-03,-0.50,"48,888.67", Exchange Fee,USD,MGCQ5
DEMO4543231,247302402793,07/03/2025 09:33:18,2025-07-03,-0.19,"48,888.48", Clearing Fee,USD,MGCQ5
DEMO4543231,247302402794,07/03/2025 09:33:18,2025-07-03,-0.02,"48,888.46", Nfa Fee,USD,MGCQ5
DEMO4543231,247302402795,07/03/2025 09:33:18,2025-07-03,-0.35,"48,888.11", Commission,USD,MGCQ5
DEMO4543231,247302402798,07/03/2025 09:33:18,2025-07-03,5.00,"48,893.11", Trade Paired,USD,MGCQ5
DEMO4543231,247302402803,07/03/2025 09:36:05,2025-07-03,-1.15,"48,891.96", Exchange Fee,USD,MBTN5
DEMO4543231,247302402804,07/03/2025 09:36:05,2025-07-03,-0.19,"48,891.77", Clearing Fee,USD,MBTN5
DEMO4543231,247302402805,07/03/2025 09:36:05,2025-07-03,-0.02,"48,891.75", Nfa Fee,USD,MBTN5
DEMO4543231,247302402806,07/03/2025 09:36:05,2025-07-03,-0.35,"48,891.40", Commission,USD,MBTN5
DEMO4543231,247302402812,07/03/2025 09:36:35,2025-07-03,-1.15,"48,890.25", Exchange Fee,USD,MBTN5
DEMO4543231,247302402813,07/03/2025 09:36:35,2025-07-03,-0.19,"48,890.06", Clearing Fee,USD,MBTN5
DEMO4543231,247302402814,07/03/2025 09:36:35,2025-07-03,-0.02,"48,890.04", Nfa Fee,USD,MBTN5
DEMO4543231,247302402815,07/03/2025 09:36:35,2025-07-03,-0.35,"48,889.69", Commission,USD,MBTN5
DEMO4543231,247302402818,07/03/2025 09:36:35,2025-07-03,-5.00,"48,884.69", Trade Paired,USD,MBTN5
DEMO4543231,247302402823,07/03/2025 09:42:01,2025-07-03,-0.50,"48,884.19", Exchange Fee,USD,MGCQ5
DEMO4543231,247302402824,07/03/2025 09:42:01,2025-07-03,-0.19,"48,884.00", Clearing Fee,USD,MGCQ5
DEMO4543231,247302402825,07/03/2025 09:42:01,2025-07-03,-0.02,"48,883.98", Nfa Fee,USD,MGCQ5
DEMO4543231,247302402826,07/03/2025 09:42:01,2025-07-03,-0.35,"48,883.63", Commission,USD,MGCQ5
DEMO4543231,247302402832,07/03/2025 09:42:39,2025-07-03,-0.50,"48,883.13", Exchange Fee,USD,MGCQ5
DEMO4543231,247302402833,07/03/2025 09:42:39,2025-07-03,-0.19,"48,882.94", Clearing Fee,USD,MGCQ5
DEMO4543231,247302402834,07/03/2025 09:42:39,2025-07-03,-0.02,"48,882.92", Nfa Fee,USD,MGCQ5
DEMO4543231,247302402835,07/03/2025 09:42:39,2025-07-03,-0.35,"48,882.57", Commission,USD,MGCQ5
DEMO4543231,247302402838,07/03/2025 09:42:39,2025-07-03,-13.00,"48,869.57", Trade Paired,USD,MGCQ5
DEMO4543231,247302402843,07/03/2025 09:54:01,2025-07-03,-0.50,"48,869.07", Exchange Fee,USD,MGCQ5
DEMO4543231,247302402844,07/03/2025 09:54:01,2025-07-03,-0.19,"48,868.88", Clearing Fee,USD,MGCQ5
DEMO4543231,247302402845,07/03/2025 09:54:01,2025-07-03,-0.02,"48,868.86", Nfa Fee,USD,MGCQ5
DEMO4543231,247302402846,07/03/2025 09:54:01,2025-07-03,-0.35,"48,868.51", Commission,USD,MGCQ5
DEMO4543231,247302402852,07/03/2025 09:54:03,2025-07-03,-1.15,"48,867.36", Exchange Fee,USD,MBTN5
DEMO4543231,247302402853,07/03/2025 09:54:03,2025-07-03,-0.19,"48,867.17", Clearing Fee,USD,MBTN5
DEMO4543231,247302402854,07/03/2025 09:54:03,2025-07-03,-0.02,"48,867.15", Nfa Fee,USD,MBTN5
DEMO4543231,247302402855,07/03/2025 09:54:03,2025-07-03,-0.35,"48,866.80", Commission,USD,MBTN5
DEMO4543231,247302402861,07/03/2025 09:54:38,2025-07-03,-0.50,"48,866.30", Exchange Fee,USD,MGCQ5
DEMO4543231,247302402862,07/03/2025 09:54:38,2025-07-03,-0.19,"48,866.11", Clearing Fee,USD,MGCQ5
DEMO4543231,247302402863,07/03/2025 09:54:38,2025-07-03,-0.02,"48,866.09", Nfa Fee,USD,MGCQ5
DEMO4543231,247302402864,07/03/2025 09:54:38,2025-07-03,-0.35,"48,865.74", Commission,USD,MGCQ5
DEMO4543231,247302402867,07/03/2025 09:54:38,2025-07-03,8.00,"48,873.74", Trade Paired,USD,MGCQ5
DEMO4543231,247302402872,07/03/2025 09:54:42,2025-07-03,-1.15,"48,872.59", Exchange Fee,USD,MBTN5
DEMO4543231,247302402873,07/03/2025 09:54:42,2025-07-03,-0.19,"48,872.40", Clearing Fee,USD,MBTN5
DEMO4543231,247302402874,07/03/2025 09:54:42,2025-07-03,-0.02,"48,872.38", Nfa Fee,USD,MBTN5
DEMO4543231,247302402875,07/03/2025 09:54:42,2025-07-03,-0.35,"48,872.03", Commission,USD,MBTN5
DEMO4543231,247302402878,07/03/2025 09:54:42,2025-07-03,-5.00,"48,867.03", Trade Paired,USD,MBTN5
DEMO4543231,247302402883,07/03/2025 10:06:06,2025-07-03,-0.50,"48,866.53", Exchange Fee,USD,MGCQ5
DEMO4543231,247302402884,07/03/2025 10:06:06,2025-07-03,-0.19,"48,866.34", Clearing Fee,USD,MGCQ5
DEMO4543231,247302402885,07/03/2025 10:06:06,2025-07-03,-0.02,"48,866.32", Nfa Fee,USD,MGCQ5
DEMO4543231,247302402886,07/03/2025 10:06:06,2025-07-03,-0.35,"48,865.97", Commission,USD,MGCQ5
DEMO4543231,247302402892,07/03/2025 10:06:14,2025-07-03,-0.50,"48,865.47", Exchange Fee,USD,MGCQ5
DEMO4543231,247302402893,07/03/2025 10:06:14,2025-07-03,-0.19,"48,865.28", Clearing Fee,USD,MGCQ5
DEMO4543231,247302402894,07/03/2025 10:06:14,2025-07-03,-0.02,"48,865.26", Nfa Fee,USD,MGCQ5
DEMO4543231,247302402895,07/03/2025 10:06:14,2025-07-03,-0.35,"48,864.91", Commission,USD,MGCQ5
DEMO4543231,247302402903,07/03/2025 10:18:06,2025-07-03,-1.15,"48,863.76", Exchange Fee,USD,MBTN5
DEMO4543231,247302402904,07/03/2025 10:18:06,2025-07-03,-0.19,"48,863.57", Clearing Fee,USD,MBTN5
DEMO4543231,247302402905,07/03/2025 10:18:06,2025-07-03,-0.02,"48,863.55", Nfa Fee,USD,MBTN5
DEMO4543231,247302402906,07/03/2025 10:18:06,2025-07-03,-0.35,"48,863.20", Commission,USD,MBTN5
DEMO4543231,247302402912,07/03/2025 10:18:40,2025-07-03,-1.15,"48,862.05", Exchange Fee,USD,MBTN5
DEMO4543231,247302402913,07/03/2025 10:18:40,2025-07-03,-0.19,"48,861.86", Clearing Fee,USD,MBTN5
DEMO4543231,247302402914,07/03/2025 10:18:40,2025-07-03,-0.02,"48,861.84", Nfa Fee,USD,MBTN5
DEMO4543231,247302402915,07/03/2025 10:18:40,2025-07-03,-0.35,"48,861.49", Commission,USD,MBTN5
DEMO4543231,247302402918,07/03/2025 10:18:40,2025-07-03,4.00,"48,865.49", Trade Paired,USD,MBTN5
DEMO4543231,247302402923,07/03/2025 10:20:01,2025-07-03,-0.35,"48,865.14", Exchange Fee,USD,MESU5
DEMO4543231,247302402924,07/03/2025 10:20:01,2025-07-03,-0.19,"48,864.95", Clearing Fee,USD,MESU5
DEMO4543231,247302402925,07/03/2025 10:20:01,2025-07-03,-0.02,"48,864.93", Nfa Fee,USD,MESU5
DEMO4543231,247302402926,07/03/2025 10:20:01,2025-07-03,-0.35,"48,864.58", Commission,USD,MESU5
DEMO4543231,247302402932,07/03/2025 10:24:05,2025-07-03,-1.15,"48,863.43", Exchange Fee,USD,MBTN5
DEMO4543231,247302402933,07/03/2025 10:24:05,2025-07-03,-0.19,"48,863.24", Clearing Fee,USD,MBTN5
DEMO4543231,247302402934,07/03/2025 10:24:05,2025-07-03,-0.02,"48,863.22", Nfa Fee,USD,MBTN5
DEMO4543231,247302402935,07/03/2025 10:24:05,2025-07-03,-0.35,"48,862.87", Commission,USD,MBTN5
DEMO4543231,247302402941,07/03/2025 10:24:06,2025-07-03,-1.15,"48,861.72", Exchange Fee,USD,MBTN5
DEMO4543231,247302402942,07/03/2025 10:24:06,2025-07-03,-0.19,"48,861.53", Clearing Fee,USD,MBTN5
DEMO4543231,247302402943,07/03/2025 10:24:06,2025-07-03,-0.02,"48,861.51", Nfa Fee,USD,MBTN5
DEMO4543231,247302402944,07/03/2025 10:24:06,2025-07-03,-0.35,"48,861.16", Commission,USD,MBTN5
DEMO4543231,247302402947,07/03/2025 10:24:06,2025-07-03,-1.50,"48,859.66", Trade Paired,USD,MBTN5
DEMO4543231,247302402952,07/03/2025 10:27:02,2025-07-03,-0.50,"48,859.16", Exchange Fee,USD,MGCQ5
DEMO4543231,247302402953,07/03/2025 10:27:02,2025-07-03,-0.19,"48,858.97", Clearing Fee,USD,MGCQ5
DEMO4543231,247302402954,07/03/2025 10:27:02,2025-07-03,-0.02,"48,858.95", Nfa Fee,USD,MGCQ5
DEMO4543231,247302402955,07/03/2025 10:27:02,2025-07-03,-0.35,"48,858.60", Commission,USD,MGCQ5
DEMO4543231,247302402961,07/03/2025 10:28:02,2025-07-03,-0.50,"48,858.10", Exchange Fee,USD,MGCQ5
DEMO4543231,247302402962,07/03/2025 10:28:02,2025-07-03,-0.19,"48,857.91", Clearing Fee,USD,MGCQ5
DEMO4543231,247302402963,07/03/2025 10:28:02,2025-07-03,-0.02,"48,857.89", Nfa Fee,USD,MGCQ5
DEMO4543231,247302402964,07/03/2025 10:28:02,2025-07-03,-0.35,"48,857.54", Commission,USD,MGCQ5
DEMO4543231,247302402967,07/03/2025 10:28:02,2025-07-03,-8.00,"48,849.54", Trade Paired,USD,MGCQ5
DEMO4543231,247302402972,07/03/2025 10:36:21,2025-07-03,-1.15,"48,848.39", Exchange Fee,USD,MBTN5
DEMO4543231,247302402973,07/03/2025 10:36:21,2025-07-03,-0.19,"48,848.20", Clearing Fee,USD,MBTN5
DEMO4543231,247302402974,07/03/2025 10:36:21,2025-07-03,-0.02,"48,848.18", Nfa Fee,USD,MBTN5
DEMO4543231,247302402975,07/03/2025 10:36:21,2025-07-03,-0.35,"48,847.83", Commission,USD,MBTN5
DEMO4543231,247302402981,07/03/2025 10:36:57,2025-07-03,-1.15,"48,846.68", Exchange Fee,USD,MBTN5
DEMO4543231,247302402982,07/03/2025 10:36:57,2025-07-03,-0.19,"48,846.49", Clearing Fee,USD,MBTN5
DEMO4543231,247302402983,07/03/2025 10:36:57,2025-07-03,-0.02,"48,846.47", Nfa Fee,USD,MBTN5
DEMO4543231,247302402984,07/03/2025 10:36:57,2025-07-03,-0.35,"48,846.12", Commission,USD,MBTN5
DEMO4543231,247302402987,07/03/2025 10:36:57,2025-07-03,9.00,"48,855.12", Trade Paired,USD,MBTN5
DEMO4543231,247302402992,07/03/2025 10:37:06,2025-07-03,-0.35,"48,854.77", Exchange Fee,USD,MESU5
DEMO4543231,247302402993,07/03/2025 10:37:06,2025-07-03,-0.19,"48,854.58", Clearing Fee,USD,MESU5
DEMO4543231,247302402994,07/03/2025 10:37:06,2025-07-03,-0.02,"48,854.56", Nfa Fee,USD,MESU5
DEMO4543231,247302402995,07/03/2025 10:37:06,2025-07-03,-0.35,"48,854.21", Commission,USD,MESU5
DEMO4543231,247302402998,07/03/2025 10:37:06,2025-07-03,6.25,"48,860.46", Trade Paired,USD,MESU5
DEMO4543231,247302403003,07/03/2025 10:40:00,2025-07-03,-0.35,"48,860.11", Exchange Fee,USD,MESU5
DEMO4543231,247302403004,07/03/2025 10:40:00,2025-07-03,-0.19,"48,859.92", Clearing Fee,USD,MESU5
DEMO4543231,247302403005,07/03/2025 10:40:00,2025-07-03,-0.02,"48,859.90", Nfa Fee,USD,MESU5
DEMO4543231,247302403006,07/03/2025 10:40:00,2025-07-03,-0.35,"48,859.55", Commission,USD,MESU5
DEMO4543231,247302403012,07/03/2025 10:41:33,2025-07-03,-0.35,"48,859.20", Exchange Fee,USD,MESU5
DEMO4543231,247302403013,07/03/2025 10:41:33,2025-07-03,-0.19,"48,859.01", Clearing Fee,USD,MESU5
DEMO4543231,247302403014,07/03/2025 10:41:33,2025-07-03,-0.02,"48,858.99", Nfa Fee,USD,MESU5
DEMO4543231,247302403015,07/03/2025 10:41:33,2025-07-03,-0.35,"48,858.64", Commission,USD,MESU5
DEMO4543231,247302403018,07/03/2025 10:41:33,2025-07-03,10.00,"48,868.64", Trade Paired,USD,MESU5
DEMO4543231,247302403023,07/03/2025 10:48:01,2025-07-03,-0.50,"48,868.14", Exchange Fee,USD,MGCQ5
DEMO4543231,247302403024,07/03/2025 10:48:01,2025-07-03,-0.19,"48,867.95", Clearing Fee,USD,MGCQ5
DEMO4543231,247302403025,07/03/2025 10:48:01,2025-07-03,-0.02,"48,867.93", Nfa Fee,USD,MGCQ5
DEMO4543231,247302403026,07/03/2025 10:48:01,2025-07-03,-0.35,"48,867.58", Commission,USD,MGCQ5
DEMO4543231,247302403032,07/03/2025 10:48:40,2025-07-03,-0.50,"48,867.08", Exchange Fee,USD,MGCQ5
DEMO4543231,247302403033,07/03/2025 10:48:40,2025-07-03,-0.19,"48,866.89", Clearing Fee,USD,MGCQ5
DEMO4543231,247302403034,07/03/2025 10:48:40,2025-07-03,-0.02,"48,866.87", Nfa Fee,USD,MGCQ5
DEMO4543231,247302403035,07/03/2025 10:48:40,2025-07-03,-0.35,"48,866.52", Commission,USD,MGCQ5
DEMO4543231,247302403038,07/03/2025 10:48:40,2025-07-03,8.00,"48,874.52", Trade Paired,USD,MGCQ5
DEMO4543231,247302403043,07/03/2025 10:57:05,2025-07-03,-1.15,"48,873.37", Exchange Fee,USD,MBTN5
DEMO4543231,247302403044,07/03/2025 10:57:05,2025-07-03,-0.19,"48,873.18", Clearing Fee,USD,MBTN5
DEMO4543231,247302403045,07/03/2025 10:57:05,2025-07-03,-0.02,"48,873.16", Nfa Fee,USD,MBTN5
DEMO4543231,247302403046,07/03/2025 10:57:05,2025-07-03,-0.35,"48,872.81", Commission,USD,MBTN5
DEMO4543231,247302403052,07/03/2025 10:58:34,2025-07-03,-1.15,"48,871.66", Exchange Fee,USD,MBTN5
DEMO4543231,247302403053,07/03/2025 10:58:34,2025-07-03,-0.19,"48,871.47", Clearing Fee,USD,MBTN5
DEMO4543231,247302403054,07/03/2025 10:58:34,2025-07-03,-0.02,"48,871.45", Nfa Fee,USD,MBTN5
DEMO4543231,247302403055,07/03/2025 10:58:34,2025-07-03,-0.35,"48,871.10", Commission,USD,MBTN5
DEMO4543231,247302403058,07/03/2025 10:58:34,2025-07-03,4.50,"48,875.60", Trade Paired,USD,MBTN5
DEMO4543231,247302403063,07/03/2025 11:05:01,2025-07-03,-0.35,"48,875.25", Exchange Fee,USD,MESU5
DEMO4543231,247302403064,07/03/2025 11:05:01,2025-07-03,-0.19,"48,875.06", Clearing Fee,USD,MESU5
DEMO4543231,247302403065,07/03/2025 11:05:01,2025-07-03,-0.02,"48,875.04", Nfa Fee,USD,MESU5
DEMO4543231,247302403066,07/03/2025 11:05:01,2025-07-03,-0.35,"48,874.69", Commission,USD,MESU5
DEMO4543231,247302403072,07/03/2025 11:06:04,2025-07-03,-0.50,"48,874.19", Exchange Fee,USD,MGCQ5
DEMO4543231,247302403073,07/03/2025 11:06:04,2025-07-03,-0.19,"48,874.00", Clearing Fee,USD,MGCQ5
DEMO4543231,247302403074,07/03/2025 11:06:04,2025-07-03,-0.02,"48,873.98", Nfa Fee,USD,MGCQ5
DEMO4543231,247302403075,07/03/2025 11:06:04,2025-07-03,-0.35,"48,873.63", Commission,USD,MGCQ5
DEMO4543231,247302403081,07/03/2025 11:06:36,2025-07-03,-0.50,"48,873.13", Exchange Fee,USD,MGCQ5
DEMO4543231,247302403082,07/03/2025 11:06:36,2025-07-03,-0.19,"48,872.94", Clearing Fee,USD,MGCQ5
DEMO4543231,247302403083,07/03/2025 11:06:36,2025-07-03,-0.02,"48,872.92", Nfa Fee,USD,MGCQ5
DEMO4543231,247302403084,07/03/2025 11:06:36,2025-07-03,-0.35,"48,872.57", Commission,USD,MGCQ5
DEMO4543231,247302403087,07/03/2025 11:06:36,2025-07-03,-14.00,"48,858.57", Trade Paired,USD,MGCQ5
DEMO4543231,247302403092,07/03/2025 11:07:05,2025-07-03,-0.35,"48,858.22", Exchange Fee,USD,MESU5
DEMO4543231,247302403093,07/03/2025 11:07:05,2025-07-03,-0.19,"48,858.03", Clearing Fee,USD,MESU5
DEMO4543231,247302403094,07/03/2025 11:07:05,2025-07-03,-0.02,"48,858.01", Nfa Fee,USD,MESU5
DEMO4543231,247302403095,07/03/2025 11:07:05,2025-07-03,-0.35,"48,857.66", Commission,USD,MESU5
DEMO4543231,247302403098,07/03/2025 11:07:05,2025-07-03,11.25,"48,868.91", Trade Paired,USD,MESU5
DEMO4543231,247302403103,07/03/2025 11:12:03,2025-07-03,-1.15,"48,867.76", Exchange Fee,USD,MBTN5
DEMO4543231,247302403104,07/03/2025 11:12:03,2025-07-03,-0.19,"48,867.57", Clearing Fee,USD,MBTN5
DEMO4543231,247302403105,07/03/2025 11:12:03,2025-07-03,-0.02,"48,867.55", Nfa Fee,USD,MBTN5
DEMO4543231,247302403106,07/03/2025 11:12:03,2025-07-03,-0.35,"48,867.20", Commission,USD,MBTN5
DEMO4543231,247302403112,07/03/2025 11:12:07,2025-07-03,-1.15,"48,866.05", Exchange Fee,USD,MBTN5
DEMO4543231,247302403113,07/03/2025 11:12:07,2025-07-03,-0.19,"48,865.86", Clearing Fee,USD,MBTN5
DEMO4543231,247302403114,07/03/2025 11:12:07,2025-07-03,-0.02,"48,865.84", Nfa Fee,USD,MBTN5
DEMO4543231,247302403115,07/03/2025 11:12:07,2025-07-03,-0.35,"48,865.49", Commission,USD,MBTN5
DEMO4543231,247302403118,07/03/2025 11:12:07,2025-07-03,-0.50,"48,864.99", Trade Paired,USD,MBTN5
DEMO4543231,247302403123,07/03/2025 11:15:01,2025-07-03,-0.35,"48,864.64", Exchange Fee,USD,MESU5
DEMO4543231,247302403124,07/03/2025 11:15:01,2025-07-03,-0.19,"48,864.45", Clearing Fee,USD,MESU5
DEMO4543231,247302403125,07/03/2025 11:15:01,2025-07-03,-0.02,"48,864.43", Nfa Fee,USD,MESU5
DEMO4543231,247302403126,07/03/2025 11:15:01,2025-07-03,-0.35,"48,864.08", Commission,USD,MESU5
DEMO4543231,247302403132,07/03/2025 11:15:13,2025-07-03,-0.50,"48,863.58", Exchange Fee,USD,MGCQ5
DEMO4543231,247302403133,07/03/2025 11:15:13,2025-07-03,-0.19,"48,863.39", Clearing Fee,USD,MGCQ5
DEMO4543231,247302403134,07/03/2025 11:15:13,2025-07-03,-0.02,"48,863.37", Nfa Fee,USD,MGCQ5
DEMO4543231,247302403135,07/03/2025 11:15:13,2025-07-03,-0.35,"48,863.02", Commission,USD,MGCQ5
DEMO4543231,247302403141,07/03/2025 11:17:22,2025-07-03,-0.50,"48,862.52", Exchange Fee,USD,MGCQ5
DEMO4543231,247302403142,07/03/2025 11:17:22,2025-07-03,-0.19,"48,862.33", Clearing Fee,USD,MGCQ5
DEMO4543231,247302403143,07/03/2025 11:17:22,2025-07-03,-0.02,"48,862.31", Nfa Fee,USD,MGCQ5
DEMO4543231,247302403144,07/03/2025 11:17:22,2025-07-03,-0.35,"48,861.96", Commission,USD,MGCQ5
DEMO4543231,247302403147,07/03/2025 11:17:22,2025-07-03,4.00,"48,865.96", Trade Paired,USD,MGCQ5
DEMO4543231,247302403152,07/03/2025 11:18:07,2025-07-03,-0.35,"48,865.61", Exchange Fee,USD,MESU5
DEMO4543231,247302403153,07/03/2025 11:18:07,2025-07-03,-0.19,"48,865.42", Clearing Fee,USD,MESU5
DEMO4543231,247302403154,07/03/2025 11:18:07,2025-07-03,-0.02,"48,865.40", Nfa Fee,USD,MESU5
DEMO4543231,247302403155,07/03/2025 11:18:07,2025-07-03,-0.35,"48,865.05", Commission,USD,MESU5
DEMO4543231,247302403158,07/03/2025 11:18:07,2025-07-03,-11.25,"48,853.80", Trade Paired,USD,MESU5
DEMO4543231,247302403163,07/03/2025 11:24:00,2025-07-03,-0.50,"48,853.30", Exchange Fee,USD,MGCQ5
DEMO4543231,247302403164,07/03/2025 11:24:00,2025-07-03,-0.19,"48,853.11", Clearing Fee,USD,MGCQ5
DEMO4543231,247302403165,07/03/2025 11:24:00,2025-07-03,-0.02,"48,853.09", Nfa Fee,USD,MGCQ5
DEMO4543231,247302403166,07/03/2025 11:24:00,2025-07-03,-0.35,"48,852.74", Commission,USD,MGCQ5
DEMO4543231,247302403172,07/03/2025 11:24:07,2025-07-03,-1.15,"48,851.59", Exchange Fee,USD,MBTN5
DEMO4543231,247302403173,07/03/2025 11:24:07,2025-07-03,-0.19,"48,851.40", Clearing Fee,USD,MBTN5
DEMO4543231,247302403174,07/03/2025 11:24:07,2025-07-03,-0.02,"48,851.38", Nfa Fee,USD,MBTN5
DEMO4543231,247302403175,07/03/2025 11:24:07,2025-07-03,-0.35,"48,851.03", Commission,USD,MBTN5
DEMO4543231,247302403181,07/03/2025 11:24:08,2025-07-03,-1.15,"48,849.88", Exchange Fee,USD,MBTN5
DEMO4543231,247302403182,07/03/2025 11:24:08,2025-07-03,-0.19,"48,849.69", Clearing Fee,USD,MBTN5
DEMO4543231,247302403183,07/03/2025 11:24:08,2025-07-03,-0.02,"48,849.67", Nfa Fee,USD,MBTN5
DEMO4543231,247302403184,07/03/2025 11:24:08,2025-07-03,-0.35,"48,849.32", Commission,USD,MBTN5
DEMO4543231,247302403187,07/03/2025 11:24:08,2025-07-03,-2.00,"48,847.32", Trade Paired,USD,MBTN5
DEMO4543231,247302403192,07/03/2025 11:25:10,2025-07-03,-0.50,"48,846.82", Exchange Fee,USD,MGCQ5
DEMO4543231,247302403193,07/03/2025 11:25:10,2025-07-03,-0.19,"48,846.63", Clearing Fee,USD,MGCQ5
DEMO4543231,247302403194,07/03/2025 11:25:10,2025-07-03,-0.02,"48,846.61", Nfa Fee,USD,MGCQ5
DEMO4543231,247302403195,07/03/2025 11:25:10,2025-07-03,-0.35,"48,846.26", Commission,USD,MGCQ5
DEMO4543231,247302403198,07/03/2025 11:25:10,2025-07-03,6.00,"48,852.26", Trade Paired,USD,MGCQ5
DEMO4543231,247302403203,07/03/2025 11:30:04,2025-07-03,-0.35,"48,851.91", Exchange Fee,USD,MESU5
DEMO4543231,247302403204,07/03/2025 11:30:04,2025-07-03,-0.19,"48,851.72", Clearing Fee,USD,MESU5
DEMO4543231,247302403205,07/03/2025 11:30:04,2025-07-03,-0.02,"48,851.70", Nfa Fee,USD,MESU5
DEMO4543231,247302403206,07/03/2025 11:30:04,2025-07-03,-0.35,"48,851.35", Commission,USD,MESU5
DEMO4543231,247302403212,07/03/2025 11:31:18,2025-07-03,-0.35,"48,851.00", Exchange Fee,USD,MESU5
DEMO4543231,247302403213,07/03/2025 11:31:18,2025-07-03,-0.19,"48,850.81", Clearing Fee,USD,MESU5
DEMO4543231,247302403214,07/03/2025 11:31:18,2025-07-03,-0.02,"48,850.79", Nfa Fee,USD,MESU5
DEMO4543231,247302403215,07/03/2025 11:31:18,2025-07-03,-0.35,"48,850.44", Commission,USD,MESU5
DEMO4543231,247302403218,07/03/2025 11:31:18,2025-07-03,8.75,"48,859.19", Trade Paired,USD,MESU5
DEMO4543231,247302403223,07/03/2025 11:39:05,2025-07-03,-1.15,"48,858.04", Exchange Fee,USD,MBTN5
DEMO4543231,247302403224,07/03/2025 11:39:05,2025-07-03,-0.19,"48,857.85", Clearing Fee,USD,MBTN5
DEMO4543231,247302403225,07/03/2025 11:39:05,2025-07-03,-0.02,"48,857.83", Nfa Fee,USD,MBTN5
DEMO4543231,247302403226,07/03/2025 11:39:05,2025-07-03,-0.35,"48,857.48", Commission,USD,MBTN5
DEMO4543231,247302403232,07/03/2025 11:39:17,2025-07-03,-1.15,"48,856.33", Exchange Fee,USD,MBTN5
DEMO4543231,247302403233,07/03/2025 11:39:17,2025-07-03,-0.19,"48,856.14", Clearing Fee,USD,MBTN5
DEMO4543231,247302403234,07/03/2025 11:39:17,2025-07-03,-0.02,"48,856.12", Nfa Fee,USD,MBTN5
DEMO4543231,247302403235,07/03/2025 11:39:17,2025-07-03,-0.35,"48,855.77", Commission,USD,MBTN5
DEMO4543231,247302403238,07/03/2025 11:39:17,2025-07-03,-8.00,"48,847.77", Trade Paired,USD,MBTN5
DEMO4543231,247302403243,07/03/2025 11:40:04,2025-07-03,-0.35,"48,847.42", Exchange Fee,USD,MESU5
DEMO4543231,247302403244,07/03/2025 11:40:04,2025-07-03,-0.19,"48,847.23", Clearing Fee,USD,MESU5
DEMO4543231,247302403245,07/03/2025 11:40:04,2025-07-03,-0.02,"48,847.21", Nfa Fee,USD,MESU5
DEMO4543231,247302403246,07/03/2025 11:40:04,2025-07-03,-0.35,"48,846.86", Commission,USD,MESU5
DEMO4543231,247302403252,07/03/2025 11:41:39,2025-07-03,-0.35,"48,846.51", Exchange Fee,USD,MESU5
DEMO4543231,247302403253,07/03/2025 11:41:39,2025-07-03,-0.19,"48,846.32", Clearing Fee,USD,MESU5
DEMO4543231,247302403254,07/03/2025 11:41:39,2025-07-03,-0.02,"48,846.30", Nfa Fee,USD,MESU5
DEMO4543231,247302403255,07/03/2025 11:41:39,2025-07-03,-0.35,"48,845.95", Commission,USD,MESU5
DEMO4543231,247302403258,07/03/2025 11:41:39,2025-07-03,8.75,"48,854.70", Trade Paired,USD,MESU5
DEMO4543231,247302403263,07/03/2025 11:45:11,2025-07-03,-0.50,"48,854.20", Exchange Fee,USD,MGCQ5
DEMO4543231,247302403264,07/03/2025 11:45:11,2025-07-03,-0.19,"48,854.01", Clearing Fee,USD,MGCQ5
DEMO4543231,247302403265,07/03/2025 11:45:11,2025-07-03,-0.02,"48,853.99", Nfa Fee,USD,MGCQ5
DEMO4543231,247302403266,07/03/2025 11:45:11,2025-07-03,-0.35,"48,853.64", Commission,USD,MGCQ5
DEMO4543231,247302403272,07/03/2025 11:46:18,2025-07-03,-0.50,"48,853.14", Exchange Fee,USD,MGCQ5
DEMO4543231,247302403273,07/03/2025 11:46:18,2025-07-03,-0.19,"48,852.95", Clearing Fee,USD,MGCQ5
DEMO4543231,247302403274,07/03/2025 11:46:18,2025-07-03,-0.02,"48,852.93", Nfa Fee,USD,MGCQ5
DEMO4543231,247302403275,07/03/2025 11:46:18,2025-07-03,-0.35,"48,852.58", Commission,USD,MGCQ5
DEMO4543231,247302403278,07/03/2025 11:46:18,2025-07-03,-9.00,"48,843.58", Trade Paired,USD,MGCQ5
DEMO4543231,247302403283,07/03/2025 11:51:06,2025-07-03,-1.15,"48,842.43", Exchange Fee,USD,MBTN5
DEMO4543231,247302403284,07/03/2025 11:51:06,2025-07-03,-0.19,"48,842.24", Clearing Fee,USD,MBTN5
DEMO4543231,247302403285,07/03/2025 11:51:06,2025-07-03,-0.02,"48,842.22", Nfa Fee,USD,MBTN5
DEMO4543231,247302403286,07/03/2025 11:51:06,2025-07-03,-0.35,"48,841.87", Commission,USD,MBTN5
DEMO4543231,247302403292,07/03/2025 11:51:13,2025-07-03,-1.15,"48,840.72", Exchange Fee,USD,MBTN5
DEMO4543231,247302403293,07/03/2025 11:51:13,2025-07-03,-0.19,"48,840.53", Clearing Fee,USD,MBTN5
DEMO4543231,247302403294,07/03/2025 11:51:13,2025-07-03,-0.02,"48,840.51", Nfa Fee,USD,MBTN5
DEMO4543231,247302403295,07/03/2025 11:51:13,2025-07-03,-0.35,"48,840.16", Commission,USD,MBTN5
DEMO4543231,247302403298,07/03/2025 11:51:13,2025-07-03,-5.50,"48,834.66", Trade Paired,USD,MBTN5
DEMO4543231,247302403303,07/03/2025 11:54:05,2025-07-03,-0.50,"48,834.16", Exchange Fee,USD,MGCQ5
DEMO4543231,247302403304,07/03/2025 11:54:05,2025-07-03,-0.19,"48,833.97", Clearing Fee,USD,MGCQ5
DEMO4543231,247302403305,07/03/2025 11:54:05,2025-07-03,-0.02,"48,833.95", Nfa Fee,USD,MGCQ5
DEMO4543231,247302403306,07/03/2025 11:54:05,2025-07-03,-0.35,"48,833.60", Commission,USD,MGCQ5
DEMO4543231,247302403312,07/03/2025 12:00:08,2025-07-03,-1.15,"48,832.45", Exchange Fee,USD,MBTN5
DEMO4543231,247302403313,07/03/2025 12:00:08,2025-07-03,-0.19,"48,832.26", Clearing Fee,USD,MBTN5
DEMO4543231,247302403314,07/03/2025 12:00:08,2025-07-03,-0.02,"48,832.24", Nfa Fee,USD,MBTN5
DEMO4543231,247302403315,07/03/2025 12:00:08,2025-07-03,-0.35,"48,831.89", Commission,USD,MBTN5
DEMO4543231,247302403321,07/03/2025 12:00:55,2025-07-03,-1.15,"48,830.74", Exchange Fee,USD,MBTN5
DEMO4543231,247302403322,07/03/2025 12:00:55,2025-07-03,-0.19,"48,830.55", Clearing Fee,USD,MBTN5
DEMO4543231,247302403323,07/03/2025 12:00:55,2025-07-03,-0.02,"48,830.53", Nfa Fee,USD,MBTN5
DEMO4543231,247302403324,07/03/2025 12:00:55,2025-07-03,-0.35,"48,830.18", Commission,USD,MBTN5
DEMO4543231,247302403327,07/03/2025 12:00:55,2025-07-03,9.50,"48,839.68", Trade Paired,USD,MBTN5
DEMO4543231,247302403332,07/03/2025 12:06:43,2025-07-03,-0.50,"48,839.18", Exchange Fee,USD,MGCQ5
DEMO4543231,247302403333,07/03/2025 12:06:43,2025-07-03,-0.19,"48,838.99", Clearing Fee,USD,MGCQ5
DEMO4543231,247302403334,07/03/2025 12:06:43,2025-07-03,-0.02,"48,838.97", Nfa Fee,USD,MGCQ5
DEMO4543231,247302403335,07/03/2025 12:06:43,2025-07-03,-0.35,"48,838.62", Commission,USD,MGCQ5
DEMO4543231,247302403338,07/03/2025 12:06:43,2025-07-03,-14.00,"48,824.62", Trade Paired,USD,MGCQ5
DEMO4543231,247302403343,07/03/2025 12:12:04,2025-07-03,-1.15,"48,823.47", Exchange Fee,USD,MBTN5
DEMO4543231,247302403344,07/03/2025 12:12:04,2025-07-03,-0.19,"48,823.28", Clearing Fee,USD,MBTN5
DEMO4543231,247302403345,07/03/2025 12:12:04,2025-07-03,-0.02,"48,823.26", Nfa Fee,USD,MBTN5
DEMO4543231,247302403346,07/03/2025 12:12:04,2025-07-03,-0.35,"48,822.91", Commission,USD,MBTN5
DEMO4543231,247302403352,07/03/2025 12:12:24,2025-07-03,-1.15,"48,821.76", Exchange Fee,USD,MBTN5
DEMO4543231,247302403353,07/03/2025 12:12:24,2025-07-03,-0.19,"48,821.57", Clearing Fee,USD,MBTN5
DEMO4543231,247302403354,07/03/2025 12:12:24,2025-07-03,-0.02,"48,821.55", Nfa Fee,USD,MBTN5
DEMO4543231,247302403355,07/03/2025 12:12:24,2025-07-03,-0.35,"48,821.20", Commission,USD,MBTN5
DEMO4543231,247302403358,07/03/2025 12:12:24,2025-07-03,2.50,"48,823.70", Trade Paired,USD,MBTN5
DEMO4543231,247302403363,07/03/2025 12:21:02,2025-07-03,-0.50,"48,823.20", Exchange Fee,USD,MGCQ5
DEMO4543231,247302403364,07/03/2025 12:21:02,2025-07-03,-0.19,"48,823.01", Clearing Fee,USD,MGCQ5
DEMO4543231,247302403365,07/03/2025 12:21:02,2025-07-03,-0.02,"48,822.99", Nfa Fee,USD,MGCQ5
DEMO4543231,247302403366,07/03/2025 12:21:02,2025-07-03,-0.35,"48,822.64", Commission,USD,MGCQ5
DEMO4543231,247302403372,07/03/2025 12:24:08,2025-07-03,-1.15,"48,821.49", Exchange Fee,USD,MBTN5
DEMO4543231,247302403373,07/03/2025 12:24:08,2025-07-03,-0.19,"48,821.30", Clearing Fee,USD,MBTN5
DEMO4543231,247302403374,07/03/2025 12:24:08,2025-07-03,-0.02,"48,821.28", Nfa Fee,USD,MBTN5
DEMO4543231,247302403375,07/03/2025 12:24:08,2025-07-03,-0.35,"48,820.93", Commission,USD,MBTN5
DEMO4543231,247302403381,07/03/2025 12:24:42,2025-07-03,-1.15,"48,819.78", Exchange Fee,USD,MBTN5
DEMO4543231,247302403382,07/03/2025 12:24:42,2025-07-03,-0.19,"48,819.59", Clearing Fee,USD,MBTN5
DEMO4543231,247302403383,07/03/2025 12:24:42,2025-07-03,-0.02,"48,819.57", Nfa Fee,USD,MBTN5
DEMO4543231,247302403384,07/03/2025 12:24:42,2025-07-03,-0.35,"48,819.22", Commission,USD,MBTN5
DEMO4543231,247302403387,07/03/2025 12:24:42,2025-07-03,4.50,"48,823.72", Trade Paired,USD,MBTN5
DEMO4543231,247302403392,07/03/2025 12:27:31,2025-07-03,-0.50,"48,823.22", Exchange Fee,USD,MGCQ5
DEMO4543231,247302403393,07/03/2025 12:27:31,2025-07-03,-0.19,"48,823.03", Clearing Fee,USD,MGCQ5
DEMO4543231,247302403394,07/03/2025 12:27:31,2025-07-03,-0.02,"48,823.01", Nfa Fee,USD,MGCQ5
DEMO4543231,247302403395,07/03/2025 12:27:31,2025-07-03,-0.35,"48,822.66", Commission,USD,MGCQ5
DEMO4543231,247302403398,07/03/2025 12:27:31,2025-07-03,8.00,"48,830.66", Trade Paired,USD,MGCQ5
DEMO4543231,247302403403,07/03/2025 12:33:02,2025-07-03,-1.15,"48,829.51", Exchange Fee,USD,MBTN5
DEMO4543231,247302403404,07/03/2025 12:33:02,2025-07-03,-0.19,"48,829.32", Clearing Fee,USD,MBTN5
DEMO4543231,247302403405,07/03/2025 12:33:02,2025-07-03,-0.02,"48,829.30", Nfa Fee,USD,MBTN5
DEMO4543231,247302403406,07/03/2025 12:33:02,2025-07-03,-0.35,"48,828.95", Commission,USD,MBTN5
DEMO4543231,247302403412,07/03/2025 12:35:01,2025-07-03,-0.35,"48,828.60", Exchange Fee,USD,MESU5
DEMO4543231,247302403413,07/03/2025 12:35:01,2025-07-03,-0.19,"48,828.41", Clearing Fee,USD,MESU5
DEMO4543231,247302403414,07/03/2025 12:35:01,2025-07-03,-0.02,"48,828.39", Nfa Fee,USD,MESU5
DEMO4543231,247302403415,07/03/2025 12:35:01,2025-07-03,-0.35,"48,828.04", Commission,USD,MESU5
DEMO4543231,247302403421,07/03/2025 12:35:34,2025-07-03,-1.15,"48,826.89", Exchange Fee,USD,MBTN5
DEMO4543231,247302403422,07/03/2025 12:35:34,2025-07-03,-0.19,"48,826.70", Clearing Fee,USD,MBTN5
DEMO4543231,247302403423,07/03/2025 12:35:34,2025-07-03,-0.02,"48,826.68", Nfa Fee,USD,MBTN5
DEMO4543231,247302403424,07/03/2025 12:35:34,2025-07-03,-0.35,"48,826.33", Commission,USD,MBTN5
DEMO4543231,247302403427,07/03/2025 12:35:34,2025-07-03,-7.00,"48,819.33", Trade Paired,USD,MBTN5
DEMO4543231,247302403432,07/03/2025 12:39:10,2025-07-03,-1.15,"48,818.18", Exchange Fee,USD,MBTN5
DEMO4543231,247302403433,07/03/2025 12:39:10,2025-07-03,-0.19,"48,817.99", Clearing Fee,USD,MBTN5
DEMO4543231,247302403434,07/03/2025 12:39:10,2025-07-03,-0.02,"48,817.97", Nfa Fee,USD,MBTN5
DEMO4543231,247302403435,07/03/2025 12:39:10,2025-07-03,-0.35,"48,817.62", Commission,USD,MBTN5
DEMO4543231,247302403441,07/03/2025 12:40:52,2025-07-03,-1.15,"48,816.47", Exchange Fee,USD,MBTN5
DEMO4543231,247302403442,07/03/2025 12:40:52,2025-07-03,-0.19,"48,816.28", Clearing Fee,USD,MBTN5
DEMO4543231,247302403443,07/03/2025 12:40:52,2025-07-03,-0.02,"48,816.26", Nfa Fee,USD,MBTN5
DEMO4543231,247302403444,07/03/2025 12:40:52,2025-07-03,-0.35,"48,815.91", Commission,USD,MBTN5
DEMO4543231,247302403447,07/03/2025 12:40:52,2025-07-03,2.00,"48,817.91", Trade Paired,USD,MBTN5
DEMO4543231,247302403452,07/03/2025 12:40:59,2025-07-03,-0.35,"48,817.56", Exchange Fee,USD,MESU5
DEMO4543231,247302403453,07/03/2025 12:40:59,2025-07-03,-0.19,"48,817.37", Clearing Fee,USD,MESU5
DEMO4543231,247302403454,07/03/2025 12:40:59,2025-07-03,-0.02,"48,817.35", Nfa Fee,USD,MESU5
DEMO4543231,247302403455,07/03/2025 12:40:59,2025-07-03,-0.35,"48,817.00", Commission,USD,MESU5
DEMO4543231,247302403458,07/03/2025 12:40:59,2025-07-03,11.25,"48,828.25", Trade Paired,USD,MESU5
DEMO4543231,247302403463,07/03/2025 12:45:04,2025-07-03,-0.50,"48,827.75", Exchange Fee,USD,MGCQ5
DEMO4543231,247302403464,07/03/2025 12:45:04,2025-07-03,-0.19,"48,827.56", Clearing Fee,USD,MGCQ5
DEMO4543231,247302403465,07/03/2025 12:45:04,2025-07-03,-0.02,"48,827.54", Nfa Fee,USD,MGCQ5
DEMO4543231,247302403466,07/03/2025 12:45:04,2025-07-03,-0.35,"48,827.19", Commission,USD,MGCQ5
DEMO4543231,247302403472,07/03/2025 12:45:47,2025-07-03,-0.50,"48,826.69", Exchange Fee,USD,MGCQ5
DEMO4543231,247302403473,07/03/2025 12:45:47,2025-07-03,-0.19,"48,826.50", Clearing Fee,USD,MGCQ5
DEMO4543231,247302403474,07/03/2025 12:45:47,2025-07-03,-0.02,"48,826.48", Nfa Fee,USD,MGCQ5
DEMO4543231,247302403475,07/03/2025 12:45:47,2025-07-03,-0.35,"48,826.13", Commission,USD,MGCQ5
DEMO4543231,247302403478,07/03/2025 12:45:47,2025-07-03,8.00,"48,834.13", Trade Paired,USD,MGCQ5
DEMO4543231,247302403483,07/03/2025 12:48:04,2025-07-03,-1.15,"48,832.98", Exchange Fee,USD,MBTN5
DEMO4543231,247302403484,07/03/2025 12:48:04,2025-07-03,-0.19,"48,832.79", Clearing Fee,USD,MBTN5
DEMO4543231,247302403485,07/03/2025 12:48:04,2025-07-03,-0.02,"48,832.77", Nfa Fee,USD,MBTN5
DEMO4543231,247302403486,07/03/2025 12:48:04,2025-07-03,-0.35,"48,832.42", Commission,USD,MBTN5
DEMO4543231,247302403492,07/03/2025 12:49:49,2025-07-03,-1.15,"48,831.27", Exchange Fee,USD,MBTN5
DEMO4543231,247302403493,07/03/2025 12:49:49,2025-07-03,-0.19,"48,831.08", Clearing Fee,USD,MBTN5
DEMO4543231,247302403494,07/03/2025 12:49:49,2025-07-03,-0.02,"48,831.06", Nfa Fee,USD,MBTN5
DEMO4543231,247302403495,07/03/2025 12:49:49,2025-07-03,-0.35,"48,830.71", Commission,USD,MBTN5
DEMO4543231,247302403498,07/03/2025 12:49:49,2025-07-03,3.00,"48,833.71", Trade Paired,USD,MBTN5
DEMO4543231,247302403503,07/03/2025 12:57:06,2025-07-03,-1.15,"48,832.56", Exchange Fee,USD,MBTN5
DEMO4543231,247302403504,07/03/2025 12:57:06,2025-07-03,-0.19,"48,832.37", Clearing Fee,USD,MBTN5
DEMO4543231,247302403505,07/03/2025 12:57:06,2025-07-03,-0.02,"48,832.35", Nfa Fee,USD,MBTN5
DEMO4543231,247302403506,07/03/2025 12:57:06,2025-07-03,-0.35,"48,832.00", Commission,USD,MBTN5
DEMO4543231,247302403512,07/03/2025 12:57:31,2025-07-03,-1.15,"48,830.85", Exchange Fee,USD,MBTN5
DEMO4543231,247302403513,07/03/2025 12:57:31,2025-07-03,-0.19,"48,830.66", Clearing Fee,USD,MBTN5
DEMO4543231,247302403514,07/03/2025 12:57:31,2025-07-03,-0.02,"48,830.64", Nfa Fee,USD,MBTN5
DEMO4543231,247302403515,07/03/2025 12:57:31,2025-07-03,-0.35,"48,830.29", Commission,USD,MBTN5
DEMO4543231,247302403518,07/03/2025 12:57:31,2025-07-03,4.50,"48,834.79", Trade Paired,USD,MBTN5
DEMO4543231,247302403523,07/03/2025 13:03:02,2025-07-03,-1.15,"48,833.64", Exchange Fee,USD,MBTN5
DEMO4543231,247302403524,07/03/2025 13:03:02,2025-07-03,-0.19,"48,833.45", Clearing Fee,USD,MBTN5
DEMO4543231,247302403525,07/03/2025 13:03:02,2025-07-03,-0.02,"48,833.43", Nfa Fee,USD,MBTN5
DEMO4543231,247302403526,07/03/2025 13:03:02,2025-07-03,-0.35,"48,833.08", Commission,USD,MBTN5
DEMO4543231,247302403532,07/03/2025 13:05:00,2025-07-03,-0.35,"48,832.73", Exchange Fee,USD,MESU5
DEMO4543231,247302403533,07/03/2025 13:05:00,2025-07-03,-0.19,"48,832.54", Clearing Fee,USD,MESU5
DEMO4543231,247302403534,07/03/2025 13:05:00,2025-07-03,-0.02,"48,832.52", Nfa Fee,USD,MESU5
DEMO4543231,247302403535,07/03/2025 13:05:00,2025-07-03,-0.35,"48,832.17", Commission,USD,MESU5
DEMO4543231,247302403541,07/03/2025 13:07:06,2025-07-03,-1.15,"48,831.02", Exchange Fee,USD,MBTN5
DEMO4543231,247302403542,07/03/2025 13:07:06,2025-07-03,-0.19,"48,830.83", Clearing Fee,USD,MBTN5
DEMO4543231,247302403543,07/03/2025 13:07:06,2025-07-03,-0.02,"48,830.81", Nfa Fee,USD,MBTN5
DEMO4543231,247302403544,07/03/2025 13:07:06,2025-07-03,-0.35,"48,830.46", Commission,USD,MBTN5
DEMO4543231,247302403547,07/03/2025 13:07:06,2025-07-03,-1.00,"48,829.46", Trade Paired,USD,MBTN5
DEMO4543231,247302403552,07/03/2025 13:11:21,2025-07-03,-0.35,"48,829.11", Exchange Fee,USD,MESU5
DEMO4543231,247302403553,07/03/2025 13:11:21,2025-07-03,-0.19,"48,828.92", Clearing Fee,USD,MESU5
DEMO4543231,247302403554,07/03/2025 13:11:21,2025-07-03,-0.02,"48,828.90", Nfa Fee,USD,MESU5
DEMO4543231,247302403555,07/03/2025 13:11:21,2025-07-03,-0.35,"48,828.55", Commission,USD,MESU5
DEMO4543231,247302403558,07/03/2025 13:11:21,2025-07-03,-13.75,"48,814.80", Trade Paired,USD,MESU5
DEMO4543231,247302403563,07/03/2025 13:12:16,2025-07-03,-1.15,"48,813.65", Exchange Fee,USD,MBTN5
DEMO4543231,247302403564,07/03/2025 13:12:16,2025-07-03,-0.19,"48,813.46", Clearing Fee,USD,MBTN5
DEMO4543231,247302403565,07/03/2025 13:12:16,2025-07-03,-0.02,"48,813.44", Nfa Fee,USD,MBTN5
DEMO4543231,247302403566,07/03/2025 13:12:16,2025-07-03,-0.35,"48,813.09", Commission,USD,MBTN5
DEMO4543231,247302403572,07/03/2025 13:14:58,2025-07-03,-1.15,"48,811.94", Exchange Fee,USD,MBTN5
DEMO4543231,247302403573,07/03/2025 13:14:58,2025-07-03,-0.19,"48,811.75", Clearing Fee,USD,MBTN5
DEMO4543231,247302403574,07/03/2025 13:14:58,2025-07-03,-0.02,"48,811.73", Nfa Fee,USD,MBTN5
DEMO4543231,247302403575,07/03/2025 13:14:58,2025-07-03,-0.35,"48,811.38", Commission,USD,MBTN5
DEMO4543231,247302403578,07/03/2025 13:14:58,2025-07-03,6.00,"48,817.38", Trade Paired,USD,MBTN5
DEMO4543231,247302403583,07/03/2025 13:33:08,2025-07-03,-1.15,"48,816.23", Exchange Fee,USD,MBTN5
DEMO4543231,247302403584,07/03/2025 13:33:08,2025-07-03,-0.19,"48,816.04", Clearing Fee,USD,MBTN5
DEMO4543231,247302403585,07/03/2025 13:33:08,2025-07-03,-0.02,"48,816.02", Nfa Fee,USD,MBTN5
DEMO4543231,247302403586,07/03/2025 13:33:08,2025-07-03,-0.35,"48,815.67", Commission,USD,MBTN5
DEMO4543231,247302403592,07/03/2025 13:34:11,2025-07-03,-1.15,"48,814.52", Exchange Fee,USD,MBTN5
DEMO4543231,247302403593,07/03/2025 13:34:11,2025-07-03,-0.19,"48,814.33", Clearing Fee,USD,MBTN5
DEMO4543231,247302403594,07/03/2025 13:34:11,2025-07-03,-0.02,"48,814.31", Nfa Fee,USD,MBTN5
DEMO4543231,247302403595,07/03/2025 13:34:11,2025-07-03,-0.35,"48,813.96", Commission,USD,MBTN5
DEMO4543231,247302403598,07/03/2025 13:34:11,2025-07-03,6.50,"48,820.46", Trade Paired,USD,MBTN5
DEMO4543231,247302403603,07/03/2025 13:39:03,2025-07-03,-0.50,"48,819.96", Exchange Fee,USD,MGCQ5
DEMO4543231,247302403604,07/03/2025 13:39:03,2025-07-03,-0.19,"48,819.77", Clearing Fee,USD,MGCQ5
DEMO4543231,247302403605,07/03/2025 13:39:03,2025-07-03,-0.02,"48,819.75", Nfa Fee,USD,MGCQ5
DEMO4543231,247302403606,07/03/2025 13:39:03,2025-07-03,-0.35,"48,819.40", Commission,USD,MGCQ5
DEMO4543231,247302403612,07/03/2025 13:39:42,2025-07-03,-0.50,"48,818.90", Exchange Fee,USD,MGCQ5
DEMO4543231,247302403613,07/03/2025 13:39:42,2025-07-03,-0.19,"48,818.71", Clearing Fee,USD,MGCQ5
DEMO4543231,247302403614,07/03/2025 13:39:42,2025-07-03,-0.02,"48,818.69", Nfa Fee,USD,MGCQ5
DEMO4543231,247302403615,07/03/2025 13:39:42,2025-07-03,-0.35,"48,818.34", Commission,USD,MGCQ5
DEMO4543231,247302403618,07/03/2025 13:39:42,2025-07-03,3.00,"48,821.34", Trade Paired,USD,MGCQ5
DEMO4543231,247302403623,07/03/2025 13:48:03,2025-07-03,-1.15,"48,820.19", Exchange Fee,USD,MBTN5
DEMO4543231,247302403624,07/03/2025 13:48:03,2025-07-03,-0.19,"48,820.00", Clearing Fee,USD,MBTN5
DEMO4543231,247302403625,07/03/2025 13:48:03,2025-07-03,-0.02,"48,819.98", Nfa Fee,USD,MBTN5
DEMO4543231,247302403626,07/03/2025 13:48:03,2025-07-03,-0.35,"48,819.63", Commission,USD,MBTN5
DEMO4543231,247302403632,07/03/2025 13:49:48,2025-07-03,-1.15,"48,818.48", Exchange Fee,USD,MBTN5
DEMO4543231,247302403633,07/03/2025 13:49:48,2025-07-03,-0.19,"48,818.29", Clearing Fee,USD,MBTN5
DEMO4543231,247302403634,07/03/2025 13:49:48,2025-07-03,-0.02,"48,818.27", Nfa Fee,USD,MBTN5
DEMO4543231,247302403635,07/03/2025 13:49:48,2025-07-03,-0.35,"48,817.92", Commission,USD,MBTN5
DEMO4543231,247302403638,07/03/2025 13:49:48,2025-07-03,5.00,"48,822.92", Trade Paired,USD,MBTN5
DEMO4543231,247302403643,07/03/2025 13:51:02,2025-07-03,-0.50,"48,822.42", Exchange Fee,USD,MGCQ5
DEMO4543231,247302403644,07/03/2025 13:51:02,2025-07-03,-0.19,"48,822.23", Clearing Fee,USD,MGCQ5
DEMO4543231,247302403645,07/03/2025 13:51:02,2025-07-03,-0.02,"48,822.21", Nfa Fee,USD,MGCQ5
DEMO4543231,247302403646,07/03/2025 13:51:02,2025-07-03,-0.35,"48,821.86", Commission,USD,MGCQ5
DEMO4543231,247302403652,07/03/2025 14:06:46,2025-07-03,-1.15,"48,820.71", Exchange Fee,USD,MBTN5
DEMO4543231,247302403653,07/03/2025 14:06:46,2025-07-03,-0.19,"48,820.52", Clearing Fee,USD,MBTN5
DEMO4543231,247302403654,07/03/2025 14:06:46,2025-07-03,-0.02,"48,820.50", Nfa Fee,USD,MBTN5
DEMO4543231,247302403655,07/03/2025 14:06:46,2025-07-03,-0.35,"48,820.15", Commission,USD,MBTN5
DEMO4543231,247302403661,07/03/2025 14:12:10,2025-07-03,-1.15,"48,819.00", Exchange Fee,USD,MBTN5
DEMO4543231,247302403662,07/03/2025 14:12:10,2025-07-03,-0.19,"48,818.81", Clearing Fee,USD,MBTN5
DEMO4543231,247302403663,07/03/2025 14:12:10,2025-07-03,-0.02,"48,818.79", Nfa Fee,USD,MBTN5
DEMO4543231,247302403664,07/03/2025 14:12:10,2025-07-03,-0.35,"48,818.44", Commission,USD,MBTN5
DEMO4543231,247302403667,07/03/2025 14:12:10,2025-07-03,-13.50,"48,804.94", Trade Paired,USD,MBTN5
DEMO4543231,247302403672,07/03/2025 14:13:41,2025-07-03,-0.50,"48,804.44", Exchange Fee,USD,MGCQ5
DEMO4543231,247302403673,07/03/2025 14:13:41,2025-07-03,-0.19,"48,804.25", Clearing Fee,USD,MGCQ5
DEMO4543231,247302403674,07/03/2025 14:13:41,2025-07-03,-0.02,"48,804.23", Nfa Fee,USD,MGCQ5
DEMO4543231,247302403675,07/03/2025 14:13:41,2025-07-03,-0.35,"48,803.88", Commission,USD,MGCQ5
DEMO4543231,247302403678,07/03/2025 14:13:41,2025-07-03,-15.00,"48,788.88", Trade Paired,USD,MGCQ5
DEMO4543231,247302403683,07/03/2025 14:21:12,2025-07-03,-0.50,"48,788.38", Exchange Fee,USD,MGCQ5
DEMO4543231,247302403684,07/03/2025 14:21:12,2025-07-03,-0.19,"48,788.19", Clearing Fee,USD,MGCQ5
DEMO4543231,247302403685,07/03/2025 14:21:12,2025-07-03,-0.02,"48,788.17", Nfa Fee,USD,MGCQ5
DEMO4543231,247302403686,07/03/2025 14:21:12,2025-07-03,-0.35,"48,787.82", Commission,USD,MGCQ5
DEMO4543231,247302403692,07/03/2025 14:21:43,2025-07-03,-1.15,"48,786.67", Exchange Fee,USD,MBTN5
DEMO4543231,247302403693,07/03/2025 14:21:43,2025-07-03,-0.19,"48,786.48", Clearing Fee,USD,MBTN5
DEMO4543231,247302403694,07/03/2025 14:21:43,2025-07-03,-0.02,"48,786.46", Nfa Fee,USD,MBTN5
DEMO4543231,247302403695,07/03/2025 14:21:43,2025-07-03,-0.35,"48,786.11", Commission,USD,MBTN5
DEMO4543231,247302403701,07/03/2025 14:23:06,2025-07-03,-1.15,"48,784.96", Exchange Fee,USD,MBTN5
DEMO4543231,247302403702,07/03/2025 14:23:06,2025-07-03,-0.19,"48,784.77", Clearing Fee,USD,MBTN5
DEMO4543231,247302403703,07/03/2025 14:23:06,2025-07-03,-0.02,"48,784.75", Nfa Fee,USD,MBTN5
DEMO4543231,247302403704,07/03/2025 14:23:06,2025-07-03,-0.35,"48,784.40", Commission,USD,MBTN5
DEMO4543231,247302403707,07/03/2025 14:23:06,2025-07-03,1.00,"48,785.40", Trade Paired,USD,MBTN5
DEMO4543231,247302403712,07/03/2025 14:42:10,2025-07-03,-1.15,"48,784.25", Exchange Fee,USD,MBTN5
DEMO4543231,247302403713,07/03/2025 14:42:10,2025-07-03,-0.19,"48,784.06", Clearing Fee,USD,MBTN5
DEMO4543231,247302403714,07/03/2025 14:42:10,2025-07-03,-0.02,"48,784.04", Nfa Fee,USD,MBTN5
DEMO4543231,247302403715,07/03/2025 14:42:10,2025-07-03,-0.35,"48,783.69", Commission,USD,MBTN5
DEMO4543231,247302403721,07/03/2025 14:46:11,2025-07-03,-1.15,"48,782.54", Exchange Fee,USD,MBTN5
DEMO4543231,247302403722,07/03/2025 14:46:11,2025-07-03,-0.19,"48,782.35", Clearing Fee,USD,MBTN5
DEMO4543231,247302403723,07/03/2025 14:46:11,2025-07-03,-0.02,"48,782.33", Nfa Fee,USD,MBTN5
DEMO4543231,247302403724,07/03/2025 14:46:11,2025-07-03,-0.35,"48,781.98", Commission,USD,MBTN5
DEMO4543231,247302403727,07/03/2025 14:46:11,2025-07-03,-10.00,"48,771.98", Trade Paired,USD,MBTN5
DEMO4543231,247302403732,07/03/2025 14:47:33,2025-07-03,-0.50,"48,771.48", Exchange Fee,USD,MGCQ5
DEMO4543231,247302403733,07/03/2025 14:47:33,2025-07-03,-0.19,"48,771.29", Clearing Fee,USD,MGCQ5
DEMO4543231,247302403734,07/03/2025 14:47:33,2025-07-03,-0.02,"48,771.27", Nfa Fee,USD,MGCQ5
DEMO4543231,247302403735,07/03/2025 14:47:33,2025-07-03,-0.35,"48,770.92", Commission,USD,MGCQ5
DEMO4543231,247302403738,07/03/2025 14:47:33,2025-07-03,9.00,"48,779.92", Trade Paired,USD,MGCQ5
DEMO4543231,247302403743,07/03/2025 14:54:12,2025-07-03,-1.15,"48,778.77", Exchange Fee,USD,MBTN5
DEMO4543231,247302403744,07/03/2025 14:54:12,2025-07-03,-0.19,"48,778.58", Clearing Fee,USD,MBTN5
DEMO4543231,247302403745,07/03/2025 14:54:12,2025-07-03,-0.02,"48,778.56", Nfa Fee,USD,MBTN5
DEMO4543231,247302403746,07/03/2025 14:54:12,2025-07-03,-0.35,"48,778.21", Commission,USD,MBTN5
DEMO4543231,247302403752,07/03/2025 14:56:06,2025-07-03,-1.15,"48,777.06", Exchange Fee,USD,MBTN5
DEMO4543231,247302403753,07/03/2025 14:56:06,2025-07-03,-0.19,"48,776.87", Clearing Fee,USD,MBTN5
DEMO4543231,247302403754,07/03/2025 14:56:06,2025-07-03,-0.02,"48,776.85", Nfa Fee,USD,MBTN5
DEMO4543231,247302403755,07/03/2025 14:56:06,2025-07-03,-0.35,"48,776.50", Commission,USD,MBTN5
DEMO4543231,247302403758,07/03/2025 14:56:06,2025-07-03,-5.00,"48,771.50", Trade Paired,USD,MBTN5
DEMO4543231,247302403763,07/03/2025 15:00:00,2025-07-03,-1.15,"48,770.35", Exchange Fee,USD,MBTN5
DEMO4543231,247302403764,07/03/2025 15:00:00,2025-07-03,-0.19,"48,770.16", Clearing Fee,USD,MBTN5
DEMO4543231,247302403765,07/03/2025 15:00:00,2025-07-03,-0.02,"48,770.14", Nfa Fee,USD,MBTN5
DEMO4543231,247302403766,07/03/2025 15:00:00,2025-07-03,-0.35,"48,769.79", Commission,USD,MBTN5
DEMO4543231,247302403772,07/03/2025 15:04:43,2025-07-03,-1.15,"48,768.64", Exchange Fee,USD,MBTN5
DEMO4543231,247302403773,07/03/2025 15:04:43,2025-07-03,-0.19,"48,768.45", Clearing Fee,USD,MBTN5
DEMO4543231,247302403774,07/03/2025 15:04:43,2025-07-03,-0.02,"48,768.43", Nfa Fee,USD,MBTN5
DEMO4543231,247302403775,07/03/2025 15:04:43,2025-07-03,-0.35,"48,768.08", Commission,USD,MBTN5
DEMO4543231,247302403778,07/03/2025 15:04:43,2025-07-03,5.00,"48,773.08", Trade Paired,USD,MBTN5
DEMO4543231,247302403783,07/03/2025 15:09:11,2025-07-03,-0.50,"48,772.58", Exchange Fee,USD,MGCQ5
DEMO4543231,247302403784,07/03/2025 15:09:11,2025-07-03,-0.19,"48,772.39", Clearing Fee,USD,MGCQ5
DEMO4543231,247302403785,07/03/2025 15:09:11,2025-07-03,-0.02,"48,772.37", Nfa Fee,USD,MGCQ5
DEMO4543231,247302403786,07/03/2025 15:09:11,2025-07-03,-0.35,"48,772.02", Commission,USD,MGCQ5
DEMO4543231,247302403792,07/03/2025 15:17:54,2025-07-03,-0.50,"48,771.52", Exchange Fee,USD,MGCQ5
DEMO4543231,247302403793,07/03/2025 15:17:54,2025-07-03,-0.19,"48,771.33", Clearing Fee,USD,MGCQ5
DEMO4543231,247302403794,07/03/2025 15:17:54,2025-07-03,-0.02,"48,771.31", Nfa Fee,USD,MGCQ5
DEMO4543231,247302403795,07/03/2025 15:17:54,2025-07-03,-0.35,"48,770.96", Commission,USD,MGCQ5
DEMO4543231,247302403798,07/03/2025 15:17:54,2025-07-03,9.00,"48,779.96", Trade Paired,USD,MGCQ5
DEMO4543231,247302403803,07/03/2025 15:18:11,2025-07-03,-1.15,"48,778.81", Exchange Fee,USD,MBTN5
DEMO4543231,247302403804,07/03/2025 15:18:11,2025-07-03,-0.19,"48,778.62", Clearing Fee,USD,MBTN5
DEMO4543231,247302403805,07/03/2025 15:18:11,2025-07-03,-0.02,"48,778.60", Nfa Fee,USD,MBTN5
DEMO4543231,247302403806,07/03/2025 15:18:11,2025-07-03,-0.35,"48,778.25", Commission,USD,MBTN5
DEMO4543231,247302403812,07/03/2025 15:19:03,2025-07-03,-1.15,"48,777.10", Exchange Fee,USD,MBTN5
DEMO4543231,247302403813,07/03/2025 15:19:03,2025-07-03,-0.19,"48,776.91", Clearing Fee,USD,MBTN5
DEMO4543231,247302403814,07/03/2025 15:19:03,2025-07-03,-0.02,"48,776.89", Nfa Fee,USD,MBTN5
DEMO4543231,247302403815,07/03/2025 15:19:03,2025-07-03,-0.35,"48,776.54", Commission,USD,MBTN5
DEMO4543231,247302403818,07/03/2025 15:19:03,2025-07-03,5.00,"48,781.54", Trade Paired,USD,MBTN5
DEMO4543231,247302403823,07/03/2025 15:27:07,2025-07-03,-1.15,"48,780.39", Exchange Fee,USD,MBTN5
DEMO4543231,247302403824,07/03/2025 15:27:07,2025-07-03,-0.19,"48,780.20", Clearing Fee,USD,MBTN5
DEMO4543231,247302403825,07/03/2025 15:27:07,2025-07-03,-0.02,"48,780.18", Nfa Fee,USD,MBTN5
DEMO4543231,247302403826,07/03/2025 15:27:07,2025-07-03,-0.35,"48,779.83", Commission,USD,MBTN5
DEMO4543231,247302403832,07/03/2025 15:27:46,2025-07-03,-1.15,"48,778.68", Exchange Fee,USD,MBTN5
DEMO4543231,247302403833,07/03/2025 15:27:46,2025-07-03,-0.19,"48,778.49", Clearing Fee,USD,MBTN5
DEMO4543231,247302403834,07/03/2025 15:27:46,2025-07-03,-0.02,"48,778.47", Nfa Fee,USD,MBTN5
DEMO4543231,247302403835,07/03/2025 15:27:46,2025-07-03,-0.35,"48,778.12", Commission,USD,MBTN5
DEMO4543231,247302403838,07/03/2025 15:27:46,2025-07-03,-1.50,"48,776.62", Trade Paired,USD,MBTN5
DEMO4543231,247302403843,07/03/2025 15:39:06,2025-07-03,-1.15,"48,775.47", Exchange Fee,USD,MBTN5
DEMO4543231,247302403844,07/03/2025 15:39:06,2025-07-03,-0.19,"48,775.28", Clearing Fee,USD,MBTN5
DEMO4543231,247302403845,07/03/2025 15:39:06,2025-07-03,-0.02,"48,775.26", Nfa Fee,USD,MBTN5
DEMO4543231,247302403846,07/03/2025 15:39:06,2025-07-03,-0.35,"48,774.91", Commission,USD,MBTN5
DEMO4543231,247302403852,07/03/2025 15:45:38,2025-07-03,-1.15,"48,773.76", Exchange Fee,USD,MBTN5
DEMO4543231,247302403853,07/03/2025 15:45:38,2025-07-03,-0.19,"48,773.57", Clearing Fee,USD,MBTN5
DEMO4543231,247302403854,07/03/2025 15:45:38,2025-07-03,-0.02,"48,773.55", Nfa Fee,USD,MBTN5
DEMO4543231,247302403855,07/03/2025 15:45:38,2025-07-03,-0.35,"48,773.20", Commission,USD,MBTN5
DEMO4543231,247302403858,07/03/2025 15:45:38,2025-07-03,-4.00,"48,769.20", Trade Paired,USD,MBTN5
DEMO4543231,247302403863,07/03/2025 15:54:00,2025-07-03,-1.15,"48,768.05", Exchange Fee,USD,MBTN5
DEMO4543231,247302403864,07/03/2025 15:54:00,2025-07-03,-0.19,"48,767.86", Clearing Fee,USD,MBTN5
DEMO4543231,247302403865,07/03/2025 15:54:00,2025-07-03,-0.02,"48,767.84", Nfa Fee,USD,MBTN5
DEMO4543231,247302403866,07/03/2025 15:54:00,2025-07-03,-0.35,"48,767.49", Commission,USD,MBTN5
DEMO4543231,247302403872,07/03/2025 15:55:48,2025-07-03,-1.15,"48,766.34", Exchange Fee,USD,MBTN5
DEMO4543231,247302403873,07/03/2025 15:55:48,2025-07-03,-0.19,"48,766.15", Clearing Fee,USD,MBTN5
DEMO4543231,247302403874,07/03/2025 15:55:48,2025-07-03,-0.02,"48,766.13", Nfa Fee,USD,MBTN5
DEMO4543231,247302403875,07/03/2025 15:55:48,2025-07-03,-0.35,"48,765.78", Commission,USD,MBTN5
DEMO4543231,247302403878,07/03/2025 15:55:48,2025-07-03,4.50,"48,770.28", Trade Paired,USD,MBTN5
DEMO4543231,247302403883,07/03/2025 16:18:14,2025-07-03,-0.50,"48,769.78", Exchange Fee,USD,MGCQ5
DEMO4543231,247302403884,07/03/2025 16:18:14,2025-07-03,-0.19,"48,769.59", Clearing Fee,USD,MGCQ5
DEMO4543231,247302403885,07/03/2025 16:18:14,2025-07-03,-0.02,"48,769.57", Nfa Fee,USD,MGCQ5
DEMO4543231,247302403886,07/03/2025 16:18:14,2025-07-03,-0.35,"48,769.22", Commission,USD,MGCQ5
DEMO4543231,247302403892,07/03/2025 16:21:22,2025-07-03,-1.15,"48,768.07", Exchange Fee,USD,MBTN5
DEMO4543231,247302403893,07/03/2025 16:21:22,2025-07-03,-0.19,"48,767.88", Clearing Fee,USD,MBTN5
DEMO4543231,247302403894,07/03/2025 16:21:22,2025-07-03,-0.02,"48,767.86", Nfa Fee,USD,MBTN5
DEMO4543231,247302403895,07/03/2025 16:21:22,2025-07-03,-0.35,"48,767.51", Commission,USD,MBTN5
DEMO4543231,247302403901,07/03/2025 16:21:56,2025-07-03,-1.15,"48,766.36", Exchange Fee,USD,MBTN5
DEMO4543231,247302403902,07/03/2025 16:21:56,2025-07-03,-0.19,"48,766.17", Clearing Fee,USD,MBTN5
DEMO4543231,247302403903,07/03/2025 16:21:56,2025-07-03,-0.02,"48,766.15", Nfa Fee,USD,MBTN5
DEMO4543231,247302403904,07/03/2025 16:21:56,2025-07-03,-0.35,"48,765.80", Commission,USD,MBTN5
DEMO4543231,247302403907,07/03/2025 16:21:56,2025-07-03,0.50,"48,766.30", Trade Paired,USD,MBTN5
DEMO4543231,247302403912,07/03/2025 16:25:26,2025-07-03,-0.50,"48,765.80", Exchange Fee,USD,MGCQ5
DEMO4543231,247302403913,07/03/2025 16:25:26,2025-07-03,-0.19,"48,765.61", Clearing Fee,USD,MGCQ5
DEMO4543231,247302403914,07/03/2025 16:25:26,2025-07-03,-0.02,"48,765.59", Nfa Fee,USD,MGCQ5
DEMO4543231,247302403915,07/03/2025 16:25:26,2025-07-03,-0.35,"48,765.24", Commission,USD,MGCQ5
DEMO4543231,247302403918,07/03/2025 16:25:26,2025-07-03,-10.00,"48,755.24", Trade Paired,USD,MGCQ5
DEMO4543231,247302403923,07/03/2025 16:27:10,2025-07-03,-0.50,"48,754.74", Exchange Fee,USD,MGCQ5
DEMO4543231,247302403924,07/03/2025 16:27:10,2025-07-03,-0.19,"48,754.55", Clearing Fee,USD,MGCQ5
DEMO4543231,247302403925,07/03/2025 16:27:10,2025-07-03,-0.02,"48,754.53", Nfa Fee,USD,MGCQ5
DEMO4543231,247302403926,07/03/2025 16:27:10,2025-07-03,-0.35,"48,754.18", Commission,USD,MGCQ5
DEMO4543231,247302403932,07/03/2025 16:36:35,2025-07-03,-1.15,"48,753.03", Exchange Fee,USD,MBTN5
DEMO4543231,247302403933,07/03/2025 16:36:35,2025-07-03,-0.19,"48,752.84", Clearing Fee,USD,MBTN5
DEMO4543231,247302403934,07/03/2025 16:36:35,2025-07-03,-0.02,"48,752.82", Nfa Fee,USD,MBTN5
DEMO4543231,247302403935,07/03/2025 16:36:35,2025-07-03,-0.35,"48,752.47", Commission,USD,MBTN5
DEMO4543231,247302403941,07/03/2025 16:38:48,2025-07-03,-1.15,"48,751.32", Exchange Fee,USD,MBTN5
DEMO4543231,247302403942,07/03/2025 16:38:48,2025-07-03,-0.19,"48,751.13", Clearing Fee,USD,MBTN5
DEMO4543231,247302403943,07/03/2025 16:38:48,2025-07-03,-0.02,"48,751.11", Nfa Fee,USD,MBTN5
DEMO4543231,247302403944,07/03/2025 16:38:48,2025-07-03,-0.35,"48,750.76", Commission,USD,MBTN5
DEMO4543231,247302403947,07/03/2025 16:38:48,2025-07-03,2.00,"48,752.76", Trade Paired,USD,MBTN5
DEMO4543231,247302403952,07/03/2025 16:38:56,2025-07-03,-0.50,"48,752.26", Exchange Fee,USD,MGCQ5
DEMO4543231,247302403953,07/03/2025 16:38:56,2025-07-03,-0.19,"48,752.07", Clearing Fee,USD,MGCQ5
DEMO4543231,247302403954,07/03/2025 16:38:56,2025-07-03,-0.02,"48,752.05", Nfa Fee,USD,MGCQ5
DEMO4543231,247302403955,07/03/2025 16:38:56,2025-07-03,-0.35,"48,751.70", Commission,USD,MGCQ5
DEMO4543231,247302403958,07/03/2025 16:38:56,2025-07-03,-10.00,"48,741.70", Trade Paired,USD,MGCQ5
DEMO4543231,247302403963,07/03/2025 16:42:01,2025-07-03,-0.50,"48,741.20", Exchange Fee,USD,MGCQ5
DEMO4543231,247302403964,07/03/2025 16:42:01,2025-07-03,-0.19,"48,741.01", Clearing Fee,USD,MGCQ5
DEMO4543231,247302403965,07/03/2025 16:42:01,2025-07-03,-0.02,"48,740.99", Nfa Fee,USD,MGCQ5
DEMO4543231,247302403966,07/03/2025 16:42:01,2025-07-03,-0.35,"48,740.64", Commission,USD,MGCQ5
DEMO4543231,247302403972,07/03/2025 16:45:01,2025-07-03,-1.15,"48,739.49", Exchange Fee,USD,MBTN5
DEMO4543231,247302403973,07/03/2025 16:45:01,2025-07-03,-0.19,"48,739.30", Clearing Fee,USD,MBTN5
DEMO4543231,247302403974,07/03/2025 16:45:01,2025-07-03,-0.02,"48,739.28", Nfa Fee,USD,MBTN5
DEMO4543231,247302403975,07/03/2025 16:45:01,2025-07-03,-0.35,"48,738.93", Commission,USD,MBTN5
DEMO4543231,247302403981,07/03/2025 16:46:09,2025-07-03,-1.15,"48,737.78", Exchange Fee,USD,MBTN5
DEMO4543231,247302403982,07/03/2025 16:46:09,2025-07-03,-0.19,"48,737.59", Clearing Fee,USD,MBTN5
DEMO4543231,247302403983,07/03/2025 16:46:09,2025-07-03,-0.02,"48,737.57", Nfa Fee,USD,MBTN5
DEMO4543231,247302403984,07/03/2025 16:46:09,2025-07-03,-0.35,"48,737.22", Commission,USD,MBTN5
DEMO4543231,247302403987,07/03/2025 16:46:09,2025-07-03,-5.00,"48,732.22", Trade Paired,USD,MBTN5
DEMO4543231,247302403992,07/03/2025 16:49:28,2025-07-03,-0.50,"48,731.72", Exchange Fee,USD,MGCQ5
DEMO4543231,247302403993,07/03/2025 16:49:28,2025-07-03,-0.19,"48,731.53", Clearing Fee,USD,MGCQ5
DEMO4543231,247302403994,07/03/2025 16:49:28,2025-07-03,-0.02,"48,731.51", Nfa Fee,USD,MGCQ5
DEMO4543231,247302403995,07/03/2025 16:49:28,2025-07-03,-0.35,"48,731.16", Commission,USD,MGCQ5
DEMO4543231,247302403998,07/03/2025 16:49:28,2025-07-03,-13.00,"48,718.16", Trade Paired,USD,MGCQ5
DEMO4543231,247302404003,07/03/2025 16:51:00,2025-07-03,-1.15,"48,717.01", Exchange Fee,USD,MBTN5
DEMO4543231,247302404004,07/03/2025 16:51:00,2025-07-03,-0.19,"48,716.82", Clearing Fee,USD,MBTN5
DEMO4543231,247302404005,07/03/2025 16:51:00,2025-07-03,-0.02,"48,716.80", Nfa Fee,USD,MBTN5
DEMO4543231,247302404006,07/03/2025 16:51:00,2025-07-03,-0.35,"48,716.45", Commission,USD,MBTN5
DEMO4543231,247302404012,07/03/2025 16:57:03,2025-07-03,-0.50,"48,715.95", Exchange Fee,USD,MGCQ5
DEMO4543231,247302404013,07/03/2025 16:57:03,2025-07-03,-0.19,"48,715.76", Clearing Fee,USD,MGCQ5
DEMO4543231,247302404014,07/03/2025 16:57:03,2025-07-03,-0.02,"48,715.74", Nfa Fee,USD,MGCQ5
DEMO4543231,247302404015,07/03/2025 16:57:03,2025-07-03,-0.35,"48,715.39", Commission,USD,MGCQ5
DEMO4543231,247302404021,07/03/2025 16:58:01,2025-07-03,-0.50,"48,714.89", Exchange Fee,USD,MGCQ5
DEMO4543231,247302404022,07/03/2025 16:58:01,2025-07-03,-0.19,"48,714.70", Clearing Fee,USD,MGCQ5
DEMO4543231,247302404023,07/03/2025 16:58:01,2025-07-03,-0.02,"48,714.68", Nfa Fee,USD,MGCQ5
DEMO4543231,247302404024,07/03/2025 16:58:01,2025-07-03,-0.35,"48,714.33", Commission,USD,MGCQ5
DEMO4543231,247302404027,07/03/2025 16:58:01,2025-07-03,9.00,"48,723.33", Trade Paired,USD,MGCQ5
DEMO4543231,247302404032,07/03/2025 16:59:47,2025-07-03,-1.15,"48,722.18", Exchange Fee,USD,MBTN5
DEMO4543231,247302404033,07/03/2025 16:59:47,2025-07-03,-0.19,"48,721.99", Clearing Fee,USD,MBTN5
DEMO4543231,247302404034,07/03/2025 16:59:47,2025-07-03,-0.02,"48,721.97", Nfa Fee,USD,MBTN5
DEMO4543231,247302404035,07/03/2025 16:59:47,2025-07-03,-0.35,"48,721.62", Commission,USD,MBTN5
DEMO4543231,247302404038,07/03/2025 16:59:47,2025-07-03,4.00,"48,725.62", Trade Paired,USD,MBTN5
DEMO4543231,247302404052,07/03/2025 18:06:07,2025-07-04,-1.15,"48,724.47", Exchange Fee,USD,MBTN5
DEMO4543231,247302404053,07/03/2025 18:06:07,2025-07-04,-0.19,"48,724.28", Clearing Fee,USD,MBTN5
DEMO4543231,247302404054,07/03/2025 18:06:07,2025-07-04,-0.02,"48,724.26", Nfa Fee,USD,MBTN5
DEMO4543231,247302404055,07/03/2025 18:06:07,2025-07-04,-0.35,"48,723.91", Commission,USD,MBTN5
DEMO4543231,247302404062,07/03/2025 18:09:00,2025-07-04,-1.15,"48,722.76", Exchange Fee,USD,MBTN5
DEMO4543231,247302404063,07/03/2025 18:09:00,2025-07-04,-0.19,"48,722.57", Clearing Fee,USD,MBTN5
DEMO4543231,247302404064,07/03/2025 18:09:00,2025-07-04,-0.02,"48,722.55", Nfa Fee,USD,MBTN5
DEMO4543231,247302404065,07/03/2025 18:09:00,2025-07-04,-0.35,"48,722.20", Commission,USD,MBTN5
DEMO4543231,247302404068,07/03/2025 18:09:00,2025-07-04,-10.00,"48,712.20", Trade Paired,USD,MBTN5
DEMO4543231,247302404073,07/03/2025 18:09:00,2025-07-04,-0.50,"48,711.70", Exchange Fee,USD,MGCQ5
DEMO4543231,247302404074,07/03/2025 18:09:00,2025-07-04,-0.19,"48,711.51", Clearing Fee,USD,MGCQ5
DEMO4543231,247302404075,07/03/2025 18:09:00,2025-07-04,-0.02,"48,711.49", Nfa Fee,USD,MGCQ5
DEMO4543231,247302404076,07/03/2025 18:09:00,2025-07-04,-0.35,"48,711.14", Commission,USD,MGCQ5
DEMO4543231,247302404082,07/03/2025 18:09:07,2025-07-04,-0.50,"48,710.64", Exchange Fee,USD,MGCQ5
DEMO4543231,247302404083,07/03/2025 18:09:07,2025-07-04,-0.19,"48,710.45", Clearing Fee,USD,MGCQ5
DEMO4543231,247302404084,07/03/2025 18:09:07,2025-07-04,-0.02,"48,710.43", Nfa Fee,USD,MGCQ5
DEMO4543231,247302404085,07/03/2025 18:09:07,2025-07-04,-0.35,"48,710.08", Commission,USD,MGCQ5
DEMO4543231,247302404088,07/03/2025 18:09:07,2025-07-04,-6.00,"48,704.08", Trade Paired,USD,MGCQ5
DEMO4543231,247302404093,07/03/2025 18:10:01,2025-07-04,-0.35,"48,703.73", Exchange Fee,USD,MESU5
DEMO4543231,247302404094,07/03/2025 18:10:01,2025-07-04,-0.19,"48,703.54", Clearing Fee,USD,MESU5
DEMO4543231,247302404095,07/03/2025 18:10:01,2025-07-04,-0.02,"48,703.52", Nfa Fee,USD,MESU5
DEMO4543231,247302404096,07/03/2025 18:10:01,2025-07-04,-0.35,"48,703.17", Commission,USD,MESU5
DEMO4543231,247302404102,07/03/2025 18:12:16,2025-07-04,-1.15,"48,702.02", Exchange Fee,USD,MBTN5
DEMO4543231,247302404103,07/03/2025 18:12:16,2025-07-04,-0.19,"48,701.83", Clearing Fee,USD,MBTN5
DEMO4543231,247302404104,07/03/2025 18:12:16,2025-07-04,-0.02,"48,701.81", Nfa Fee,USD,MBTN5
DEMO4543231,247302404105,07/03/2025 18:12:16,2025-07-04,-0.35,"48,701.46", Commission,USD,MBTN5
DEMO4543231,247302404111,07/03/2025 18:12:44,2025-07-04,-1.15,"48,700.31", Exchange Fee,USD,MBTN5
DEMO4543231,247302404112,07/03/2025 18:12:44,2025-07-04,-0.19,"48,700.12", Clearing Fee,USD,MBTN5
DEMO4543231,247302404113,07/03/2025 18:12:44,2025-07-04,-0.02,"48,700.10", Nfa Fee,USD,MBTN5
DEMO4543231,247302404114,07/03/2025 18:12:44,2025-07-04,-0.35,"48,699.75", Commission,USD,MBTN5
DEMO4543231,247302404117,07/03/2025 18:12:44,2025-07-04,-4.50,"48,695.25", Trade Paired,USD,MBTN5
DEMO4543231,247302404122,07/03/2025 18:15:09,2025-07-04,-0.50,"48,694.75", Exchange Fee,USD,MGCQ5
DEMO4543231,247302404123,07/03/2025 18:15:09,2025-07-04,-0.19,"48,694.56", Clearing Fee,USD,MGCQ5
DEMO4543231,247302404124,07/03/2025 18:15:09,2025-07-04,-0.02,"48,694.54", Nfa Fee,USD,MGCQ5
DEMO4543231,247302404125,07/03/2025 18:15:09,2025-07-04,-0.35,"48,694.19", Commission,USD,MGCQ5
DEMO4543231,247302404131,07/03/2025 18:21:06,2025-07-04,-1.15,"48,693.04", Exchange Fee,USD,MBTN5
DEMO4543231,247302404132,07/03/2025 18:21:06,2025-07-04,-0.19,"48,692.85", Clearing Fee,USD,MBTN5
DEMO4543231,247302404133,07/03/2025 18:21:06,2025-07-04,-0.02,"48,692.83", Nfa Fee,USD,MBTN5
DEMO4543231,247302404134,07/03/2025 18:21:06,2025-07-04,-0.35,"48,692.48", Commission,USD,MBTN5
DEMO4543231,247302404140,07/03/2025 18:22:55,2025-07-04,-1.15,"48,691.33", Exchange Fee,USD,MBTN5
DEMO4543231,247302404141,07/03/2025 18:22:55,2025-07-04,-0.19,"48,691.14", Clearing Fee,USD,MBTN5
DEMO4543231,247302404142,07/03/2025 18:22:55,2025-07-04,-0.02,"48,691.12", Nfa Fee,USD,MBTN5
DEMO4543231,247302404143,07/03/2025 18:22:55,2025-07-04,-0.35,"48,690.77", Commission,USD,MBTN5
DEMO4543231,247302404146,07/03/2025 18:22:55,2025-07-04,-5.00,"48,685.77", Trade Paired,USD,MBTN5
DEMO4543231,247302404151,07/03/2025 18:27:01,2025-07-04,-1.15,"48,684.62", Exchange Fee,USD,MBTN5
DEMO4543231,247302404152,07/03/2025 18:27:01,2025-07-04,-0.19,"48,684.43", Clearing Fee,USD,MBTN5
DEMO4543231,247302404153,07/03/2025 18:27:01,2025-07-04,-0.02,"48,684.41", Nfa Fee,USD,MBTN5
DEMO4543231,247302404154,07/03/2025 18:27:01,2025-07-04,-0.35,"48,684.06", Commission,USD,MBTN5
DEMO4543231,247302404160,07/03/2025 18:27:10,2025-07-04,-1.15,"48,682.91", Exchange Fee,USD,MBTN5
DEMO4543231,247302404161,07/03/2025 18:27:10,2025-07-04,-0.19,"48,682.72", Clearing Fee,USD,MBTN5
DEMO4543231,247302404162,07/03/2025 18:27:10,2025-07-04,-0.02,"48,682.70", Nfa Fee,USD,MBTN5
DEMO4543231,247302404163,07/03/2025 18:27:10,2025-07-04,-0.35,"48,682.35", Commission,USD,MBTN5
DEMO4543231,247302404166,07/03/2025 18:27:10,2025-07-04,-4.00,"48,678.35", Trade Paired,USD,MBTN5
DEMO4543231,247302404171,07/03/2025 18:28:06,2025-07-04,-0.50,"48,677.85", Exchange Fee,USD,MGCQ5
DEMO4543231,247302404172,07/03/2025 18:28:06,2025-07-04,-0.19,"48,677.66", Clearing Fee,USD,MGCQ5
DEMO4543231,247302404173,07/03/2025 18:28:06,2025-07-04,-0.02,"48,677.64", Nfa Fee,USD,MGCQ5
DEMO4543231,247302404174,07/03/2025 18:28:06,2025-07-04,-0.35,"48,677.29", Commission,USD,MGCQ5
DEMO4543231,247302404177,07/03/2025 18:28:06,2025-07-04,6.00,"48,683.29", Trade Paired,USD,MGCQ5
DEMO4543231,247302404182,07/03/2025 18:33:01,2025-07-04,-1.15,"48,682.14", Exchange Fee,USD,MBTN5
DEMO4543231,247302404183,07/03/2025 18:33:01,2025-07-04,-0.19,"48,681.95", Clearing Fee,USD,MBTN5
DEMO4543231,247302404184,07/03/2025 18:33:01,2025-07-04,-0.02,"48,681.93", Nfa Fee,USD,MBTN5
DEMO4543231,247302404185,07/03/2025 18:33:01,2025-07-04,-0.35,"48,681.58", Commission,USD,MBTN5
DEMO4543231,247302404191,07/03/2025 18:37:49,2025-07-04,-0.35,"48,681.23", Exchange Fee,USD,MESU5
DEMO4543231,247302404192,07/03/2025 18:37:49,2025-07-04,-0.19,"48,681.04", Clearing Fee,USD,MESU5
DEMO4543231,247302404193,07/03/2025 18:37:49,2025-07-04,-0.02,"48,681.02", Nfa Fee,USD,MESU5
DEMO4543231,247302404194,07/03/2025 18:37:49,2025-07-04,-0.35,"48,680.67", Commission,USD,MESU5
DEMO4543231,247302404197,07/03/2025 18:37:49,2025-07-04,8.75,"48,689.42", Trade Paired,USD,MESU5
DEMO4543231,247302404202,07/03/2025 18:39:03,2025-07-04,-1.15,"48,688.27", Exchange Fee,USD,MBTN5
DEMO4543231,247302404203,07/03/2025 18:39:03,2025-07-04,-0.19,"48,688.08", Clearing Fee,USD,MBTN5
DEMO4543231,247302404204,07/03/2025 18:39:03,2025-07-04,-0.02,"48,688.06", Nfa Fee,USD,MBTN5
DEMO4543231,247302404205,07/03/2025 18:39:03,2025-07-04,-0.35,"48,687.71", Commission,USD,MBTN5
DEMO4543231,247302404208,07/03/2025 18:39:03,2025-07-04,2.00,"48,689.71", Trade Paired,USD,MBTN5
DEMO4543231,247302404213,07/03/2025 18:42:01,2025-07-04,-0.50,"48,689.21", Exchange Fee,USD,MGCQ5
DEMO4543231,247302404214,07/03/2025 18:42:01,2025-07-04,-0.19,"48,689.02", Clearing Fee,USD,MGCQ5
DEMO4543231,247302404215,07/03/2025 18:42:01,2025-07-04,-0.02,"48,689.00", Nfa Fee,USD,MGCQ5
DEMO4543231,247302404216,07/03/2025 18:42:01,2025-07-04,-0.35,"48,688.65", Commission,USD,MGCQ5
DEMO4543231,247302404222,07/03/2025 18:49:48,2025-07-04,-0.50,"48,688.15", Exchange Fee,USD,MGCQ5
DEMO4543231,247302404223,07/03/2025 18:49:48,2025-07-04,-0.19,"48,687.96", Clearing Fee,USD,MGCQ5
DEMO4543231,247302404224,07/03/2025 18:49:48,2025-07-04,-0.02,"48,687.94", Nfa Fee,USD,MGCQ5
DEMO4543231,247302404225,07/03/2025 18:49:48,2025-07-04,-0.35,"48,687.59", Commission,USD,MGCQ5
DEMO4543231,247302404228,07/03/2025 18:49:48,2025-07-04,4.00,"48,691.59", Trade Paired,USD,MGCQ5
DEMO4543231,247302404233,07/03/2025 18:51:03,2025-07-04,-0.50,"48,691.09", Exchange Fee,USD,MGCQ5
DEMO4543231,247302404234,07/03/2025 18:51:03,2025-07-04,-0.19,"48,690.90", Clearing Fee,USD,MGCQ5
DEMO4543231,247302404235,07/03/2025 18:51:03,2025-07-04,-0.02,"48,690.88", Nfa Fee,USD,MGCQ5
DEMO4543231,247302404236,07/03/2025 18:51:03,2025-07-04,-0.35,"48,690.53", Commission,USD,MGCQ5
DEMO4543231,247302404242,07/03/2025 18:51:15,2025-07-04,-1.15,"48,689.38", Exchange Fee,USD,MBTN5
DEMO4543231,247302404243,07/03/2025 18:51:15,2025-07-04,-0.19,"48,689.19", Clearing Fee,USD,MBTN5
DEMO4543231,247302404244,07/03/2025 18:51:15,2025-07-04,-0.02,"48,689.17", Nfa Fee,USD,MBTN5
DEMO4543231,247302404245,07/03/2025 18:51:15,2025-07-04,-0.35,"48,688.82", Commission,USD,MBTN5
DEMO4543231,247302404251,07/03/2025 18:52:27,2025-07-04,-0.50,"48,688.32", Exchange Fee,USD,MGCQ5
DEMO4543231,247302404252,07/03/2025 18:52:27,2025-07-04,-0.19,"48,688.13", Clearing Fee,USD,MGCQ5
DEMO4543231,247302404253,07/03/2025 18:52:27,2025-07-04,-0.02,"48,688.11", Nfa Fee,USD,MGCQ5
DEMO4543231,247302404254,07/03/2025 18:52:27,2025-07-04,-0.35,"48,687.76", Commission,USD,MGCQ5
DEMO4543231,247302404257,07/03/2025 18:52:27,2025-07-04,8.00,"48,695.76", Trade Paired,USD,MGCQ5
DEMO4543231,247302404262,07/03/2025 19:03:00,2025-07-04,-0.50,"48,695.26", Exchange Fee,USD,MGCQ5
DEMO4543231,247302404263,07/03/2025 19:03:00,2025-07-04,-0.19,"48,695.07", Clearing Fee,USD,MGCQ5
DEMO4543231,247302404264,07/03/2025 19:03:00,2025-07-04,-0.02,"48,695.05", Nfa Fee,USD,MGCQ5
DEMO4543231,247302404265,07/03/2025 19:03:00,2025-07-04,-0.35,"48,694.70", Commission,USD,MGCQ5
DEMO4543231,247302404271,07/03/2025 19:03:37,2025-07-04,-1.15,"48,693.55", Exchange Fee,USD,MBTN5
DEMO4543231,247302404272,07/03/2025 19:03:37,2025-07-04,-0.19,"48,693.36", Clearing Fee,USD,MBTN5
DEMO4543231,247302404273,07/03/2025 19:03:37,2025-07-04,-0.02,"48,693.34", Nfa Fee,USD,MBTN5
DEMO4543231,247302404274,07/03/2025 19:03:37,2025-07-04,-0.35,"48,692.99", Commission,USD,MBTN5
DEMO4543231,247302404277,07/03/2025 19:03:37,2025-07-04,3.50,"48,696.49", Trade Paired,USD,MBTN5
DEMO4543231,247302404282,07/03/2025 19:05:01,2025-07-04,-0.35,"48,696.14", Exchange Fee,USD,MESU5
DEMO4543231,247302404283,07/03/2025 19:05:01,2025-07-04,-0.19,"48,695.95", Clearing Fee,USD,MESU5
DEMO4543231,247302404284,07/03/2025 19:05:01,2025-07-04,-0.02,"48,695.93", Nfa Fee,USD,MESU5
DEMO4543231,247302404285,07/03/2025 19:05:01,2025-07-04,-0.35,"48,695.58", Commission,USD,MESU5
DEMO4543231,247302404291,07/03/2025 19:05:11,2025-07-04,-0.50,"48,695.08", Exchange Fee,USD,MGCQ5
DEMO4543231,247302404292,07/03/2025 19:05:11,2025-07-04,-0.19,"48,694.89", Clearing Fee,USD,MGCQ5
DEMO4543231,247302404293,07/03/2025 19:05:11,2025-07-04,-0.02,"48,694.87", Nfa Fee,USD,MGCQ5
DEMO4543231,247302404294,07/03/2025 19:05:11,2025-07-04,-0.35,"48,694.52", Commission,USD,MGCQ5
DEMO4543231,247302404297,07/03/2025 19:05:11,2025-07-04,-9.00,"48,685.52", Trade Paired,USD,MGCQ5
DEMO4543231,247302404302,07/03/2025 19:12:05,2025-07-04,-0.50,"48,685.02", Exchange Fee,USD,MGCQ5
DEMO4543231,247302404303,07/03/2025 19:12:05,2025-07-04,-0.19,"48,684.83", Clearing Fee,USD,MGCQ5
DEMO4543231,247302404304,07/03/2025 19:12:05,2025-07-04,-0.02,"48,684.81", Nfa Fee,USD,MGCQ5
DEMO4543231,247302404305,07/03/2025 19:12:05,2025-07-04,-0.35,"48,684.46", Commission,USD,MGCQ5
DEMO4543231,247302404311,07/03/2025 19:13:24,2025-07-04,-0.35,"48,684.11", Exchange Fee,USD,MESU5
DEMO4543231,247302404312,07/03/2025 19:13:24,2025-07-04,-0.19,"48,683.92", Clearing Fee,USD,MESU5
DEMO4543231,247302404313,07/03/2025 19:13:24,2025-07-04,-0.02,"48,683.90", Nfa Fee,USD,MESU5
DEMO4543231,247302404314,07/03/2025 19:13:24,2025-07-04,-0.35,"48,683.55", Commission,USD,MESU5
DEMO4543231,247302404317,07/03/2025 19:13:24,2025-07-04,-13.75,"48,669.80", Trade Paired,USD,MESU5
DEMO4543231,247302404322,07/03/2025 19:15:50,2025-07-04,-0.50,"48,669.30", Exchange Fee,USD,MGCQ5
DEMO4543231,247302404323,07/03/2025 19:15:50,2025-07-04,-0.19,"48,669.11", Clearing Fee,USD,MGCQ5
DEMO4543231,247302404324,07/03/2025 19:15:50,2025-07-04,-0.02,"48,669.09", Nfa Fee,USD,MGCQ5
DEMO4543231,247302404325,07/03/2025 19:15:50,2025-07-04,-0.35,"48,668.74", Commission,USD,MGCQ5
DEMO4543231,247302404328,07/03/2025 19:15:50,2025-07-04,6.00,"48,674.74", Trade Paired,USD,MGCQ5
DEMO4543231,247302404333,07/03/2025 19:25:06,2025-07-04,-0.35,"48,674.39", Exchange Fee,USD,MESU5
DEMO4543231,247302404334,07/03/2025 19:25:06,2025-07-04,-0.19,"48,674.20", Clearing Fee,USD,MESU5
DEMO4543231,247302404335,07/03/2025 19:25:06,2025-07-04,-0.02,"48,674.18", Nfa Fee,USD,MESU5
DEMO4543231,247302404336,07/03/2025 19:25:06,2025-07-04,-0.35,"48,673.83", Commission,USD,MESU5
DEMO4543231,247302404342,07/03/2025 19:27:03,2025-07-04,-1.15,"48,672.68", Exchange Fee,USD,MBTN5
DEMO4543231,247302404343,07/03/2025 19:27:03,2025-07-04,-0.19,"48,672.49", Clearing Fee,USD,MBTN5
DEMO4543231,247302404344,07/03/2025 19:27:03,2025-07-04,-0.02,"48,672.47", Nfa Fee,USD,MBTN5
DEMO4543231,247302404345,07/03/2025 19:27:03,2025-07-04,-0.35,"48,672.12", Commission,USD,MBTN5
DEMO4543231,247302404351,07/03/2025 19:30:05,2025-07-04,-0.50,"48,671.62", Exchange Fee,USD,MGCQ5
DEMO4543231,247302404352,07/03/2025 19:30:05,2025-07-04,-0.19,"48,671.43", Clearing Fee,USD,MGCQ5
DEMO4543231,247302404353,07/03/2025 19:30:05,2025-07-04,-0.02,"48,671.41", Nfa Fee,USD,MGCQ5
DEMO4543231,247302404354,07/03/2025 19:30:05,2025-07-04,-0.35,"48,671.06", Commission,USD,MGCQ5
DEMO4543231,247302404360,07/03/2025 19:32:02,2025-07-04,-0.50,"48,670.56", Exchange Fee,USD,MGCQ5
DEMO4543231,247302404361,07/03/2025 19:32:02,2025-07-04,-0.19,"48,670.37", Clearing Fee,USD,MGCQ5
DEMO4543231,247302404362,07/03/2025 19:32:02,2025-07-04,-0.02,"48,670.35", Nfa Fee,USD,MGCQ5
DEMO4543231,247302404363,07/03/2025 19:32:02,2025-07-04,-0.35,"48,670.00", Commission,USD,MGCQ5
DEMO4543231,247302404366,07/03/2025 19:32:02,2025-07-04,7.00,"48,677.00", Trade Paired,USD,MGCQ5
DEMO4543231,247302404371,07/03/2025 19:39:02,2025-07-04,-0.50,"48,676.50", Exchange Fee,USD,MGCQ5
DEMO4543231,247302404372,07/03/2025 19:39:02,2025-07-04,-0.19,"48,676.31", Clearing Fee,USD,MGCQ5
DEMO4543231,247302404373,07/03/2025 19:39:02,2025-07-04,-0.02,"48,676.29", Nfa Fee,USD,MGCQ5
DEMO4543231,247302404374,07/03/2025 19:39:02,2025-07-04,-0.35,"48,675.94", Commission,USD,MGCQ5
DEMO4543231,247302404380,07/03/2025 19:41:06,2025-07-04,-1.15,"48,674.79", Exchange Fee,USD,MBTN5
DEMO4543231,247302404381,07/03/2025 19:41:06,2025-07-04,-0.19,"48,674.60", Clearing Fee,USD,MBTN5
DEMO4543231,247302404382,07/03/2025 19:41:06,2025-07-04,-0.02,"48,674.58", Nfa Fee,USD,MBTN5
DEMO4543231,247302404383,07/03/2025 19:41:06,2025-07-04,-0.35,"48,674.23", Commission,USD,MBTN5
DEMO4543231,247302404386,07/03/2025 19:41:06,2025-07-04,-9.50,"48,664.73", Trade Paired,USD,MBTN5
DEMO4543231,247302404391,07/03/2025 19:42:23,2025-07-04,-0.50,"48,664.23", Exchange Fee,USD,MGCQ5
DEMO4543231,247302404392,07/03/2025 19:42:23,2025-07-04,-0.19,"48,664.04", Clearing Fee,USD,MGCQ5
DEMO4543231,247302404393,07/03/2025 19:42:23,2025-07-04,-0.02,"48,664.02", Nfa Fee,USD,MGCQ5
DEMO4543231,247302404394,07/03/2025 19:42:23,2025-07-04,-0.35,"48,663.67", Commission,USD,MGCQ5
DEMO4543231,247302404397,07/03/2025 19:42:23,2025-07-04,-10.00,"48,653.67", Trade Paired,USD,MGCQ5
DEMO4543231,247302404402,07/03/2025 19:45:00,2025-07-04,-0.50,"48,653.17", Exchange Fee,USD,MGCQ5
DEMO4543231,247302404403,07/03/2025 19:45:00,2025-07-04,-0.19,"48,652.98", Clearing Fee,USD,MGCQ5
DEMO4543231,247302404404,07/03/2025 19:45:00,2025-07-04,-0.02,"48,652.96", Nfa Fee,USD,MGCQ5
DEMO4543231,247302404405,07/03/2025 19:45:00,2025-07-04,-0.35,"48,652.61", Commission,USD,MGCQ5
DEMO4543231,247302404411,07/03/2025 19:48:42,2025-07-04,-1.15,"48,651.46", Exchange Fee,USD,MBTN5
DEMO4543231,247302404412,07/03/2025 19:48:42,2025-07-04,-0.19,"48,651.27", Clearing Fee,USD,MBTN5
DEMO4543231,247302404413,07/03/2025 19:48:42,2025-07-04,-0.02,"48,651.25", Nfa Fee,USD,MBTN5
DEMO4543231,247302404414,07/03/2025 19:48:42,2025-07-04,-0.35,"48,650.90", Commission,USD,MBTN5
DEMO4543231,247302404420,07/03/2025 19:51:04,2025-07-04,-1.15,"48,649.75", Exchange Fee,USD,MBTN5
DEMO4543231,247302404421,07/03/2025 19:51:04,2025-07-04,-0.19,"48,649.56", Clearing Fee,USD,MBTN5
DEMO4543231,247302404422,07/03/2025 19:51:04,2025-07-04,-0.02,"48,649.54", Nfa Fee,USD,MBTN5
DEMO4543231,247302404423,07/03/2025 19:51:04,2025-07-04,-0.35,"48,649.19", Commission,USD,MBTN5
DEMO4543231,247302404426,07/03/2025 19:51:04,2025-07-04,0.50,"48,649.69", Trade Paired,USD,MBTN5
DEMO4543231,247302404431,07/03/2025 19:52:20,2025-07-04,-0.50,"48,649.19", Exchange Fee,USD,MGCQ5
DEMO4543231,247302404432,07/03/2025 19:52:20,2025-07-04,-0.19,"48,649.00", Clearing Fee,USD,MGCQ5
DEMO4543231,247302404433,07/03/2025 19:52:20,2025-07-04,-0.02,"48,648.98", Nfa Fee,USD,MGCQ5
DEMO4543231,247302404434,07/03/2025 19:52:20,2025-07-04,-0.35,"48,648.63", Commission,USD,MGCQ5
DEMO4543231,247302404437,07/03/2025 19:52:20,2025-07-04,-11.00,"48,637.63", Trade Paired,USD,MGCQ5
DEMO4543231,247302404442,07/03/2025 19:57:01,2025-07-04,-0.50,"48,637.13", Exchange Fee,USD,MGCQ5
DEMO4543231,247302404443,07/03/2025 19:57:01,2025-07-04,-0.19,"48,636.94", Clearing Fee,USD,MGCQ5
DEMO4543231,247302404444,07/03/2025 19:57:01,2025-07-04,-0.02,"48,636.92", Nfa Fee,USD,MGCQ5
DEMO4543231,247302404445,07/03/2025 19:57:01,2025-07-04,-0.35,"48,636.57", Commission,USD,MGCQ5
DEMO4543231,247302404451,07/03/2025 19:57:24,2025-07-04,-1.15,"48,635.42", Exchange Fee,USD,MBTN5
DEMO4543231,247302404452,07/03/2025 19:57:24,2025-07-04,-0.19,"48,635.23", Clearing Fee,USD,MBTN5
DEMO4543231,247302404453,07/03/2025 19:57:24,2025-07-04,-0.02,"48,635.21", Nfa Fee,USD,MBTN5
DEMO4543231,247302404454,07/03/2025 19:57:24,2025-07-04,-0.35,"48,634.86", Commission,USD,MBTN5
DEMO4543231,247302404460,07/03/2025 19:59:47,2025-07-04,-0.50,"48,634.36", Exchange Fee,USD,MGCQ5
DEMO4543231,247302404461,07/03/2025 19:59:47,2025-07-04,-0.19,"48,634.17", Clearing Fee,USD,MGCQ5
DEMO4543231,247302404462,07/03/2025 19:59:47,2025-07-04,-0.02,"48,634.15", Nfa Fee,USD,MGCQ5
DEMO4543231,247302404463,07/03/2025 19:59:47,2025-07-04,-0.35,"48,633.80", Commission,USD,MGCQ5
DEMO4543231,247302404466,07/03/2025 19:59:47,2025-07-04,-8.00,"48,625.80", Trade Paired,USD,MGCQ5
DEMO4543231,247302404471,07/03/2025 20:07:30,2025-07-04,-0.35,"48,625.45", Exchange Fee,USD,MESU5
DEMO4543231,247302404472,07/03/2025 20:07:30,2025-07-04,-0.19,"48,625.26", Clearing Fee,USD,MESU5
DEMO4543231,247302404473,07/03/2025 20:07:30,2025-07-04,-0.02,"48,625.24", Nfa Fee,USD,MESU5
DEMO4543231,247302404474,07/03/2025 20:07:30,2025-07-04,-0.35,"48,624.89", Commission,USD,MESU5
DEMO4543231,247302404477,07/03/2025 20:07:30,2025-07-04,-16.25,"48,608.64", Trade Paired,USD,MESU5
DEMO4543231,247302404482,07/03/2025 20:11:42,2025-07-04,-1.15,"48,607.49", Exchange Fee,USD,MBTN5
DEMO4543231,247302404483,07/03/2025 20:11:42,2025-07-04,-0.19,"48,607.30", Clearing Fee,USD,MBTN5
DEMO4543231,247302404484,07/03/2025 20:11:42,2025-07-04,-0.02,"48,607.28", Nfa Fee,USD,MBTN5
DEMO4543231,247302404485,07/03/2025 20:11:42,2025-07-04,-0.35,"48,606.93", Commission,USD,MBTN5
DEMO4543231,247302404488,07/03/2025 20:11:42,2025-07-04,-9.00,"48,597.93", Trade Paired,USD,MBTN5
DEMO4543231,247302404493,07/03/2025 20:15:00,2025-07-04,-0.35,"48,597.58", Exchange Fee,USD,MESU5
DEMO4543231,247302404494,07/03/2025 20:15:00,2025-07-04,-0.19,"48,597.39", Clearing Fee,USD,MESU5
DEMO4543231,247302404495,07/03/2025 20:15:00,2025-07-04,-0.02,"48,597.37", Nfa Fee,USD,MESU5
DEMO4543231,247302404496,07/03/2025 20:15:00,2025-07-04,-0.35,"48,597.02", Commission,USD,MESU5
DEMO4543231,247302404502,07/03/2025 20:15:04,2025-07-04,-1.15,"48,595.87", Exchange Fee,USD,MBTN5
DEMO4543231,247302404503,07/03/2025 20:15:04,2025-07-04,-0.19,"48,595.68", Clearing Fee,USD,MBTN5
DEMO4543231,247302404504,07/03/2025 20:15:04,2025-07-04,-0.02,"48,595.66", Nfa Fee,USD,MBTN5
DEMO4543231,247302404505,07/03/2025 20:15:04,2025-07-04,-0.35,"48,595.31", Commission,USD,MBTN5
DEMO4543231,247302404511,07/03/2025 20:16:05,2025-07-04,-1.15,"48,594.16", Exchange Fee,USD,MBTN5
DEMO4543231,247302404512,07/03/2025 20:16:05,2025-07-04,-0.19,"48,593.97", Clearing Fee,USD,MBTN5
DEMO4543231,247302404513,07/03/2025 20:16:05,2025-07-04,-0.02,"48,593.95", Nfa Fee,USD,MBTN5
DEMO4543231,247302404514,07/03/2025 20:16:05,2025-07-04,-0.35,"48,593.60", Commission,USD,MBTN5
DEMO4543231,247302404517,07/03/2025 20:16:05,2025-07-04,-7.00,"48,586.60", Trade Paired,USD,MBTN5
DEMO4543231,247302404522,07/03/2025 20:18:04,2025-07-04,-0.50,"48,586.10", Exchange Fee,USD,MGCQ5
DEMO4543231,247302404523,07/03/2025 20:18:04,2025-07-04,-0.19,"48,585.91", Clearing Fee,USD,MGCQ5
DEMO4543231,247302404524,07/03/2025 20:18:04,2025-07-04,-0.02,"48,585.89", Nfa Fee,USD,MGCQ5
DEMO4543231,247302404525,07/03/2025 20:18:04,2025-07-04,-0.35,"48,585.54", Commission,USD,MGCQ5
DEMO4543231,247302404531,07/03/2025 20:19:25,2025-07-04,-0.50,"48,585.04", Exchange Fee,USD,MGCQ5
DEMO4543231,247302404532,07/03/2025 20:19:25,2025-07-04,-0.19,"48,584.85", Clearing Fee,USD,MGCQ5
DEMO4543231,247302404533,07/03/2025 20:19:25,2025-07-04,-0.02,"48,584.83", Nfa Fee,USD,MGCQ5
DEMO4543231,247302404534,07/03/2025 20:19:25,2025-07-04,-0.35,"48,584.48", Commission,USD,MGCQ5
DEMO4543231,247302404537,07/03/2025 20:19:25,2025-07-04,11.00,"48,595.48", Trade Paired,USD,MGCQ5
DEMO4543231,247302404542,07/03/2025 20:23:06,2025-07-04,-0.35,"48,595.13", Exchange Fee,USD,MESU5
DEMO4543231,247302404543,07/03/2025 20:23:06,2025-07-04,-0.19,"48,594.94", Clearing Fee,USD,MESU5
DEMO4543231,247302404544,07/03/2025 20:23:06,2025-07-04,-0.02,"48,594.92", Nfa Fee,USD,MESU5
DEMO4543231,247302404545,07/03/2025 20:23:06,2025-07-04,-0.35,"48,594.57", Commission,USD,MESU5
DEMO4543231,247302404548,07/03/2025 20:23:06,2025-07-04,-12.50,"48,582.07", Trade Paired,USD,MESU5
DEMO4543231,247302404553,07/03/2025 20:27:11,2025-07-04,-1.15,"48,580.92", Exchange Fee,USD,MBTN5
DEMO4543231,247302404554,07/03/2025 20:27:11,2025-07-04,-0.19,"48,580.73", Clearing Fee,USD,MBTN5
DEMO4543231,247302404555,07/03/2025 20:27:11,2025-07-04,-0.02,"48,580.71", Nfa Fee,USD,MBTN5
DEMO4543231,247302404556,07/03/2025 20:27:11,2025-07-04,-0.35,"48,580.36", Commission,USD,MBTN5
