orderId,Account,Order ID,B/S,Contract,Product,Product Description,avgPrice,filledQty,Fill Time,lastCommandId,Status,_priceFormat,_priceFormatType,_tickSize,spreadDefinitionId,Version ID,Timestamp,Date,Quantity,Text,Type,Limit Price,Stop Price,decimalLimit,decimalStop,Filled Qty,Avg Fill Price,decimalFillAvg
239056644871,DEMO4543231,239056644871, Buy,MESU5,MES,Micro E-mini S&P 500,6248.0,1,06/30/2025 00:00:18,239056644871, Filled,-2,0,0.25,,239056644871,06/30/2025 00:00:18,6/30/25,1,, Market,,,,,1,6248.00,6248.0
239056644881,DEMO4543231,239056644881, Sell,MESU5,MES,Micro E-mini S&P 500,6248.25,1,06/30/2025 00:04:23,239056644881, Filled,-2,0,0.25,,239056644881,06/30/2025 00:04:23,6/30/25,1,, Market,,,,,1,6248.25,6248.25
239056644892,DEMO4543231,239056644892, Buy,MESU5,MES,Micro E-mini S&P 500,6248.75,1,06/30/2025 00:15:03,239056644892, Filled,-2,0,0.25,,239056644892,06/30/2025 00:15:03,6/30/25,1,, Market,,,,,1,6248.75,6248.75
239056644901,DEMO4543231,239056644901, Sell,MESU5,MES,Micro E-mini S&P 500,6249.75,1,06/30/2025 00:39:18,239056644901, Filled,-2,0,0.25,,239056644901,06/30/2025 00:39:18,6/30/25,1,, Market,,,,,1,6249.75,6249.75
239056644912,DEMO4543231,239056644912, Buy,MGCQ5,MGC,E-Micro Gold,3296.9,1,06/30/2025 01:00:03,239056644912, Filled,-1,0,0.1,,239056644912,06/30/2025 01:00:03,6/30/25,1,, Market,,,,,1,3296.9,3296.9
239056644922,DEMO4543231,239056644922, Sell,MGCQ5,MGC,E-Micro Gold,3297.4,1,06/30/2025 01:00:21,239056644922, Filled,-1,0,0.1,,239056644922,06/30/2025 01:00:21,6/30/25,1,, Market,,,,,1,3297.4,3297.4
239056644933,DEMO4543231,239056644933, Sell,MESU5,MES,Micro E-mini S&P 500,6249.0,1,06/30/2025 01:15:00,239056644933, Filled,-2,0,0.25,,239056644933,06/30/2025 01:15:00,6/30/25,1,, Market,,,,,1,6249.00,6249.0
239056644942,DEMO4543231,239056644942, Buy,MESU5,MES,Micro E-mini S&P 500,6248.5,1,06/30/2025 01:21:24,239056644942, Filled,-2,0,0.25,,239056644942,06/30/2025 01:21:24,6/30/25,1,, Market,,,,,1,6248.50,6248.5
239056644953,DEMO4543231,239056644953, Buy,MGCQ5,MGC,E-Micro Gold,3300.3,1,06/30/2025 01:30:01,239056644953, Filled,-1,0,0.1,,239056644953,06/30/2025 01:30:01,6/30/25,1,, Market,,,,,1,3300.3,3300.3
239056644962,DEMO4543231,239056644962, Buy,MCLQ5,MCL,Micro Crude Oil,65.31,1,06/30/2025 01:30:04,239056644962, Filled,-2,0,0.01,,239056644962,06/30/2025 01:30:04,6/30/25,1,, Market,,,,,1,65.31,65.31
239056644970,DEMO4543231,239056644970, Sell,MGCQ5,MGC,E-Micro Gold,3300.2000000000003,1,06/30/2025 01:30:11,239056644970, Filled,-1,0,0.1,,239056644970,06/30/2025 01:30:11,6/30/25,1,, Market,,,,,1,3300.2,3300.2000000000003
239056644981,DEMO4543231,239056644981, Sell,MCLQ5,MCL,Micro Crude Oil,65.3,1,06/30/2025 01:30:13,239056644981, Filled,-2,0,0.01,,239056644981,06/30/2025 01:30:13,6/30/25,1,, Market,,,,,1,65.30,65.3
239056644990,DEMO4543231,239056644990, Buy,MESU5,MES,Micro E-mini S&P 500,6250.75,1,06/30/2025 01:45:08,239056644990, Filled,-2,0,0.25,,239056644990,06/30/2025 01:45:08,6/30/25,1,, Market,,,,,1,6250.75,6250.75
239056644999,DEMO4543231,239056644999, Sell,MESU5,MES,Micro E-mini S&P 500,6250.75,1,06/30/2025 01:47:38,239056644999, Filled,-2,0,0.25,,239056644999,06/30/2025 01:47:38,6/30/25,1,, Market,,,,,1,6250.75,6250.75
239056645010,DEMO4543231,239056645010, Buy,MGCQ5,MGC,E-Micro Gold,3299.8,1,06/30/2025 02:00:00,239056645010, Filled,-1,0,0.1,,239056645010,06/30/2025 02:00:00,6/30/25,1,, Market,,,,,1,3299.8,3299.8
239056645019,DEMO4543231,239056645019, Buy,MESU5,MES,Micro E-mini S&P 500,6251.0,1,06/30/2025 02:00:11,239056645019, Filled,-2,0,0.25,,239056645019,06/30/2025 02:00:11,6/30/25,1,, Market,,,,,1,6251.00,6251.0
239056645028,DEMO4543231,239056645028, Sell,MGCQ5,MGC,E-Micro Gold,3300.3,1,06/30/2025 02:00:20,239056645028, Filled,-1,0,0.1,,239056645028,06/30/2025 02:00:20,6/30/25,1,, Market,,,,,1,3300.3,3300.3
239056645039,DEMO4543231,239056645039, Buy,MCLQ5,MCL,Micro Crude Oil,65.42,1,06/30/2025 02:00:21,239056645039, Filled,-2,0,0.01,,239056645039,06/30/2025 02:00:21,6/30/25,1,, Market,,,,,1,65.42,65.42
239056645046,DEMO4543231,239056645046, Sell,MCLQ5,MCL,Micro Crude Oil,65.43,1,06/30/2025 02:00:56,239056645046, Filled,-2,0,0.01,,239056645046,06/30/2025 02:00:56,6/30/25,1,, Market,,,,,1,65.43,65.43
239056645055,DEMO4543231,239056645055, Sell,MESU5,MES,Micro E-mini S&P 500,6252.0,1,06/30/2025 02:06:15,239056645055, Filled,-2,0,0.25,,239056645055,06/30/2025 02:06:15,6/30/25,1,, Market,,,,,1,6252.00,6252.0
239056645066,DEMO4543231,239056645066, Buy,MESU5,MES,Micro E-mini S&P 500,6253.75,1,06/30/2025 02:15:00,239056645066, Filled,-2,0,0.25,,239056645066,06/30/2025 02:15:00,6/30/25,1,, Market,,,,,1,6253.75,6253.75
239056645075,DEMO4543231,239056645075, Sell,MESU5,MES,Micro E-mini S&P 500,6254.0,1,06/30/2025 02:15:36,239056645075, Filled,-2,0,0.25,,239056645075,06/30/2025 02:15:36,6/30/25,1,, Market,,,,,1,6254.00,6254.0
239056645086,DEMO4543231,239056645086, Buy,MESU5,MES,Micro E-mini S&P 500,6254.0,1,06/30/2025 02:30:01,239056645086, Filled,-2,0,0.25,,239056645086,06/30/2025 02:30:01,6/30/25,1,, Market,,,,,1,6254.00,6254.0
239056645095,DEMO4543231,239056645095, Buy,MGCQ5,MGC,E-Micro Gold,3301.0,1,06/30/2025 02:30:10,239056645095, Filled,-1,0,0.1,,239056645095,06/30/2025 02:30:10,6/30/25,1,, Market,,,,,1,3301.0,3301.0
239056645104,DEMO4543231,239056645104, Sell,MGCQ5,MGC,E-Micro Gold,3301.5,1,06/30/2025 02:31:14,239056645104, Filled,-1,0,0.1,,239056645104,06/30/2025 02:31:14,6/30/25,1,, Market,,,,,1,3301.5,3301.5
239056645115,DEMO4543231,239056645115, Sell,MESU5,MES,Micro E-mini S&P 500,6250.0,1,06/30/2025 02:44:40,239056645115, Filled,-2,0,0.25,,239056645115,06/30/2025 02:44:40,6/30/25,1,, Market,,,,,1,6250.00,6250.0
239056645126,DEMO4543231,239056645126, Buy,MGCQ5,MGC,E-Micro Gold,3303.4,1,06/30/2025 03:00:00,239056645126, Filled,-1,0,0.1,,239056645126,06/30/2025 03:00:00,6/30/25,1,, Market,,,,,1,3303.4,3303.4
239056645135,DEMO4543231,239056645135, Sell,MGCQ5,MGC,E-Micro Gold,3302.7000000000003,1,06/30/2025 03:00:27,239056645135, Filled,-1,0,0.1,,239056645135,06/30/2025 03:00:27,6/30/25,1,, Market,,,,,1,3302.7,3302.7000000000003
239056645146,DEMO4543231,239056645146, Sell,MESU5,MES,Micro E-mini S&P 500,6245.75,1,06/30/2025 03:15:05,239056645146, Filled,-2,0,0.25,,239056645146,06/30/2025 03:15:05,6/30/25,1,, Market,,,,,1,6245.75,6245.75
239056645155,DEMO4543231,239056645155, Buy,MESU5,MES,Micro E-mini S&P 500,6245.0,1,06/30/2025 03:17:26,239056645155, Filled,-2,0,0.25,,239056645155,06/30/2025 03:17:26,6/30/25,1,, Market,,,,,1,6245.00,6245.0
239056645166,DEMO4543231,239056645166, Buy,MGCQ5,MGC,E-Micro Gold,3306.1000000000004,1,06/30/2025 03:30:14,239056645166, Filled,-1,0,0.1,,239056645166,06/30/2025 03:30:14,6/30/25,1,, Market,,,,,1,3306.1,3306.1000000000004
239056645175,DEMO4543231,239056645175, Sell,MGCQ5,MGC,E-Micro Gold,3306.6000000000004,1,06/30/2025 03:39:07,239056645175, Filled,-1,0,0.1,,239056645175,06/30/2025 03:39:07,6/30/25,1,, Market,,,,,1,3306.6,3306.6000000000004
239056645186,DEMO4543231,239056645186, Buy,MGCQ5,MGC,E-Micro Gold,3304.5,1,06/30/2025 04:30:04,239056645186, Filled,-1,0,0.1,,239056645186,06/30/2025 04:30:04,6/30/25,1,, Market,,,,,1,3304.5,3304.5
239056645195,DEMO4543231,239056645195, Buy,MCLQ5,MCL,Micro Crude Oil,65.71000000000001,1,06/30/2025 04:30:04,239056645195, Filled,-2,0,0.01,,239056645195,06/30/2025 04:30:04,6/30/25,1,, Market,,,,,1,65.71,65.71000000000001
239056645202,DEMO4543231,239056645202, Sell,MGCQ5,MGC,E-Micro Gold,3304.1000000000004,1,06/30/2025 04:30:17,239056645202, Filled,-1,0,0.1,,239056645202,06/30/2025 04:30:17,6/30/25,1,, Market,,,,,1,3304.1,3304.1000000000004
239056645213,DEMO4543231,239056645213, Sell,MCLQ5,MCL,Micro Crude Oil,65.74,1,06/30/2025 04:30:20,239056645213, Filled,-2,0,0.01,,239056645213,06/30/2025 04:30:20,6/30/25,1,, Market,,,,,1,65.74,65.74
239056645222,DEMO4543231,239056645222, Buy,MCLQ5,MCL,Micro Crude Oil,65.51,1,06/30/2025 05:00:01,239056645222, Filled,-2,0,0.01,,239056645222,06/30/2025 05:00:01,6/30/25,1,, Market,,,,,1,65.51,65.51
239056645229,DEMO4543231,239056645229, Sell,MCLQ5,MCL,Micro Crude Oil,65.51,1,06/30/2025 05:11:54,239056645229, Filled,-2,0,0.01,,239056645229,06/30/2025 05:11:54,6/30/25,1,, Market,,,,,1,65.51,65.51
239056645238,DEMO4543231,239056645238, Sell,MGCQ5,MGC,E-Micro Gold,3295.3,1,06/30/2025 05:30:01,239056645238, Filled,-1,0,0.1,,239056645238,06/30/2025 05:30:01,6/30/25,1,, Market,,,,,1,3295.3,3295.3
239056645247,DEMO4543231,239056645247, Buy,MGCQ5,MGC,E-Micro Gold,3293.6000000000004,1,06/30/2025 05:30:34,239056645247, Filled,-1,0,0.1,,239056645247,06/30/2025 05:30:34,6/30/25,1,, Market,,,,,1,3293.6,3293.6000000000004
239056645258,DEMO4543231,239056645258, Buy,MESU5,MES,Micro E-mini S&P 500,6251.25,1,06/30/2025 05:45:00,239056645258, Filled,-2,0,0.25,,239056645258,06/30/2025 05:45:00,6/30/25,1,, Market,,,,,1,6251.25,6251.25
239056645267,DEMO4543231,239056645267, Sell,MESU5,MES,Micro E-mini S&P 500,6247.0,1,06/30/2025 05:50:16,239056645267, Filled,-2,0,0.25,,239056645267,06/30/2025 05:50:16,6/30/25,1,, Market,,,,,1,6247.00,6247.0
239056645278,DEMO4543231,239056645278, Sell,MGCQ5,MGC,E-Micro Gold,3299.4,1,06/30/2025 06:00:14,239056645278, Filled,-1,0,0.1,,239056645278,06/30/2025 06:00:14,6/30/25,1,, Market,,,,,1,3299.4,3299.4
239056645287,DEMO4543231,239056645287, Buy,MGCQ5,MGC,E-Micro Gold,3299.6000000000004,1,06/30/2025 06:00:22,239056645287, Filled,-1,0,0.1,,239056645287,06/30/2025 06:00:22,6/30/25,1,, Market,,,,,1,3299.6,3299.6000000000004
239056645298,DEMO4543231,239056645298, Sell,MGCQ5,MGC,E-Micro Gold,3287.3,1,06/30/2025 07:30:07,239056645298, Filled,-1,0,0.1,,239056645298,06/30/2025 07:30:07,6/30/25,1,, Market,,,,,1,3287.3,3287.3
239056645307,DEMO4543231,239056645307, Buy,MESU5,MES,Micro E-mini S&P 500,6252.75,1,06/30/2025 07:30:09,239056645307, Filled,-2,0,0.25,,239056645307,06/30/2025 07:30:09,6/30/25,1,, Market,,,,,1,6252.75,6252.75
239056645316,DEMO4543231,239056645316, Buy,MGCQ5,MGC,E-Micro Gold,3287.5,1,06/30/2025 07:30:12,239056645316, Filled,-1,0,0.1,,239056645316,06/30/2025 07:30:12,6/30/25,1,, Market,,,,,1,3287.5,3287.5
239056645327,DEMO4543231,239056645327, Sell,MESU5,MES,Micro E-mini S&P 500,6253.0,1,06/30/2025 07:51:16,239056645327, Filled,-2,0,0.25,,239056645327,06/30/2025 07:51:16,6/30/25,1,, Market,,,,,1,6253.00,6253.0
239056645338,DEMO4543231,239056645338, Sell,MESU5,MES,Micro E-mini S&P 500,6247.25,1,06/30/2025 08:30:00,239056645338, Filled,-2,0,0.25,,239056645338,06/30/2025 08:30:00,6/30/25,1,, Market,,,,,1,6247.25,6247.25
239056645347,DEMO4543231,239056645347, Buy,MESU5,MES,Micro E-mini S&P 500,6246.75,1,06/30/2025 08:32:11,239056645347, Filled,-2,0,0.25,,239056645347,06/30/2025 08:32:11,6/30/25,1,, Market,,,,,1,6246.75,6246.75
239056645358,DEMO4543231,239056645358, Sell,MESU5,MES,Micro E-mini S&P 500,6245.0,1,06/30/2025 08:45:03,239056645358, Filled,-2,0,0.25,,239056645358,06/30/2025 08:45:03,6/30/25,1,, Market,,,,,1,6245.00,6245.0
239056645367,DEMO4543231,239056645367, Buy,MESU5,MES,Micro E-mini S&P 500,6244.25,1,06/30/2025 08:45:58,239056645367, Filled,-2,0,0.25,,239056645367,06/30/2025 08:45:58,6/30/25,1,, Market,,,,,1,6244.25,6244.25
239056645378,DEMO4543231,239056645378, Sell,MESU5,MES,Micro E-mini S&P 500,6245.0,1,06/30/2025 09:00:00,239056645378, Filled,-2,0,0.25,,239056645378,06/30/2025 09:00:00,6/30/25,1,, Market,,,,,1,6245.00,6245.0
239056645387,DEMO4543231,239056645387, Buy,MGCQ5,MGC,E-Micro Gold,3293.4,1,06/30/2025 09:00:01,239056645387, Filled,-1,0,0.1,,239056645387,06/30/2025 09:00:01,6/30/25,1,, Market,,,,,1,3293.4,3293.4
239056645396,DEMO4543231,239056645396, Sell,MGCQ5,MGC,E-Micro Gold,3293.4,1,06/30/2025 09:00:23,239056645396, Filled,-1,0,0.1,,239056645396,06/30/2025 09:00:23,6/30/25,1,, Market,,,,,1,3293.4,3293.4
239056645407,DEMO4543231,239056645407, Buy,MESU5,MES,Micro E-mini S&P 500,6249.0,1,06/30/2025 09:20:05,239056645407, Filled,-2,0,0.25,,239056645407,06/30/2025 09:20:05,6/30/25,1,, Market,,,,,1,6249.00,6249.0
239056645418,DEMO4543231,239056645418, Sell,MCLQ5,MCL,Micro Crude Oil,65.25,1,06/30/2025 09:30:09,239056645418, Filled,-2,0,0.01,,239056645418,06/30/2025 09:30:09,6/30/25,1,, Market,,,,,1,65.25,65.25
239056645425,DEMO4543231,239056645425, Buy,MCLQ5,MCL,Micro Crude Oil,65.32000000000001,1,06/30/2025 09:30:36,239056645425, Filled,-2,0,0.01,,239056645425,06/30/2025 09:30:36,6/30/25,1,, Market,,,,,1,65.32,65.32000000000001
239056645434,DEMO4543231,239056645434, Sell,MESU5,MES,Micro E-mini S&P 500,6238.25,1,06/30/2025 09:45:01,239056645434, Filled,-2,0,0.25,,239056645434,06/30/2025 09:45:01,6/30/25,1,, Market,,,,,1,6238.25,6238.25
239056645443,DEMO4543231,239056645443, Buy,MESU5,MES,Micro E-mini S&P 500,6237.75,1,06/30/2025 09:47:58,239056645443, Filled,-2,0,0.25,,239056645443,06/30/2025 09:47:58,6/30/25,1,, Market,,,,,1,6237.75,6237.75
239056645454,DEMO4543231,239056645454, Sell,MESU5,MES,Micro E-mini S&P 500,6239.25,1,06/30/2025 10:00:13,239056645454, Filled,-2,0,0.25,,239056645454,06/30/2025 10:00:13,6/30/25,1,, Market,,,,,1,6239.25,6239.25
239056645463,DEMO4543231,239056645463, Buy,MESU5,MES,Micro E-mini S&P 500,6238.5,1,06/30/2025 10:00:32,239056645463, Filled,-2,0,0.25,,239056645463,06/30/2025 10:00:32,6/30/25,1,, Market,,,,,1,6238.50,6238.5
239056645474,DEMO4543231,239056645474, Sell,MESU5,MES,Micro E-mini S&P 500,6233.5,1,06/30/2025 10:45:06,239056645474, Filled,-2,0,0.25,,239056645474,06/30/2025 10:45:06,6/30/25,1,, Market,,,,,1,6233.50,6233.5
239056645483,DEMO4543231,239056645483, Buy,MESU5,MES,Micro E-mini S&P 500,6232.5,1,06/30/2025 10:46:11,239056645483, Filled,-2,0,0.25,,239056645483,06/30/2025 10:46:11,6/30/25,1,, Market,,,,,1,6232.50,6232.5
239056645494,DEMO4543231,239056645494, Buy,MGCQ5,MGC,E-Micro Gold,3299.4,1,06/30/2025 11:00:16,239056645494, Filled,-1,0,0.1,,239056645494,06/30/2025 11:00:16,6/30/25,1,, Market,,,,,1,3299.4,3299.4
239056645503,DEMO4543231,239056645503, Sell,MCLQ5,MCL,Micro Crude Oil,64.86,1,06/30/2025 11:00:31,239056645503, Filled,-2,0,0.01,,239056645503,06/30/2025 11:00:31,6/30/25,1,, Market,,,,,1,64.86,64.86
239056645510,DEMO4543231,239056645510, Sell,MGCQ5,MGC,E-Micro Gold,3299.8,1,06/30/2025 11:01:24,239056645510, Filled,-1,0,0.1,,239056645510,06/30/2025 11:01:24,6/30/25,1,, Market,,,,,1,3299.8,3299.8
239056645521,DEMO4543231,239056645521, Buy,MCLQ5,MCL,Micro Crude Oil,64.84,1,06/30/2025 11:07:51,239056645521, Filled,-2,0,0.01,,239056645521,06/30/2025 11:07:51,6/30/25,1,, Market,,,,,1,64.84,64.84
239056645530,DEMO4543231,239056645530, Buy,MGCQ5,MGC,E-Micro Gold,3299.4,1,06/30/2025 11:30:01,239056645530, Filled,-1,0,0.1,,239056645530,06/30/2025 11:30:01,6/30/25,1,, Market,,,,,1,3299.4,3299.4
239056645539,DEMO4543231,239056645539, Sell,MCLQ5,MCL,Micro Crude Oil,64.9,1,06/30/2025 11:30:04,239056645539, Filled,-2,0,0.01,,239056645539,06/30/2025 11:30:04,6/30/25,1,, Market,,,,,1,64.90,64.9
239056645546,DEMO4543231,239056645546, Sell,MGCQ5,MGC,E-Micro Gold,3298.6000000000004,1,06/30/2025 11:30:26,239056645546, Filled,-1,0,0.1,,239056645546,06/30/2025 11:30:26,6/30/25,1,, Market,,,,,1,3298.6,3298.6000000000004
239056645557,DEMO4543231,239056645557, Buy,MCLQ5,MCL,Micro Crude Oil,64.91,1,06/30/2025 11:30:28,239056645557, Filled,-2,0,0.01,,239056645557,06/30/2025 11:30:28,6/30/25,1,, Market,,,,,1,64.91,64.91
239056645566,DEMO4543231,239056645566, Buy,MESU5,MES,Micro E-mini S&P 500,6242.5,1,06/30/2025 11:45:02,239056645566, Filled,-2,0,0.25,,239056645566,06/30/2025 11:45:02,6/30/25,1,, Market,,,,,1,6242.50,6242.5
239056645575,DEMO4543231,239056645575, Sell,MESU5,MES,Micro E-mini S&P 500,6243.25,1,06/30/2025 11:49:26,239056645575, Filled,-2,0,0.25,,239056645575,06/30/2025 11:49:26,6/30/25,1,, Market,,,,,1,6243.25,6243.25
239056645586,DEMO4543231,239056645586, Buy,MESU5,MES,Micro E-mini S&P 500,6239.5,1,06/30/2025 12:00:00,239056645586, Filled,-2,0,0.25,,239056645586,06/30/2025 12:00:00,6/30/25,1,, Market,,,,,1,6239.50,6239.5
239056645595,DEMO4543231,239056645595, Sell,MCLQ5,MCL,Micro Crude Oil,64.84,1,06/30/2025 12:00:26,239056645595, Filled,-2,0,0.01,,239056645595,06/30/2025 12:00:26,6/30/25,1,, Market,,,,,1,64.84,64.84
239056645602,DEMO4543231,239056645602, Sell,MESU5,MES,Micro E-mini S&P 500,6240.0,1,06/30/2025 12:00:43,239056645602, Filled,-2,0,0.25,,239056645602,06/30/2025 12:00:43,6/30/25,1,, Market,,,,,1,6240.00,6240.0
239056645613,DEMO4543231,239056645613, Buy,MCLQ5,MCL,Micro Crude Oil,64.81,1,06/30/2025 12:00:50,239056645613, Filled,-2,0,0.01,,239056645613,06/30/2025 12:00:50,6/30/25,1,, Market,,,,,1,64.81,64.81
239056645622,DEMO4543231,239056645622, Buy,MGCQ5,MGC,E-Micro Gold,3304.6000000000004,1,06/30/2025 12:30:06,239056645622, Filled,-1,0,0.1,,239056645622,06/30/2025 12:30:06,6/30/25,1,, Market,,,,,1,3304.6,3304.6000000000004
239056645631,DEMO4543231,239056645631, Sell,MGCQ5,MGC,E-Micro Gold,3304.8,1,06/30/2025 12:31:18,239056645631, Filled,-1,0,0.1,,239056645631,06/30/2025 12:31:18,6/30/25,1,, Market,,,,,1,3304.8,3304.8
239056645642,DEMO4543231,239056645642, Buy,MESU5,MES,Micro E-mini S&P 500,6244.0,1,06/30/2025 12:45:02,239056645642, Filled,-2,0,0.25,,239056645642,06/30/2025 12:45:02,6/30/25,1,, Market,,,,,1,6244.00,6244.0
239056645651,DEMO4543231,239056645651, Sell,MESU5,MES,Micro E-mini S&P 500,6245.25,1,06/30/2025 12:45:39,239056645651, Filled,-2,0,0.25,,239056645651,06/30/2025 12:45:39,6/30/25,1,, Market,,,,,1,6245.25,6245.25
239056645662,DEMO4543231,239056645662, Buy,MGCQ5,MGC,E-Micro Gold,3310.4,1,06/30/2025 13:00:05,239056645662, Filled,-1,0,0.1,,239056645662,06/30/2025 13:00:05,6/30/25,1,, Market,,,,,1,3310.4,3310.4
239056645671,DEMO4543231,239056645671, Sell,MGCQ5,MGC,E-Micro Gold,3308.3,1,06/30/2025 13:30:27,239056645671, Filled,-1,0,0.1,,239056645671,06/30/2025 13:30:27,6/30/25,1,, Market,,,,,1,3308.3,3308.3
239056645682,DEMO4543231,239056645682, Sell,MESU5,MES,Micro E-mini S&P 500,6234.25,1,06/30/2025 13:45:00,239056645682, Filled,-2,0,0.25,,239056645682,06/30/2025 13:45:00,6/30/25,1,, Market,,,,,1,6234.25,6234.25
239056645691,DEMO4543231,239056645691, Buy,MESU5,MES,Micro E-mini S&P 500,6233.25,1,06/30/2025 13:55:24,239056645691, Filled,-2,0,0.25,,239056645691,06/30/2025 13:55:24,6/30/25,1,, Market,,,,,1,6233.25,6233.25
239056645702,DEMO4543231,239056645702, Sell,MESU5,MES,Micro E-mini S&P 500,6232.25,1,06/30/2025 14:00:01,239056645702, Filled,-2,0,0.25,,239056645702,06/30/2025 14:00:01,6/30/25,1,, Market,,,,,1,6232.25,6232.25
239056645711,DEMO4543231,239056645711, Buy,MESU5,MES,Micro E-mini S&P 500,6236.5,1,06/30/2025 14:02:13,239056645711, Filled,-2,0,0.25,,239056645711,06/30/2025 14:02:13,6/30/25,1,, Market,,,,,1,6236.50,6236.5
239056645722,DEMO4543231,239056645722, Buy,MGCQ5,MGC,E-Micro Gold,3311.4,1,06/30/2025 14:30:01,239056645722, Filled,-1,0,0.1,,239056645722,06/30/2025 14:30:01,6/30/25,1,, Market,,,,,1,3311.4,3311.4
239056645731,DEMO4543231,239056645731, Sell,MGCQ5,MGC,E-Micro Gold,3311.6000000000004,1,06/30/2025 14:30:11,239056645731, Filled,-1,0,0.1,,239056645731,06/30/2025 14:30:11,6/30/25,1,, Market,,,,,1,3311.6,3311.6000000000004
239056645742,DEMO4543231,239056645742, Buy,MESU5,MES,Micro E-mini S&P 500,6244.25,1,06/30/2025 15:00:07,239056645742, Filled,-2,0,0.25,,239056645742,06/30/2025 15:00:07,6/30/25,1,, Market,,,,,1,6244.25,6244.25
239056645751,DEMO4543231,239056645751, Buy,MGCQ5,MGC,E-Micro Gold,3310.3,1,06/30/2025 15:00:16,239056645751, Filled,-1,0,0.1,,239056645751,06/30/2025 15:00:16,6/30/25,1,, Market,,,,,1,3310.3,3310.3
239056645760,DEMO4543231,239056645760, Sell,MESU5,MES,Micro E-mini S&P 500,6244.75,1,06/30/2025 15:00:33,239056645760, Filled,-2,0,0.25,,239056645760,06/30/2025 15:00:33,6/30/25,1,, Market,,,,,1,6244.75,6244.75
239056645771,DEMO4543231,239056645771, Sell,MGCQ5,MGC,E-Micro Gold,3310.9,1,06/30/2025 15:01:10,239056645771, Filled,-1,0,0.1,,239056645771,06/30/2025 15:01:10,6/30/25,1,, Market,,,,,1,3310.9,3310.9
239056645782,DEMO4543231,239056645782, Buy,MESU5,MES,Micro E-mini S&P 500,6246.5,1,06/30/2025 15:15:04,239056645782, Filled,-2,0,0.25,,239056645782,06/30/2025 15:15:04,6/30/25,1,, Market,,,,,1,6246.50,6246.5
239056645791,DEMO4543231,239056645791, Sell,MESU5,MES,Micro E-mini S&P 500,6247.75,1,06/30/2025 15:20:56,239056645791, Filled,-2,0,0.25,,239056645791,06/30/2025 15:20:56,6/30/25,1,, Market,,,,,1,6247.75,6247.75
239056645802,DEMO4543231,239056645802, Buy,MESU5,MES,Micro E-mini S&P 500,6252.75,1,06/30/2025 15:30:01,239056645802, Filled,-2,0,0.25,,239056645802,06/30/2025 15:30:01,6/30/25,1,, Market,,,,,1,6252.75,6252.75
239056645811,DEMO4543231,239056645811, Buy,MGCQ5,MGC,E-Micro Gold,3318.9,1,06/30/2025 15:30:04,239056645811, Filled,-1,0,0.1,,239056645811,06/30/2025 15:30:04,6/30/25,1,, Market,,,,,1,3318.9,3318.9
239056645820,DEMO4543231,239056645820, Sell,MGCQ5,MGC,E-Micro Gold,3319.4,1,06/30/2025 15:30:31,239056645820, Filled,-1,0,0.1,,239056645820,06/30/2025 15:30:31,6/30/25,1,, Market,,,,,1,3319.4,3319.4
239056645831,DEMO4543231,239056645831, Sell,MESU5,MES,Micro E-mini S&P 500,6253.0,1,06/30/2025 15:34:24,239056645831, Filled,-2,0,0.25,,239056645831,06/30/2025 15:34:24,6/30/25,1,, Market,,,,,1,6253.00,6253.0
239056645842,DEMO4543231,239056645842, Buy,MESU5,MES,Micro E-mini S&P 500,6253.0,1,06/30/2025 16:00:13,239056645842, Filled,-2,0,0.25,,239056645842,06/30/2025 16:00:13,6/30/25,1,, Market,,,,,1,6253.00,6253.0
239056645851,DEMO4543231,239056645851, Buy,MGCQ5,MGC,E-Micro Gold,3320.7000000000003,1,06/30/2025 16:00:15,239056645851, Filled,-1,0,0.1,,239056645851,06/30/2025 16:00:15,6/30/25,1,, Market,,,,,1,3320.7,3320.7000000000003
239056645860,DEMO4543231,239056645860, Sell,MESU5,MES,Micro E-mini S&P 500,6251.5,1,06/30/2025 16:00:22,239056645860, Filled,-2,0,0.25,,239056645860,06/30/2025 16:00:22,6/30/25,1,, Market,,,,,1,6251.50,6251.5
239056645880,DEMO4543231,239056645880, Sell,MESU5,MES,Micro E-mini S&P 500,6249.25,1,06/30/2025 18:15:07,239056645880, Filled,-2,0,0.25,,239056645880,06/30/2025 18:15:07,6/30/25,1,, Market,,,,,1,6249.25,6249.25
239056645889,DEMO4543231,239056645889, Buy,MESU5,MES,Micro E-mini S&P 500,6248.75,1,06/30/2025 18:16:41,239056645889, Filled,-2,0,0.25,,239056645889,06/30/2025 18:16:41,6/30/25,1,, Market,,,,,1,6248.75,6248.75
239056645900,DEMO4543231,239056645900, Sell,MGCQ5,MGC,E-Micro Gold,3323.4,1,06/30/2025 19:00:04,239056645900, Filled,-1,0,0.1,,239056645900,06/30/2025 19:00:04,6/30/25,1,, Market,,,,,1,3323.4,3323.4
239056645911,DEMO4543231,239056645911, Sell,MESU5,MES,Micro E-mini S&P 500,6249.25,1,06/30/2025 19:45:02,239056645911, Filled,-2,0,0.25,,239056645911,06/30/2025 19:45:02,6/30/25,1,, Market,,,,,1,6249.25,6249.25
239056645920,DEMO4543231,239056645920, Buy,MESU5,MES,Micro E-mini S&P 500,6249.0,1,06/30/2025 19:48:13,239056645920, Filled,-2,0,0.25,,239056645920,06/30/2025 19:48:13,6/30/25,1,, Market,,,,,1,6249.00,6249.0
239056645931,DEMO4543231,239056645931, Buy,MESU5,MES,Micro E-mini S&P 500,6250.5,1,06/30/2025 20:00:00,239056645931, Filled,-2,0,0.25,,239056645931,06/30/2025 20:00:00,6/30/25,1,, Market,,,,,1,6250.50,6250.5
239056645940,DEMO4543231,239056645940, Sell,MESU5,MES,Micro E-mini S&P 500,6251.75,1,06/30/2025 20:00:24,239056645940, Filled,-2,0,0.25,,239056645940,06/30/2025 20:00:24,6/30/25,1,, Market,,,,,1,6251.75,6251.75
239056645951,DEMO4543231,239056645951, Buy,MESU5,MES,Micro E-mini S&P 500,6254.5,1,06/30/2025 20:15:02,239056645951, Filled,-2,0,0.25,,239056645951,06/30/2025 20:15:02,6/30/25,1,, Market,,,,,1,6254.50,6254.5
239056645960,DEMO4543231,239056645960, Sell,MESU5,MES,Micro E-mini S&P 500,6254.75,1,06/30/2025 20:16:42,239056645960, Filled,-2,0,0.25,,239056645960,06/30/2025 20:16:42,6/30/25,1,, Market,,,,,1,6254.75,6254.75
239056645971,DEMO4543231,239056645971, Buy,MESU5,MES,Micro E-mini S&P 500,6255.5,1,06/30/2025 20:45:01,239056645971, Filled,-2,0,0.25,,239056645971,06/30/2025 20:45:01,6/30/25,1,, Market,,,,,1,6255.50,6255.5
239056645980,DEMO4543231,239056645980, Sell,MESU5,MES,Micro E-mini S&P 500,6256.0,1,06/30/2025 20:45:47,239056645980, Filled,-2,0,0.25,,239056645980,06/30/2025 20:45:47,6/30/25,1,, Market,,,,,1,6256.00,6256.0
239056645991,DEMO4543231,239056645991, Buy,MESU5,MES,Micro E-mini S&P 500,6255.75,1,06/30/2025 21:00:01,239056645991, Filled,-2,0,0.25,,239056645991,06/30/2025 21:00:01,6/30/25,1,, Market,,,,,1,6255.75,6255.75
239056646000,DEMO4543231,239056646000, Buy,MGCQ5,MGC,E-Micro Gold,3326.2000000000003,1,06/30/2025 21:00:02,239056646000, Filled,-1,0,0.1,,239056646000,06/30/2025 21:00:02,6/30/25,1,, Market,,,,,1,3326.2,3326.2000000000003
239056646009,DEMO4543231,239056646009, Sell,MGCQ5,MGC,E-Micro Gold,3326.6000000000004,1,06/30/2025 21:00:11,239056646009, Filled,-1,0,0.1,,239056646009,06/30/2025 21:00:11,6/30/25,1,, Market,,,,,1,3326.6,3326.6000000000004
239056646020,DEMO4543231,239056646020, Sell,MESU5,MES,Micro E-mini S&P 500,6256.0,1,06/30/2025 21:01:05,239056646020, Filled,-2,0,0.25,,239056646020,06/30/2025 21:01:05,6/30/25,1,, Market,,,,,1,6256.00,6256.0
239056646031,DEMO4543231,239056646031, Buy,MESU5,MES,Micro E-mini S&P 500,6256.5,1,06/30/2025 21:15:10,239056646031, Filled,-2,0,0.25,,239056646031,06/30/2025 21:15:10,6/30/25,1,, Market,,,,,1,6256.50,6256.5
239056646040,DEMO4543231,239056646040, Buy,MGCQ5,MGC,E-Micro Gold,3332.2000000000003,1,06/30/2025 21:30:01,239056646040, Filled,-1,0,0.1,,239056646040,06/30/2025 21:30:01,6/30/25,1,, Market,,,,,1,3332.2,3332.2000000000003
239056646049,DEMO4543231,239056646049, Sell,MGCQ5,MGC,E-Micro Gold,3332.3,1,06/30/2025 21:31:07,239056646049, Filled,-1,0,0.1,,239056646049,06/30/2025 21:31:07,6/30/25,1,, Market,,,,,1,3332.3,3332.3
239056646060,DEMO4543231,239056646060, Sell,MESU5,MES,Micro E-mini S&P 500,6256.75,1,06/30/2025 21:53:48,239056646060, Filled,-2,0,0.25,,239056646060,06/30/2025 21:53:48,6/30/25,1,, Market,,,,,1,6256.75,6256.75
239056646071,DEMO4543231,239056646071, Buy,MESU5,MES,Micro E-mini S&P 500,6257.25,1,06/30/2025 22:00:09,239056646071, Filled,-2,0,0.25,,239056646071,06/30/2025 22:00:09,6/30/25,1,, Market,,,,,1,6257.25,6257.25
239056646080,DEMO4543231,239056646080, Sell,MCLQ5,MCL,Micro Crude Oil,64.79,1,06/30/2025 22:00:13,239056646080, Filled,-2,0,0.01,,239056646080,06/30/2025 22:00:13,6/30/25,1,, Market,,,,,1,64.79,64.79
239056646087,DEMO4543231,239056646087, Buy,MCLQ5,MCL,Micro Crude Oil,64.75,1,06/30/2025 22:04:12,239056646087, Filled,-2,0,0.01,,239056646087,06/30/2025 22:04:12,6/30/25,1,, Market,,,,,1,64.75,64.75
239056646096,DEMO4543231,239056646096, Sell,MCLQ5,MCL,Micro Crude Oil,64.75,1,06/30/2025 22:30:14,239056646096, Filled,-2,0,0.01,,239056646096,06/30/2025 22:30:14,6/30/25,1,, Market,,,,,1,64.75,64.75
239056646103,DEMO4543231,239056646103, Buy,MCLQ5,MCL,Micro Crude Oil,64.77,1,06/30/2025 22:30:15,239056646103, Filled,-2,0,0.01,,239056646103,06/30/2025 22:30:15,6/30/25,1,, Market,,,,,1,64.77,64.77
239056646112,DEMO4543231,239056646112, Sell,MESU5,MES,Micro E-mini S&P 500,6253.75,1,06/30/2025 22:34:04,239056646112, Filled,-2,0,0.25,,239056646112,06/30/2025 22:34:04,6/30/25,1,, Market,,,,,1,6253.75,6253.75
239056646123,DEMO4543231,239056646123, Sell,MESU5,MES,Micro E-mini S&P 500,6252.0,1,06/30/2025 22:45:01,239056646123, Filled,-2,0,0.25,,239056646123,06/30/2025 22:45:01,6/30/25,1,, Market,,,,,1,6252.00,6252.0
239056646132,DEMO4543231,239056646132, Buy,MESU5,MES,Micro E-mini S&P 500,6249.5,1,06/30/2025 22:53:12,239056646132, Filled,-2,0,0.25,,239056646132,06/30/2025 22:53:12,6/30/25,1,, Market,,,,,1,6249.50,6249.5
239056646143,DEMO4543231,239056646143, Sell,MESU5,MES,Micro E-mini S&P 500,6248.75,1,06/30/2025 23:00:00,239056646143, Filled,-2,0,0.25,,239056646143,06/30/2025 23:00:00,6/30/25,1,, Market,,,,,1,6248.75,6248.75
239056646152,DEMO4543231,239056646152, Buy,MESU5,MES,Micro E-mini S&P 500,6248.25,1,06/30/2025 23:14:27,239056646152, Filled,-2,0,0.25,,239056646152,06/30/2025 23:14:27,6/30/25,1,, Market,,,,,1,6248.25,6248.25
239056646163,DEMO4543231,239056646163, Sell,MESU5,MES,Micro E-mini S&P 500,6248.25,1,06/30/2025 23:15:04,239056646163, Filled,-2,0,0.25,,239056646163,06/30/2025 23:15:04,6/30/25,1,, Market,,,,,1,6248.25,6248.25
239056646172,DEMO4543231,239056646172, Buy,MESU5,MES,Micro E-mini S&P 500,6247.75,1,06/30/2025 23:27:41,239056646172, Filled,-2,0,0.25,,239056646172,06/30/2025 23:27:41,6/30/25,1,, Market,,,,,1,6247.75,6247.75
239056646183,DEMO4543231,239056646183, Buy,MGCQ5,MGC,E-Micro Gold,3332.7000000000003,1,06/30/2025 23:30:01,239056646183, Filled,-1,0,0.1,,239056646183,06/30/2025 23:30:01,6/30/25,1,, Market,,,,,1,3332.7,3332.7000000000003
239056646192,DEMO4543231,239056646192, Sell,MGCQ5,MGC,E-Micro Gold,3332.3,1,06/30/2025 23:30:06,239056646192, Filled,-1,0,0.1,,239056646192,06/30/2025 23:30:06,6/30/25,1,, Market,,,,,1,3332.3,3332.3
239056646203,DEMO4543231,239056646203, Sell,MESU5,MES,Micro E-mini S&P 500,6246.75,1,07/01/2025 00:00:11,239056646203, Filled,-2,0,0.25,,239056646203,07/01/2025 00:00:11,7/1/25,1,, Market,,,,,1,6246.75,6246.75
239056646212,DEMO4543231,239056646212, Buy,MGCQ5,MGC,E-Micro Gold,3332.7000000000003,1,07/01/2025 00:00:12,239056646212, Filled,-1,0,0.1,,239056646212,07/01/2025 00:00:12,7/1/25,1,, Market,,,,,1,3332.7,3332.7000000000003
239056646221,DEMO4543231,239056646221, Sell,MGCQ5,MGC,E-Micro Gold,3333.0,1,07/01/2025 00:02:12,239056646221, Filled,-1,0,0.1,,239056646221,07/01/2025 00:02:12,7/1/25,1,, Market,,,,,1,3333.0,3333.0
239056646232,DEMO4543231,239056646232, Buy,MESU5,MES,Micro E-mini S&P 500,6246.75,1,07/01/2025 00:03:34,239056646232, Filled,-2,0,0.25,,239056646232,07/01/2025 00:03:34,7/1/25,1,, Market,,,,,1,6246.75,6246.75
239056646243,DEMO4543231,239056646243, Sell,MESU5,MES,Micro E-mini S&P 500,6247.5,1,07/01/2025 00:15:05,239056646243, Filled,-2,0,0.25,,239056646243,07/01/2025 00:15:05,7/1/25,1,, Market,,,,,1,6247.50,6247.5
239056646252,DEMO4543231,239056646252, Buy,MESU5,MES,Micro E-mini S&P 500,6246.5,1,07/01/2025 00:15:51,239056646252, Filled,-2,0,0.25,,239056646252,07/01/2025 00:15:51,7/1/25,1,, Market,,,,,1,6246.50,6246.5
239056646263,DEMO4543231,239056646263, Buy,MGCQ5,MGC,E-Micro Gold,3335.1000000000004,1,07/01/2025 00:30:15,239056646263, Filled,-1,0,0.1,,239056646263,07/01/2025 00:30:15,7/1/25,1,, Market,,,,,1,3335.1,3335.1000000000004
239056646272,DEMO4543231,239056646272, Sell,MGCQ5,MGC,E-Micro Gold,3334.9,1,07/01/2025 00:36:53,239056646272, Filled,-1,0,0.1,,239056646272,07/01/2025 00:36:53,7/1/25,1,, Market,,,,,1,3334.9,3334.9
239056646283,DEMO4543231,239056646283, Sell,MESU5,MES,Micro E-mini S&P 500,6244.5,1,07/01/2025 00:45:04,239056646283, Filled,-2,0,0.25,,239056646283,07/01/2025 00:45:04,7/1/25,1,, Market,,,,,1,6244.50,6244.5
239056646292,DEMO4543231,239056646292, Buy,MESU5,MES,Micro E-mini S&P 500,6244.75,1,07/01/2025 00:47:32,239056646292, Filled,-2,0,0.25,,239056646292,07/01/2025 00:47:32,7/1/25,1,, Market,,,,,1,6244.75,6244.75
239056646303,DEMO4543231,239056646303, Sell,MESU5,MES,Micro E-mini S&P 500,6244.25,1,07/01/2025 01:00:05,239056646303, Filled,-2,0,0.25,,239056646303,07/01/2025 01:00:05,7/1/25,1,, Market,,,,,1,6244.25,6244.25
239056646312,DEMO4543231,239056646312, Buy,MESU5,MES,Micro E-mini S&P 500,6243.75,1,07/01/2025 01:09:33,239056646312, Filled,-2,0,0.25,,239056646312,07/01/2025 01:09:33,7/1/25,1,, Market,,,,,1,6243.75,6243.75
239056646323,DEMO4543231,239056646323, Sell,MESU5,MES,Micro E-mini S&P 500,6243.25,1,07/01/2025 01:15:17,239056646323, Filled,-2,0,0.25,,239056646323,07/01/2025 01:15:17,7/1/25,1,, Market,,,,,1,6243.25,6243.25
239056646332,DEMO4543231,239056646332, Buy,MGCQ5,MGC,E-Micro Gold,3341.2000000000003,1,07/01/2025 01:30:00,239056646332, Filled,-1,0,0.1,,239056646332,07/01/2025 01:30:00,7/1/25,1,, Market,,,,,1,3341.2,3341.2000000000003
239056646341,DEMO4543231,239056646341, Sell,MGCQ5,MGC,E-Micro Gold,3341.5,1,07/01/2025 01:30:24,239056646341, Filled,-1,0,0.1,,239056646341,07/01/2025 01:30:24,7/1/25,1,, Market,,,,,1,3341.5,3341.5
239056646352,DEMO4543231,239056646352, Buy,MESU5,MES,Micro E-mini S&P 500,6242.0,1,07/01/2025 01:36:33,239056646352, Filled,-2,0,0.25,,239056646352,07/01/2025 01:36:33,7/1/25,1,, Market,,,,,1,6242.00,6242.0
239056646363,DEMO4543231,239056646363, Sell,MESU5,MES,Micro E-mini S&P 500,6242.75,1,07/01/2025 01:45:03,239056646363, Filled,-2,0,0.25,,239056646363,07/01/2025 01:45:03,7/1/25,1,, Market,,,,,1,6242.75,6242.75
239056646372,DEMO4543231,239056646372, Buy,MESU5,MES,Micro E-mini S&P 500,6242.25,1,07/01/2025 01:46:07,239056646372, Filled,-2,0,0.25,,239056646372,07/01/2025 01:46:07,7/1/25,1,, Market,,,,,1,6242.25,6242.25
239056646383,DEMO4543231,239056646383, Sell,MBTN5,MBT,Micro Bitcoin,107360.0,1,07/01/2025 02:00:01,239056646383, Filled,0,0,5.0,,239056646383,07/01/2025 02:00:01,7/1/25,1,, Market,,,,,1,107360,107360.0
239056646393,DEMO4543231,239056646393, Buy,MGCQ5,MGC,E-Micro Gold,3340.1000000000004,1,07/01/2025 02:00:10,239056646393, Filled,-1,0,0.1,,239056646393,07/01/2025 02:00:10,7/1/25,1,, Market,,,,,1,3340.1,3340.1000000000004
239056646402,DEMO4543231,239056646402, Sell,MGCQ5,MGC,E-Micro Gold,3340.8,1,07/01/2025 02:00:33,239056646402, Filled,-1,0,0.1,,239056646402,07/01/2025 02:00:33,7/1/25,1,, Market,,,,,1,3340.8,3340.8
239056646413,DEMO4543231,239056646413, Buy,MBTN5,MBT,Micro Bitcoin,107340.0,1,07/01/2025 02:01:09,239056646413, Filled,0,0,5.0,,239056646413,07/01/2025 02:01:09,7/1/25,1,, Market,,,,,1,107340,107340.0
239056646424,DEMO4543231,239056646424, Sell,MESU5,MES,Micro E-mini S&P 500,6243.5,1,07/01/2025 02:15:02,239056646424, Filled,-2,0,0.25,,239056646424,07/01/2025 02:15:02,7/1/25,1,, Market,,,,,1,6243.50,6243.5
239056646433,DEMO4543231,239056646433, Buy,MESU5,MES,Micro E-mini S&P 500,6243.0,1,07/01/2025 02:17:04,239056646433, Filled,-2,0,0.25,,239056646433,07/01/2025 02:17:04,7/1/25,1,, Market,,,,,1,6243.00,6243.0
239056646444,DEMO4543231,239056646444, Buy,MCLQ5,MCL,Micro Crude Oil,65.18,1,07/01/2025 02:30:07,239056646444, Filled,-2,0,0.01,,239056646444,07/01/2025 02:30:07,7/1/25,1,, Market,,,,,1,65.18,65.18
239056646451,DEMO4543231,239056646451, Sell,MCLQ5,MCL,Micro Crude Oil,65.17,1,07/01/2025 02:30:23,239056646451, Filled,-2,0,0.01,,239056646451,07/01/2025 02:30:23,7/1/25,1,, Market,,,,,1,65.17,65.17
239056646460,DEMO4543231,239056646460, Buy,MGCQ5,MGC,E-Micro Gold,3342.8,1,07/01/2025 03:00:13,239056646460, Filled,-1,0,0.1,,239056646460,07/01/2025 03:00:13,7/1/25,1,, Market,,,,,1,3342.8,3342.8
239056646469,DEMO4543231,239056646469, Sell,MGCQ5,MGC,E-Micro Gold,3342.4,1,07/01/2025 03:00:14,239056646469, Filled,-1,0,0.1,,239056646469,07/01/2025 03:00:14,7/1/25,1,, Market,,,,,1,3342.4,3342.4
239056646480,DEMO4543231,239056646480, Buy,MCLQ5,MCL,Micro Crude Oil,65.25,1,07/01/2025 03:00:19,239056646480, Filled,-2,0,0.01,,239056646480,07/01/2025 03:00:19,7/1/25,1,, Market,,,,,1,65.25,65.25
239056646487,DEMO4543231,239056646487, Sell,MCLQ5,MCL,Micro Crude Oil,65.23,1,07/01/2025 03:00:23,239056646487, Filled,-2,0,0.01,,239056646487,07/01/2025 03:00:23,7/1/25,1,, Market,,,,,1,65.23,65.23
239056646496,DEMO4543231,239056646496, Buy,MESU5,MES,Micro E-mini S&P 500,6244.25,1,07/01/2025 03:15:01,239056646496, Filled,-2,0,0.25,,239056646496,07/01/2025 03:15:01,7/1/25,1,, Market,,,,,1,6244.25,6244.25
239056646505,DEMO4543231,239056646505, Sell,MESU5,MES,Micro E-mini S&P 500,6244.75,1,07/01/2025 03:15:29,239056646505, Filled,-2,0,0.25,,239056646505,07/01/2025 03:15:29,7/1/25,1,, Market,,,,,1,6244.75,6244.75
239056646516,DEMO4543231,239056646516, Buy,MGCQ5,MGC,E-Micro Gold,3350.3,1,07/01/2025 03:30:10,239056646516, Filled,-1,0,0.1,,239056646516,07/01/2025 03:30:10,7/1/25,1,, Market,,,,,1,3350.3,3350.3
239056646525,DEMO4543231,239056646525, Sell,MGCQ5,MGC,E-Micro Gold,3350.3,1,07/01/2025 03:30:15,239056646525, Filled,-1,0,0.1,,239056646525,07/01/2025 03:30:15,7/1/25,1,, Market,,,,,1,3350.3,3350.3
239056646536,DEMO4543231,239056646536, Sell,MESU5,MES,Micro E-mini S&P 500,6243.75,1,07/01/2025 04:00:01,239056646536, Filled,-2,0,0.25,,239056646536,07/01/2025 04:00:01,7/1/25,1,, Market,,,,,1,6243.75,6243.75
239056646545,DEMO4543231,239056646545, Buy,MGCQ5,MGC,E-Micro Gold,3350.6000000000004,1,07/01/2025 04:00:01,239056646545, Filled,-1,0,0.1,,239056646545,07/01/2025 04:00:01,7/1/25,1,, Market,,,,,1,3350.6,3350.6000000000004
239056646554,DEMO4543231,239056646554, Sell,MBTN5,MBT,Micro Bitcoin,107605.0,1,07/01/2025 04:00:05,239056646554, Filled,0,0,5.0,,239056646554,07/01/2025 04:00:05,7/1/25,1,, Market,,,,,1,107605,107605.0
239056646563,DEMO4543231,239056646563, Sell,MGCQ5,MGC,E-Micro Gold,3351.7000000000003,1,07/01/2025 04:00:30,239056646563, Filled,-1,0,0.1,,239056646563,07/01/2025 04:00:30,7/1/25,1,, Market,,,,,1,3351.7,3351.7000000000003
239056646574,DEMO4543231,239056646574, Buy,MESU5,MES,Micro E-mini S&P 500,6243.25,1,07/01/2025 04:00:52,239056646574, Filled,-2,0,0.25,,239056646574,07/01/2025 04:00:52,7/1/25,1,, Market,,,,,1,6243.25,6243.25
239056646585,DEMO4543231,239056646585, Buy,MBTN5,MBT,Micro Bitcoin,107520.0,1,07/01/2025 04:02:26,239056646585, Filled,0,0,5.0,,239056646585,07/01/2025 04:02:26,7/1/25,1,, Market,,,,,1,107520,107520.0
239056646596,DEMO4543231,239056646596, Buy,MCLQ5,MCL,Micro Crude Oil,65.2,1,07/01/2025 04:30:01,239056646596, Filled,-2,0,0.01,,239056646596,07/01/2025 04:30:01,7/1/25,1,, Market,,,,,1,65.20,65.2
239056646603,DEMO4543231,239056646603, Buy,MGCQ5,MGC,E-Micro Gold,3351.8,1,07/01/2025 04:30:05,239056646603, Filled,-1,0,0.1,,239056646603,07/01/2025 04:30:05,7/1/25,1,, Market,,,,,1,3351.8,3351.8
239056646612,DEMO4543231,239056646612, Sell,MCLQ5,MCL,Micro Crude Oil,65.16,1,07/01/2025 04:30:12,239056646612, Filled,-2,0,0.01,,239056646612,07/01/2025 04:30:12,7/1/25,1,, Market,,,,,1,65.16,65.16
239056646621,DEMO4543231,239056646621, Sell,MGCQ5,MGC,E-Micro Gold,3352.1000000000004,1,07/01/2025 04:30:32,239056646621, Filled,-1,0,0.1,,239056646621,07/01/2025 04:30:32,7/1/25,1,, Market,,,,,1,3352.1,3352.1000000000004
239056646632,DEMO4543231,239056646632, Buy,MESU5,MES,Micro E-mini S&P 500,6241.75,1,07/01/2025 04:45:11,239056646632, Filled,-2,0,0.25,,239056646632,07/01/2025 04:45:11,7/1/25,1,, Market,,,,,1,6241.75,6241.75
239056646641,DEMO4543231,239056646641, Sell,MESU5,MES,Micro E-mini S&P 500,6242.0,1,07/01/2025 04:48:04,239056646641, Filled,-2,0,0.25,,239056646641,07/01/2025 04:48:04,7/1/25,1,, Market,,,,,1,6242.00,6242.0
239056646652,DEMO4543231,239056646652, Buy,MGCQ5,MGC,E-Micro Gold,3351.0,1,07/01/2025 05:00:10,239056646652, Filled,-1,0,0.1,,239056646652,07/01/2025 05:00:10,7/1/25,1,, Market,,,,,1,3351.0,3351.0
239056646661,DEMO4543231,239056646661, Sell,MGCQ5,MGC,E-Micro Gold,3350.8,1,07/01/2025 05:00:11,239056646661, Filled,-1,0,0.1,,239056646661,07/01/2025 05:00:11,7/1/25,1,, Market,,,,,1,3350.8,3350.8
239056646672,DEMO4543231,239056646672, Buy,MGCQ5,MGC,E-Micro Gold,3355.0,1,07/01/2025 05:30:04,239056646672, Filled,-1,0,0.1,,239056646672,07/01/2025 05:30:04,7/1/25,1,, Market,,,,,1,3355.0,3355.0
239056646681,DEMO4543231,239056646681, Sell,MGCQ5,MGC,E-Micro Gold,3355.2000000000003,1,07/01/2025 05:30:17,239056646681, Filled,-1,0,0.1,,239056646681,07/01/2025 05:30:17,7/1/25,1,, Market,,,,,1,3355.2,3355.2000000000003
239056646692,DEMO4543231,239056646692, Sell,MESU5,MES,Micro E-mini S&P 500,6238.75,1,07/01/2025 05:45:08,239056646692, Filled,-2,0,0.25,,239056646692,07/01/2025 05:45:08,7/1/25,1,, Market,,,,,1,6238.75,6238.75
239056646701,DEMO4543231,239056646701, Buy,MESU5,MES,Micro E-mini S&P 500,6236.75,1,07/01/2025 05:47:00,239056646701, Filled,-2,0,0.25,,239056646701,07/01/2025 05:47:00,7/1/25,1,, Market,,,,,1,6236.75,6236.75
239056646712,DEMO4543231,239056646712, Sell,MESU5,MES,Micro E-mini S&P 500,6241.0,1,07/01/2025 06:00:04,239056646712, Filled,-2,0,0.25,,239056646712,07/01/2025 06:00:04,7/1/25,1,, Market,,,,,1,6241.00,6241.0
239056646721,DEMO4543231,239056646721, Sell,MBTN5,MBT,Micro Bitcoin,106900.0,1,07/01/2025 06:00:05,239056646721, Filled,0,0,5.0,,239056646721,07/01/2025 06:00:05,7/1/25,1,, Market,,,,,1,106900,106900.0
239056646730,DEMO4543231,239056646730, Buy,MGCQ5,MGC,E-Micro Gold,3357.5,1,07/01/2025 06:00:08,239056646730, Filled,-1,0,0.1,,239056646730,07/01/2025 06:00:08,7/1/25,1,, Market,,,,,1,3357.5,3357.5
239056646739,DEMO4543231,239056646739, Sell,MGCQ5,MGC,E-Micro Gold,3357.4,1,07/01/2025 06:00:23,239056646739, Filled,-1,0,0.1,,239056646739,07/01/2025 06:00:23,7/1/25,1,, Market,,,,,1,3357.4,3357.4
239056646750,DEMO4543231,239056646750, Buy,MBTN5,MBT,Micro Bitcoin,106900.0,1,07/01/2025 06:00:29,239056646750, Filled,0,0,5.0,,239056646750,07/01/2025 06:00:29,7/1/25,1,, Market,,,,,1,106900,106900.0
239056646761,DEMO4543231,239056646761, Buy,MESU5,MES,Micro E-mini S&P 500,6240.75,1,07/01/2025 06:24:15,239056646761, Filled,-2,0,0.25,,239056646761,07/01/2025 06:24:15,7/1/25,1,, Market,,,,,1,6240.75,6240.75
239056646772,DEMO4543231,239056646772, Buy,MGCQ5,MGC,E-Micro Gold,3358.9,1,07/01/2025 06:30:10,239056646772, Filled,-1,0,0.1,,239056646772,07/01/2025 06:30:10,7/1/25,1,, Market,,,,,1,3358.9,3358.9
239056646781,DEMO4543231,239056646781, Buy,MCLQ5,MCL,Micro Crude Oil,65.32000000000001,1,07/01/2025 06:30:14,239056646781, Filled,-2,0,0.01,,239056646781,07/01/2025 06:30:14,7/1/25,1,, Market,,,,,1,65.32,65.32000000000001
239056646788,DEMO4543231,239056646788, Sell,MCLQ5,MCL,Micro Crude Oil,65.33,1,07/01/2025 06:31:26,239056646788, Filled,-2,0,0.01,,239056646788,07/01/2025 06:31:26,7/1/25,1,, Market,,,,,1,65.33,65.33
239056646797,DEMO4543231,239056646797, Sell,MGCQ5,MGC,E-Micro Gold,3358.9,1,07/01/2025 06:31:47,239056646797, Filled,-1,0,0.1,,239056646797,07/01/2025 06:31:47,7/1/25,1,, Market,,,,,1,3358.9,3358.9
239056646808,DEMO4543231,239056646808, Buy,MGCQ5,MGC,E-Micro Gold,3360.8,1,07/01/2025 07:00:05,239056646808, Filled,-1,0,0.1,,239056646808,07/01/2025 07:00:05,7/1/25,1,, Market,,,,,1,3360.8,3360.8
239056646817,DEMO4543231,239056646817, Buy,MCLQ5,MCL,Micro Crude Oil,65.77,1,07/01/2025 07:00:13,239056646817, Filled,-2,0,0.01,,239056646817,07/01/2025 07:00:13,7/1/25,1,, Market,,,,,1,65.77,65.77
239056646824,DEMO4543231,239056646824, Sell,MCLQ5,MCL,Micro Crude Oil,65.74,1,07/01/2025 07:00:14,239056646824, Filled,-2,0,0.01,,239056646824,07/01/2025 07:00:14,7/1/25,1,, Market,,,,,1,65.74,65.74
239056646833,DEMO4543231,239056646833, Sell,MGCQ5,MGC,E-Micro Gold,3360.9,1,07/01/2025 07:00:17,239056646833, Filled,-1,0,0.1,,239056646833,07/01/2025 07:00:17,7/1/25,1,, Market,,,,,1,3360.9,3360.9
239056646844,DEMO4543231,239056646844, Sell,MBTN5,MBT,Micro Bitcoin,106860.0,1,07/01/2025 07:00:20,239056646844, Filled,0,0,5.0,,239056646844,07/01/2025 07:00:20,7/1/25,1,, Market,,,,,1,106860,106860.0
239056646853,DEMO4543231,239056646853, Buy,MBTN5,MBT,Micro Bitcoin,106820.0,1,07/01/2025 07:13:20,239056646853, Filled,0,0,5.0,,239056646853,07/01/2025 07:13:20,7/1/25,1,, Market,,,,,1,106820,106820.0
239056646864,DEMO4543231,239056646864, Buy,MGCQ5,MGC,E-Micro Gold,3364.1000000000004,1,07/01/2025 07:30:01,239056646864, Filled,-1,0,0.1,,239056646864,07/01/2025 07:30:01,7/1/25,1,, Market,,,,,1,3364.1,3364.1000000000004
239056646873,DEMO4543231,239056646873, Sell,MGCQ5,MGC,E-Micro Gold,3364.6000000000004,1,07/01/2025 07:30:11,239056646873, Filled,-1,0,0.1,,239056646873,07/01/2025 07:30:11,7/1/25,1,, Market,,,,,1,3364.6,3364.6000000000004
239056646884,DEMO4543231,239056646884, Sell,MESU5,MES,Micro E-mini S&P 500,6240.75,1,07/01/2025 08:00:00,239056646884, Filled,-2,0,0.25,,239056646884,07/01/2025 08:00:00,7/1/25,1,, Market,,,,,1,6240.75,6240.75
239056646893,DEMO4543231,239056646893, Buy,MGCQ5,MGC,E-Micro Gold,3361.6000000000004,1,07/01/2025 08:00:04,239056646893, Filled,-1,0,0.1,,239056646893,07/01/2025 08:00:04,7/1/25,1,, Market,,,,,1,3361.6,3361.6000000000004
239056646902,DEMO4543231,239056646902, Sell,MGCQ5,MGC,E-Micro Gold,3361.3,1,07/01/2025 08:00:08,239056646902, Filled,-1,0,0.1,,239056646902,07/01/2025 08:00:08,7/1/25,1,, Market,,,,,1,3361.3,3361.3
239056646913,DEMO4543231,239056646913, Buy,MESU5,MES,Micro E-mini S&P 500,6240.0,1,07/01/2025 08:02:10,239056646913, Filled,-2,0,0.25,,239056646913,07/01/2025 08:02:10,7/1/25,1,, Market,,,,,1,6240.00,6240.0
239056646924,DEMO4543231,239056646924, Sell,MESU5,MES,Micro E-mini S&P 500,6235.0,1,07/01/2025 08:15:01,239056646924, Filled,-2,0,0.25,,239056646924,07/01/2025 08:15:01,7/1/25,1,, Market,,,,,1,6235.00,6235.0
239056646933,DEMO4543231,239056646933, Buy,MESU5,MES,Micro E-mini S&P 500,6234.75,1,07/01/2025 08:16:13,239056646933, Filled,-2,0,0.25,,239056646933,07/01/2025 08:16:13,7/1/25,1,, Market,,,,,1,6234.75,6234.75
239056646944,DEMO4543231,239056646944, Buy,MGCQ5,MGC,E-Micro Gold,3364.9,1,07/01/2025 08:30:01,239056646944, Filled,-1,0,0.1,,239056646944,07/01/2025 08:30:01,7/1/25,1,, Market,,,,,1,3364.9,3364.9
239056646953,DEMO4543231,239056646953, Sell,MESU5,MES,Micro E-mini S&P 500,6230.5,1,07/01/2025 08:30:01,239056646953, Filled,-2,0,0.25,,239056646953,07/01/2025 08:30:01,7/1/25,1,, Market,,,,,1,6230.50,6230.5
239056646962,DEMO4543231,239056646962, Sell,MGCQ5,MGC,E-Micro Gold,3365.8,1,07/01/2025 08:30:14,239056646962, Filled,-1,0,0.1,,239056646962,07/01/2025 08:30:14,7/1/25,1,, Market,,,,,1,3365.8,3365.8
239056646973,DEMO4543231,239056646973, Buy,MESU5,MES,Micro E-mini S&P 500,6234.75,1,07/01/2025 08:31:10,239056646973, Filled,-2,0,0.25,,239056646973,07/01/2025 08:31:10,7/1/25,1,, Market,,,,,1,6234.75,6234.75
239056646984,DEMO4543231,239056646984, Buy,MGCQ5,MGC,E-Micro Gold,3367.4,1,07/01/2025 09:00:00,239056646984, Filled,-1,0,0.1,,239056646984,07/01/2025 09:00:00,7/1/25,1,, Market,,,,,1,3367.4,3367.4
239056646993,DEMO4543231,239056646993, Sell,MGCQ5,MGC,E-Micro Gold,3366.6000000000004,1,07/01/2025 09:00:16,239056646993, Filled,-1,0,0.1,,239056646993,07/01/2025 09:00:16,7/1/25,1,, Market,,,,,1,3366.6,3366.6000000000004
239056647004,DEMO4543231,239056647004, Buy,MCLQ5,MCL,Micro Crude Oil,65.84,1,07/01/2025 09:00:16,239056647004, Filled,-2,0,0.01,,239056647004,07/01/2025 09:00:16,7/1/25,1,, Market,,,,,1,65.84,65.84
239056647011,DEMO4543231,239056647011, Sell,MCLQ5,MCL,Micro Crude Oil,65.84,1,07/01/2025 09:00:19,239056647011, Filled,-2,0,0.01,,239056647011,07/01/2025 09:00:19,7/1/25,1,, Market,,,,,1,65.84,65.84
239056647020,DEMO4543231,239056647020, Buy,MESU5,MES,Micro E-mini S&P 500,6238.5,1,07/01/2025 09:45:01,239056647020, Filled,-2,0,0.25,,239056647020,07/01/2025 09:45:01,7/1/25,1,, Market,,,,,1,6238.50,6238.5
239056647029,DEMO4543231,239056647029, Sell,MESU5,MES,Micro E-mini S&P 500,6238.5,1,07/01/2025 09:45:25,239056647029, Filled,-2,0,0.25,,239056647029,07/01/2025 09:45:25,7/1/25,1,, Market,,,,,1,6238.50,6238.5
239056647040,DEMO4543231,239056647040, Buy,MESU5,MES,Micro E-mini S&P 500,6246.0,1,07/01/2025 10:00:03,239056647040, Filled,-2,0,0.25,,239056647040,07/01/2025 10:00:03,7/1/25,1,, Market,,,,,1,6246.00,6246.0
239056647049,DEMO4543231,239056647049, Sell,MGCQ5,MGC,E-Micro Gold,3360.1000000000004,1,07/01/2025 10:00:06,239056647049, Filled,-1,0,0.1,,239056647049,07/01/2025 10:00:06,7/1/25,1,, Market,,,,,1,3360.1,3360.1000000000004
239056647058,DEMO4543231,239056647058, Sell,MESU5,MES,Micro E-mini S&P 500,6244.5,1,07/01/2025 10:00:09,239056647058, Filled,-2,0,0.25,,239056647058,07/01/2025 10:00:09,7/1/25,1,, Market,,,,,1,6244.50,6244.5
239056647069,DEMO4543231,239056647069, Buy,MGCQ5,MGC,E-Micro Gold,3362.5,1,07/01/2025 10:00:26,239056647069, Filled,-1,0,0.1,,239056647069,07/01/2025 10:00:26,7/1/25,1,, Market,,,,,1,3362.5,3362.5
239056647080,DEMO4543231,239056647080, Buy,MESU5,MES,Micro E-mini S&P 500,6249.25,1,07/01/2025 10:15:01,239056647080, Filled,-2,0,0.25,,239056647080,07/01/2025 10:15:01,7/1/25,1,, Market,,,,,1,6249.25,6249.25
239056647089,DEMO4543231,239056647089, Sell,MESU5,MES,Micro E-mini S&P 500,6250.0,1,07/01/2025 10:15:26,239056647089, Filled,-2,0,0.25,,239056647089,07/01/2025 10:15:26,7/1/25,1,, Market,,,,,1,6250.00,6250.0
239056647101,DEMO4543231,239056647101, Sell,MESU5,MES,Micro E-mini S&P 500,6245.75,1,07/01/2025 16:10:01,239056647101, Filled,-2,0,0.25,,239056647101,07/01/2025 16:10:01,7/1/25,1,, Market,,,,,1,6245.75,6245.75
239056647110,DEMO4543231,239056647110, Buy,MESU5,MES,Micro E-mini S&P 500,6246.25,1,07/01/2025 16:20:04,239056647110, Filled,-2,0,0.25,,239056647110,07/01/2025 16:20:04,7/1/25,1,, Market,,,,,1,6246.25,6246.25
239056647121,DEMO4543231,239056647121, Sell,MESU5,MES,Micro E-mini S&P 500,6247.75,2,07/01/2025 16:45:01,239056647121, Filled,-2,0,0.25,,239056647121,07/01/2025 16:45:00,7/1/25,2,, Market,,,,,2,6247.75,6247.75
239056647141,DEMO4543231,239056647141, Buy,MESU5,MES,Micro E-mini S&P 500,6250.0,2,07/01/2025 18:05:01,239056647141, Filled,-2,0,0.25,,239056647141,07/01/2025 18:05:01,7/1/25,2,, Market,,,,,2,6250.00,6250.0
239056647152,DEMO4543231,239056647152, Sell,MESU5,MES,Micro E-mini S&P 500,6249.75,1,07/01/2025 18:10:11,239056647152, Filled,-2,0,0.25,,239056647152,07/01/2025 18:10:11,7/1/25,1,, Market,,,,,1,6249.75,6249.75
239056647161,DEMO4543231,239056647161, Buy,MESU5,MES,Micro E-mini S&P 500,6251.0,1,07/01/2025 18:20:05,239056647161, Filled,-2,0,0.25,,239056647161,07/01/2025 18:20:05,7/1/25,1,, Market,,,,,1,6251.00,6251.0
239056647172,DEMO4543231,239056647172, Sell,MESU5,MES,Micro E-mini S&P 500,6248.75,2,07/01/2025 18:25:01,239056647172, Filled,-2,0,0.25,,239056647172,07/01/2025 18:25:01,7/1/25,2,, Market,,,,,2,6248.75,6248.75
239056647181,DEMO4543231,239056647181, Buy,MESU5,MES,Micro E-mini S&P 500,6248.75,2,07/01/2025 18:30:03,239056647181, Filled,-2,0,0.25,,239056647181,07/01/2025 18:30:03,7/1/25,2,, Market,,,,,2,6248.75,6248.75
239056647192,DEMO4543231,239056647192, Sell,MESU5,MES,Micro E-mini S&P 500,6253.25,1,07/01/2025 18:55:05,239056647192, Filled,-2,0,0.25,,239056647192,07/01/2025 18:55:05,7/1/25,1,, Market,,,,,1,6253.25,6253.25
239056647201,DEMO4543231,239056647201, Buy,MESU5,MES,Micro E-mini S&P 500,6254.0,1,07/01/2025 19:00:12,239056647201, Filled,-2,0,0.25,,239056647201,07/01/2025 19:00:12,7/1/25,1,, Market,,,,,1,6254.00,6254.0
239056647212,DEMO4543231,239056647212, Sell,MESU5,MES,Micro E-mini S&P 500,6254.25,2,07/01/2025 19:10:04,239056647212, Filled,-2,0,0.25,,239056647212,07/01/2025 19:10:04,7/1/25,2,, Market,,,,,2,6254.25,6254.25
239056647221,DEMO4543231,239056647221, Buy,MESU5,MES,Micro E-mini S&P 500,6252.25,2,07/01/2025 19:30:10,239056647221, Filled,-2,0,0.25,,239056647221,07/01/2025 19:30:10,7/1/25,2,, Market,,,,,2,6252.25,6252.25
239056647232,DEMO4543231,239056647232, Sell,MESU5,MES,Micro E-mini S&P 500,6252.5,2,07/01/2025 20:10:06,239056647232, Filled,-2,0,0.25,,239056647232,07/01/2025 20:10:06,7/1/25,2,, Market,,,,,2,6252.50,6252.5
239056647241,DEMO4543231,239056647241, Buy,MESU5,MES,Micro E-mini S&P 500,6254.0,2,07/01/2025 20:40:07,239056647241, Filled,-2,0,0.25,,239056647241,07/01/2025 20:40:07,7/1/25,2,, Market,,,,,2,6254.00,6254.0
239056647252,DEMO4543231,239056647252, Sell,MESU5,MES,Micro E-mini S&P 500,6252.75,2,07/01/2025 20:45:03,239056647252, Filled,-2,0,0.25,,239056647252,07/01/2025 20:45:03,7/1/25,2,, Market,,,,,2,6252.75,6252.75
239056647261,DEMO4543231,239056647261, Buy,MESU5,MES,Micro E-mini S&P 500,6251.25,2,07/01/2025 21:40:09,239056647261, Filled,-2,0,0.25,,239056647261,07/01/2025 21:40:09,7/1/25,2,, Market,,,,,2,6251.25,6251.25
239056647272,DEMO4543231,239056647272, Sell,MESU5,MES,Micro E-mini S&P 500,6250.5,2,07/01/2025 21:50:05,239056647272, Filled,-2,0,0.25,,239056647272,07/01/2025 21:50:05,7/1/25,2,, Market,,,,,2,6250.50,6250.5
239056647281,DEMO4543231,239056647281, Buy,MESU5,MES,Micro E-mini S&P 500,6246.5,2,07/01/2025 22:10:34,239056647281, Filled,-2,0,0.25,,239056647281,07/01/2025 22:10:34,7/1/25,2,, Market,,,,,2,6246.50,6246.5
239056647292,DEMO4543231,239056647292, Buy,MESU5,MES,Micro E-mini S&P 500,6250.0,1,07/01/2025 22:20:00,239056647292, Filled,-2,0,0.25,,239056647292,07/01/2025 22:20:00,7/1/25,1,, Market,,,,,1,6250.00,6250.0
239056647301,DEMO4543231,239056647301, Sell,MESU5,MES,Micro E-mini S&P 500,6254.5,1,07/01/2025 22:38:40,239056647301, Filled,-2,0,0.25,,239056647301,07/01/2025 22:38:40,7/1/25,1,, Market,,,,,1,6254.50,6254.5
239056647312,DEMO4543231,239056647312, Buy,MESU5,MES,Micro E-mini S&P 500,6260.0,1,07/01/2025 23:10:06,239056647312, Filled,-2,0,0.25,,239056647312,07/01/2025 23:10:06,7/1/25,1,, Market,,,,,1,6260.00,6260.0
239056647321,DEMO4543231,239056647321, Sell,MESU5,MES,Micro E-mini S&P 500,6260.0,1,07/01/2025 23:20:01,239056647321, Filled,-2,0,0.25,,239056647321,07/01/2025 23:20:01,7/1/25,1,, Market,,,,,1,6260.00,6260.0
239056647332,DEMO4543231,239056647332, Buy,MESU5,MES,Micro E-mini S&P 500,6260.75,2,07/02/2025 00:15:01,239056647332, Filled,-2,0,0.25,,239056647332,07/02/2025 00:15:01,7/2/25,2,, Market,,,,,2,6260.75,6260.75
239056647341,DEMO4543231,239056647341, Sell,MESU5,MES,Micro E-mini S&P 500,6266.25,2,07/02/2025 00:25:23,239056647341, Filled,-2,0,0.25,,239056647341,07/02/2025 00:25:23,7/2/25,2,, Market,,,,,2,6266.25,6266.25
239056647352,DEMO4543231,239056647352, Sell,MESU5,MES,Micro E-mini S&P 500,6265.0,1,07/02/2025 00:45:03,239056647352, Filled,-2,0,0.25,,239056647352,07/02/2025 00:45:03,7/2/25,1,, Market,,,,,1,6265.00,6265.0
239056647361,DEMO4543231,239056647361, Buy,MESU5,MES,Micro E-mini S&P 500,6264.75,1,07/02/2025 01:10:04,239056647361, Filled,-2,0,0.25,,239056647361,07/02/2025 01:10:04,7/2/25,1,, Market,,,,,1,6264.75,6264.75
239056647372,DEMO4543231,239056647372, Sell,MESU5,MES,Micro E-mini S&P 500,6262.75,2,07/02/2025 01:20:02,239056647372, Filled,-2,0,0.25,,239056647372,07/02/2025 01:20:02,7/2/25,2,, Market,,,,,2,6262.75,6262.75
239056647381,DEMO4543231,239056647381, Buy,MESU5,MES,Micro E-mini S&P 500,6263.0,2,07/02/2025 01:35:01,239056647381, Filled,-2,0,0.25,,239056647381,07/02/2025 01:35:01,7/2/25,2,, Market,,,,,2,6263.00,6263.0
239056647392,DEMO4543231,239056647392, Sell,MESU5,MES,Micro E-mini S&P 500,6262.25,2,07/02/2025 01:40:03,239056647392, Filled,-2,0,0.25,,239056647392,07/02/2025 01:40:03,7/2/25,2,, Market,,,,,2,6262.25,6262.25
239056647401,DEMO4543231,239056647401, Buy,MESU5,MES,Micro E-mini S&P 500,6264.5,2,07/02/2025 02:00:05,239056647401, Filled,-2,0,0.25,,239056647401,07/02/2025 02:00:05,7/2/25,2,, Market,,,,,2,6264.50,6264.5
239056647412,DEMO4543231,239056647412, Sell,MESU5,MES,Micro E-mini S&P 500,6265.5,2,07/02/2025 02:10:00,239056647412, Filled,-2,0,0.25,,239056647412,07/02/2025 02:10:00,7/2/25,2,, Market,,,,,2,6265.50,6265.5
239056647421,DEMO4543231,239056647421, Buy,MESU5,MES,Micro E-mini S&P 500,6266.5,2,07/02/2025 02:20:06,239056647421, Filled,-2,0,0.25,,239056647421,07/02/2025 02:20:06,7/2/25,2,, Market,,,,,2,6266.50,6266.5
239056647432,DEMO4543231,239056647432, Sell,MESU5,MES,Micro E-mini S&P 500,6265.5,2,07/02/2025 02:30:01,239056647432, Filled,-2,0,0.25,,239056647432,07/02/2025 02:30:01,7/2/25,2,, Market,,,,,2,6265.50,6265.5
239056647441,DEMO4543231,239056647441, Buy,MESU5,MES,Micro E-mini S&P 500,6268.5,2,07/02/2025 02:45:03,239056647441, Filled,-2,0,0.25,,239056647441,07/02/2025 02:45:03,7/2/25,2,, Market,,,,,2,6268.50,6268.5
239056647452,DEMO4543231,239056647452, Sell,MESU5,MES,Micro E-mini S&P 500,6268.25,2,07/02/2025 02:50:00,239056647452, Filled,-2,0,0.25,,239056647452,07/02/2025 02:50:00,7/2/25,2,, Market,,,,,2,6268.25,6268.25
239056647461,DEMO4543231,239056647461, Buy,MESU5,MES,Micro E-mini S&P 500,6269.0,2,07/02/2025 02:55:05,239056647461, Filled,-2,0,0.25,,239056647461,07/02/2025 02:55:05,7/2/25,2,, Market,,,,,2,6269.00,6269.0
239056647472,DEMO4543231,239056647472, Sell,MESU5,MES,Micro E-mini S&P 500,6269.75,2,07/02/2025 03:05:03,239056647472, Filled,-2,0,0.25,,239056647472,07/02/2025 03:05:03,7/2/25,2,, Market,,,,,2,6269.75,6269.75
239056647481,DEMO4543231,239056647481, Buy,MESU5,MES,Micro E-mini S&P 500,6264.25,2,07/02/2025 03:22:35,239056647481, Filled,-2,0,0.25,,239056647481,07/02/2025 03:22:35,7/2/25,2,, Market,,,,,2,6264.25,6264.25
239056647492,DEMO4543231,239056647492, Sell,MESU5,MES,Micro E-mini S&P 500,6261.75,1,07/02/2025 03:30:02,239056647492, Filled,-2,0,0.25,,239056647492,07/02/2025 03:30:02,7/2/25,1,, Market,,,,,1,6261.75,6261.75
239056647501,DEMO4543231,239056647501, Buy,MESU5,MES,Micro E-mini S&P 500,6262.5,1,07/02/2025 03:35:03,239056647501, Filled,-2,0,0.25,,239056647501,07/02/2025 03:35:03,7/2/25,1,, Market,,,,,1,6262.50,6262.5
239056647512,DEMO4543231,239056647512, Sell,MESU5,MES,Micro E-mini S&P 500,6256.75,1,07/02/2025 03:50:07,239056647512, Filled,-2,0,0.25,,239056647512,07/02/2025 03:50:07,7/2/25,1,, Market,,,,,1,6256.75,6256.75
239056647521,DEMO4543231,239056647521, Buy,MESU5,MES,Micro E-mini S&P 500,6257.0,1,07/02/2025 04:00:00,239056647521, Filled,-2,0,0.25,,239056647521,07/02/2025 04:00:00,7/2/25,1,, Market,,,,,1,6257.00,6257.0
239056647532,DEMO4543231,239056647532, Sell,MESU5,MES,Micro E-mini S&P 500,6258.25,2,07/02/2025 04:15:00,239056647532, Filled,-2,0,0.25,,239056647532,07/02/2025 04:15:00,7/2/25,2,, Market,,,,,2,6258.25,6258.25
239056647541,DEMO4543231,239056647541, Buy,MESU5,MES,Micro E-mini S&P 500,6254.25,2,07/02/2025 04:26:57,239056647541, Filled,-2,0,0.25,,239056647541,07/02/2025 04:26:57,7/2/25,2,, Market,,,,,2,6254.25,6254.25
239056647552,DEMO4543231,239056647552, Sell,MESU5,MES,Micro E-mini S&P 500,6254.0,1,07/02/2025 04:45:11,239056647552, Filled,-2,0,0.25,,239056647552,07/02/2025 04:45:11,7/2/25,1,, Market,,,,,1,6254.00,6254.0
239056647561,DEMO4543231,239056647561, Buy,MESU5,MES,Micro E-mini S&P 500,6256.5,1,07/02/2025 04:50:03,239056647561, Filled,-2,0,0.25,,239056647561,07/02/2025 04:50:03,7/2/25,1,, Market,,,,,1,6256.50,6256.5
239056647572,DEMO4543231,239056647572, Sell,MESU5,MES,Micro E-mini S&P 500,6255.75,2,07/02/2025 04:55:04,239056647572, Filled,-2,0,0.25,,239056647572,07/02/2025 04:55:04,7/2/25,2,, Market,,,,,2,6255.75,6255.75
239056647581,DEMO4543231,239056647581, Buy,MESU5,MES,Micro E-mini S&P 500,6255.0,2,07/02/2025 05:15:04,239056647581, Filled,-2,0,0.25,,239056647581,07/02/2025 05:15:04,7/2/25,2,, Market,,,,,2,6255.00,6255.0
239056647592,DEMO4543231,239056647592, Sell,MESU5,MES,Micro E-mini S&P 500,6253.5,2,07/02/2025 05:40:00,239056647592, Filled,-2,0,0.25,,239056647592,07/02/2025 05:40:00,7/2/25,2,, Market,,,,,2,6253.50,6253.5
239056647601,DEMO4543231,239056647601, Buy,MESU5,MES,Micro E-mini S&P 500,6256.5,2,07/02/2025 05:45:01,239056647601, Filled,-2,0,0.25,,239056647601,07/02/2025 05:45:01,7/2/25,2,, Market,,,,,2,6256.50,6256.5
239056647612,DEMO4543231,239056647612, Sell,MESU5,MES,Micro E-mini S&P 500,6256.0,2,07/02/2025 05:55:07,239056647612, Filled,-2,0,0.25,,239056647612,07/02/2025 05:55:07,7/2/25,2,, Market,,,,,2,6256.00,6256.0
239056647621,DEMO4543231,239056647621, Buy,MESU5,MES,Micro E-mini S&P 500,6256.5,2,07/02/2025 06:00:21,239056647621, Filled,-2,0,0.25,,239056647621,07/02/2025 06:00:21,7/2/25,2,, Market,,,,,2,6256.50,6256.5
239056647632,DEMO4543231,239056647632, Sell,MESU5,MES,Micro E-mini S&P 500,6256.25,2,07/02/2025 06:05:00,239056647632, Filled,-2,0,0.25,,239056647632,07/02/2025 06:05:00,7/2/25,2,, Market,,,,,2,6256.25,6256.25
239056647641,DEMO4543231,239056647641, Buy,MESU5,MES,Micro E-mini S&P 500,6254.75,2,07/02/2025 06:35:05,239056647641, Filled,-2,0,0.25,,239056647641,07/02/2025 06:35:05,7/2/25,2,, Market,,,,,2,6254.75,6254.75
239056647652,DEMO4543231,239056647652, Sell,MESU5,MES,Micro E-mini S&P 500,6253.75,2,07/02/2025 06:40:05,239056647652, Filled,-2,0,0.25,,239056647652,07/02/2025 06:40:05,7/2/25,2,, Market,,,,,2,6253.75,6253.75
239056647661,DEMO4543231,239056647661, Sell,MGCQ5,MGC,E-Micro Gold,3353.9,1,07/02/2025 06:45:02,239056647661, Filled,-1,0,0.1,,239056647661,07/02/2025 06:45:02,7/2/25,1,, Market,,,,,1,3353.9,3353.9
239056647670,DEMO4543231,239056647670, Buy,MCLQ5,MCL,Micro Crude Oil,66.21000000000001,1,07/02/2025 06:45:05,239056647670, Filled,-2,0,0.01,,239056647670,07/02/2025 06:45:05,7/2/25,1,, Market,,,,,1,66.21,66.21000000000001
239056647677,DEMO4543231,239056647677, Sell,MBTN5,MBT,Micro Bitcoin,108345.0,2,07/02/2025 06:48:04,239056647677, Filled,0,0,5.0,,239056647677,07/02/2025 06:48:04,7/2/25,2,, Market,,,,,2,108345,108345.0
239056647687,DEMO4543231,239056647687, Buy,MBTN5,MBT,Micro Bitcoin,108375.0,2,07/02/2025 06:57:13,239056647687, Filled,0,0,5.0,,239056647687,07/02/2025 06:57:13,7/2/25,2,, Market,,,,,2,108375,108375.0
239056647698,DEMO4543231,239056647698, Buy,MGCQ5,MGC,E-Micro Gold,3355.5,1,07/02/2025 06:57:52,239056647698, Filled,-1,0,0.1,,239056647698,07/02/2025 06:57:52,7/2/25,1,, Market,,,,,1,3355.5,3355.5
239056647709,DEMO4543231,239056647709, Buy,MESU5,MES,Micro E-mini S&P 500,6255.25,2,07/02/2025 07:00:01,239056647709, Filled,-2,0,0.25,,239056647709,07/02/2025 07:00:01,7/2/25,2,, Market,,,,,2,6255.25,6255.25
239056647720,DEMO4543231,239056647720, Buy,MGCQ5,MGC,E-Micro Gold,3357.4,1,07/02/2025 07:03:02,239056647720, Filled,-1,0,0.1,,239056647720,07/02/2025 07:03:02,7/2/25,1,, Market,,,,,1,3357.4,3357.4
239056647729,DEMO4543231,239056647729, Sell,MGCQ5,MGC,E-Micro Gold,3356.3,1,07/02/2025 07:05:43,239056647729, Filled,-1,0,0.1,,239056647729,07/02/2025 07:05:43,7/2/25,1,, Market,,,,,1,3356.3,3356.3
239056647740,DEMO4543231,239056647740, Sell,MGCQ5,MGC,E-Micro Gold,3356.7000000000003,1,07/02/2025 07:06:03,239056647740, Filled,-1,0,0.1,,239056647740,07/02/2025 07:06:03,7/2/25,1,, Market,,,,,1,3356.7,3356.7000000000003
239056647749,DEMO4543231,239056647749, Buy,MGCQ5,MGC,E-Micro Gold,3355.7000000000003,1,07/02/2025 07:07:03,239056647749, Filled,-1,0,0.1,,239056647749,07/02/2025 07:07:03,7/2/25,1,, Market,,,,,1,3355.7,3355.7000000000003
239056647760,DEMO4543231,239056647760, Buy,MGCQ5,MGC,E-Micro Gold,3356.3,1,07/02/2025 07:12:04,239056647760, Filled,-1,0,0.1,,239056647760,07/02/2025 07:12:04,7/2/25,1,, Market,,,,,1,3356.3,3356.3
239056647769,DEMO4543231,239056647769, Sell,MBTN5,MBT,Micro Bitcoin,108375.0,1,07/02/2025 07:12:24,239056647769, Filled,0,0,5.0,,239056647769,07/02/2025 07:12:24,7/2/25,1,, Market,,,,,1,108375,108375.0
239056647778,DEMO4543231,239056647778, Buy,MBTN5,MBT,Micro Bitcoin,108350.0,1,07/02/2025 07:14:22,239056647778, Filled,0,0,5.0,,239056647778,07/02/2025 07:14:22,7/2/25,1,, Market,,,,,1,108350,108350.0
239056647789,DEMO4543231,239056647789, Sell,MESU5,MES,Micro E-mini S&P 500,6255.25,2,07/02/2025 07:15:02,239056647789, Filled,-2,0,0.25,,239056647789,07/02/2025 07:15:02,7/2/25,2,, Market,,,,,2,6255.25,6255.25
239056647798,DEMO4543231,239056647798, Sell,MGCQ5,MGC,E-Micro Gold,3355.0,1,07/02/2025 07:16:05,239056647798, Filled,-1,0,0.1,,239056647798,07/02/2025 07:16:04,7/2/25,1,, Market,,,,,1,3355.0,3355.0
239056647809,DEMO4543231,239056647809, Sell,MGCQ5,MGC,E-Micro Gold,3352.4,1,07/02/2025 07:18:02,239056647809, Filled,-1,0,0.1,,239056647809,07/02/2025 07:18:02,7/2/25,1,, Market,,,,,1,3352.4,3352.4
239056647818,DEMO4543231,239056647818, Sell,MBTN5,MBT,Micro Bitcoin,108300.0,1,07/02/2025 07:18:03,239056647818, Filled,0,0,5.0,,239056647818,07/02/2025 07:18:03,7/2/25,1,, Market,,,,,1,108300,108300.0
239056647827,DEMO4543231,239056647827, Buy,MBTN5,MBT,Micro Bitcoin,108355.0,1,07/02/2025 07:18:48,239056647827, Filled,0,0,5.0,,239056647827,07/02/2025 07:18:47,7/2/25,1,, Market,,,,,1,108355,108355.0
239056647838,DEMO4543231,239056647838, Buy,MGCQ5,MGC,E-Micro Gold,3353.5,1,07/02/2025 07:20:30,239056647838, Filled,-1,0,0.1,,239056647838,07/02/2025 07:20:30,7/2/25,1,, Market,,,,,1,3353.5,3353.5
239056647849,DEMO4543231,239056647849, Buy,MGCQ5,MGC,E-Micro Gold,3353.6000000000004,1,07/02/2025 07:21:01,239056647849, Filled,-1,0,0.1,,239056647849,07/02/2025 07:21:01,7/2/25,1,, Market,,,,,1,3353.6,3353.6000000000004
239056647858,DEMO4543231,239056647858, Buy,MBTN5,MBT,Micro Bitcoin,108355.0,1,07/02/2025 07:21:13,239056647858, Filled,0,0,5.0,,239056647858,07/02/2025 07:21:13,7/2/25,1,, Market,,,,,1,108355,108355.0
239056647867,DEMO4543231,239056647867, Sell,MBTN5,MBT,Micro Bitcoin,108295.0,1,07/02/2025 07:22:44,239056647867, Filled,0,0,5.0,,239056647867,07/02/2025 07:22:44,7/2/25,1,, Market,,,,,1,108295,108295.0
239056647878,DEMO4543231,239056647878, Sell,MGCQ5,MGC,E-Micro Gold,3354.5,1,07/02/2025 07:22:46,239056647878, Filled,-1,0,0.1,,239056647878,07/02/2025 07:22:46,7/2/25,1,, Market,,,,,1,3354.5,3354.5
239056647889,DEMO4543231,239056647889, Sell,MBTN5,MBT,Micro Bitcoin,108290.0,1,07/02/2025 07:24:04,239056647889, Filled,0,0,5.0,,239056647889,07/02/2025 07:24:04,7/2/25,1,, Market,,,,,1,108290,108290.0
239056647898,DEMO4543231,239056647898, Sell,MCLQ5,MCL,Micro Crude Oil,66.34,1,07/02/2025 07:24:11,239056647898, Filled,-2,0,0.01,,239056647898,07/02/2025 07:24:11,7/2/25,1,, Market,,,,,1,66.34,66.34
239056647907,DEMO4543231,239056647907, Buy,MBTN5,MBT,Micro Bitcoin,108305.0,1,07/02/2025 07:27:11,239056647907, Filled,0,0,5.0,,239056647907,07/02/2025 07:27:11,7/2/25,1,, Market,,,,,1,108305,108305.0
239056647918,DEMO4543231,239056647918, Buy,MCLQ5,MCL,Micro Crude Oil,66.39,2,07/02/2025 07:30:07,239056647918, Filled,-2,0,0.01,,239056647918,07/02/2025 07:30:07,7/2/25,2,, Market,,,,,2,66.39,66.39
239056647925,DEMO4543231,239056647925, Sell,MGCQ5,MGC,E-Micro Gold,3354.6000000000004,1,07/02/2025 07:30:07,239056647925, Filled,-1,0,0.1,,239056647925,07/02/2025 07:30:07,7/2/25,1,, Market,,,,,1,3354.6,3354.6000000000004
239056647934,DEMO4543231,239056647934, Buy,MESU5,MES,Micro E-mini S&P 500,6257.25,2,07/02/2025 07:30:13,239056647934, Filled,-2,0,0.25,,239056647934,07/02/2025 07:30:13,7/2/25,2,, Market,,,,,2,6257.25,6257.25
239056647945,DEMO4543231,239056647945, Buy,MGCQ5,MGC,E-Micro Gold,3355.5,1,07/02/2025 07:32:09,239056647945, Filled,-1,0,0.1,,239056647945,07/02/2025 07:32:09,7/2/25,1,, Market,,,,,1,3355.5,3355.5
239056647956,DEMO4543231,239056647956, Sell,MCLQ5,MCL,Micro Crude Oil,66.39,2,07/02/2025 07:32:39,239056647956, Filled,-2,0,0.01,,239056647956,07/02/2025 07:32:39,7/2/25,2,, Market,,,,,2,66.39,66.39
239056647966,DEMO4543231,239056647966, Buy,MESU5,MES,Micro E-mini S&P 500,6255.75,1,07/02/2025 07:40:16,239056647966, Filled,-2,0,0.25,,239056647966,07/02/2025 07:40:16,7/2/25,1,, Market,,,,,1,6255.75,6255.75
239056647975,DEMO4543231,239056647975, Buy,MBTN5,MBT,Micro Bitcoin,108080.0,1,07/02/2025 07:45:03,239056647975, Filled,0,0,5.0,,239056647975,07/02/2025 07:45:03,7/2/25,1,, Market,,,,,1,108080,108080.0
239056647984,DEMO4543231,239056647984, Buy,MGCQ5,MGC,E-Micro Gold,3352.7000000000003,1,07/02/2025 07:45:04,239056647984, Filled,-1,0,0.1,,239056647984,07/02/2025 07:45:04,7/2/25,1,, Market,,,,,1,3352.7,3352.7000000000003
239056647993,DEMO4543231,239056647993, Sell,MGCQ5,MGC,E-Micro Gold,3352.1000000000004,1,07/02/2025 07:45:21,239056647993, Filled,-1,0,0.1,,239056647993,07/02/2025 07:45:21,7/2/25,1,, Market,,,,,1,3352.1,3352.1000000000004
239056648004,DEMO4543231,239056648004, Sell,MBTN5,MBT,Micro Bitcoin,108040.0,1,07/02/2025 07:46:05,239056648004, Filled,0,0,5.0,,239056648004,07/02/2025 07:46:05,7/2/25,1,, Market,,,,,1,108040,108040.0
239056648015,DEMO4543231,239056648015, Sell,MESU5,MES,Micro E-mini S&P 500,6253.25,1,07/02/2025 07:48:05,239056648015, Filled,-2,0,0.25,,239056648015,07/02/2025 07:48:05,7/2/25,1,, Market,,,,,1,6253.25,6253.25
239056648026,DEMO4543231,239056648026, Buy,MBTN5,MBT,Micro Bitcoin,107975.0,1,07/02/2025 07:54:04,239056648026, Filled,0,0,5.0,,239056648026,07/02/2025 07:54:04,7/2/25,1,, Market,,,,,1,107975,107975.0
239056648035,DEMO4543231,239056648035, Buy,MGCQ5,MGC,E-Micro Gold,3351.5,1,07/02/2025 07:54:04,239056648035, Filled,-1,0,0.1,,239056648035,07/02/2025 07:54:04,7/2/25,1,, Market,,,,,1,3351.5,3351.5
239056648044,DEMO4543231,239056648044, Sell,MGCQ5,MGC,E-Micro Gold,3352.3,1,07/02/2025 07:59:37,239056648044, Filled,-1,0,0.1,,239056648044,07/02/2025 07:59:37,7/2/25,1,, Market,,,,,1,3352.3,3352.3
239056648055,DEMO4543231,239056648055, Buy,MESU5,MES,Micro E-mini S&P 500,6249.5,1,07/02/2025 08:00:01,239056648055, Filled,-2,0,0.25,,239056648055,07/02/2025 08:00:01,7/2/25,1,, Market,,,,,1,6249.50,6249.5
239056648064,DEMO4543231,239056648064, Buy,MGCQ5,MGC,E-Micro Gold,3353.0,1,07/02/2025 08:00:03,239056648064, Filled,-1,0,0.1,,239056648064,07/02/2025 08:00:03,7/2/25,1,, Market,,,,,1,3353.0,3353.0
239056648073,DEMO4543231,239056648073, Sell,MESU5,MES,Micro E-mini S&P 500,6247.75,1,07/02/2025 08:00:34,239056648073, Filled,-2,0,0.25,,239056648073,07/02/2025 08:00:34,7/2/25,1,, Market,,,,,1,6247.75,6247.75
239056648084,DEMO4543231,239056648084, Sell,MGCQ5,MGC,E-Micro Gold,3351.7000000000003,1,07/02/2025 08:01:04,239056648084, Filled,-1,0,0.1,,239056648084,07/02/2025 08:01:04,7/2/25,1,, Market,,,,,1,3351.7,3351.7000000000003
239056648095,DEMO4543231,239056648095, Sell,MBTN5,MBT,Micro Bitcoin,108025.0,1,07/02/2025 08:03:11,239056648095, Filled,0,0,5.0,,239056648095,07/02/2025 08:03:11,7/2/25,1,, Market,,,,,1,108025,108025.0
239056648106,DEMO4543231,239056648106, Buy,MBTN5,MBT,Micro Bitcoin,108040.0,1,07/02/2025 08:06:04,239056648106, Filled,0,0,5.0,,239056648106,07/02/2025 08:06:04,7/2/25,1,, Market,,,,,1,108040,108040.0
239056648115,DEMO4543231,239056648115, Sell,MBTN5,MBT,Micro Bitcoin,107990.0,1,07/02/2025 08:08:13,239056648115, Filled,0,0,5.0,,239056648115,07/02/2025 08:08:13,7/2/25,1,, Market,,,,,1,107990,107990.0
239056648126,DEMO4543231,239056648126, Buy,MESU5,MES,Micro E-mini S&P 500,6250.75,1,07/02/2025 08:10:03,239056648126, Filled,-2,0,0.25,,239056648126,07/02/2025 08:10:03,7/2/25,1,, Market,,,,,1,6250.75,6250.75
239056648135,DEMO4543231,239056648135, Sell,MESU5,MES,Micro E-mini S&P 500,6252.5,1,07/02/2025 08:12:22,239056648135, Filled,-2,0,0.25,,239056648135,07/02/2025 08:12:22,7/2/25,1,, Market,,,,,1,6252.50,6252.5
239056648146,DEMO4543231,239056648146, Buy,MBTN5,MBT,Micro Bitcoin,107955.0,1,07/02/2025 08:15:11,239056648146, Filled,0,0,5.0,,239056648146,07/02/2025 08:15:11,7/2/25,1,, Market,,,,,1,107955,107955.0
239056648155,DEMO4543231,239056648155, Sell,MBTN5,MBT,Micro Bitcoin,107830.0,1,07/02/2025 08:15:17,239056648155, Filled,0,0,5.0,,239056648155,07/02/2025 08:15:17,7/2/25,1,, Market,,,,,1,107830,107830.0
239056648166,DEMO4543231,239056648166, Buy,MGCQ5,MGC,E-Micro Gold,3359.2000000000003,1,07/02/2025 08:21:01,239056648166, Filled,-1,0,0.1,,239056648166,07/02/2025 08:21:01,7/2/25,1,, Market,,,,,1,3359.2,3359.2000000000003
239056648175,DEMO4543231,239056648175, Sell,MGCQ5,MGC,E-Micro Gold,3359.1000000000004,1,07/02/2025 08:21:05,239056648175, Filled,-1,0,0.1,,239056648175,07/02/2025 08:21:05,7/2/25,1,, Market,,,,,1,3359.1,3359.1000000000004
239056648186,DEMO4543231,239056648186, Buy,MBTN5,MBT,Micro Bitcoin,107785.0,1,07/02/2025 08:27:09,239056648186, Filled,0,0,5.0,,239056648186,07/02/2025 08:27:09,7/2/25,1,, Market,,,,,1,107785,107785.0
239056648195,DEMO4543231,239056648195, Sell,MBTN5,MBT,Micro Bitcoin,107830.0,1,07/02/2025 08:29:15,239056648195, Filled,0,0,5.0,,239056648195,07/02/2025 08:29:15,7/2/25,1,, Market,,,,,1,107830,107830.0
239056648206,DEMO4543231,239056648206, Buy,MGCQ5,MGC,E-Micro Gold,3356.7000000000003,1,07/02/2025 08:36:01,239056648206, Filled,-1,0,0.1,,239056648206,07/02/2025 08:36:01,7/2/25,1,, Market,,,,,1,3356.7,3356.7000000000003
239056648215,DEMO4543231,239056648215, Sell,MGCQ5,MGC,E-Micro Gold,3356.1000000000004,1,07/02/2025 08:37:03,239056648215, Filled,-1,0,0.1,,239056648215,07/02/2025 08:37:03,7/2/25,1,, Market,,,,,1,3356.1,3356.1000000000004
239056648226,DEMO4543231,239056648226, Buy,MBTN5,MBT,Micro Bitcoin,107845.0,1,07/02/2025 08:39:05,239056648226, Filled,0,0,5.0,,239056648226,07/02/2025 08:39:05,7/2/25,1,, Market,,,,,1,107845,107845.0
239056648235,DEMO4543231,239056648235, Sell,MBTN5,MBT,Micro Bitcoin,107775.0,1,07/02/2025 08:41:02,239056648235, Filled,0,0,5.0,,239056648235,07/02/2025 08:41:02,7/2/25,1,, Market,,,,,1,107775,107775.0
239056648246,DEMO4543231,239056648246, Buy,MBTN5,MBT,Micro Bitcoin,107770.0,1,07/02/2025 08:45:13,239056648246, Filled,0,0,5.0,,239056648246,07/02/2025 08:45:13,7/2/25,1,, Market,,,,,1,107770,107770.0
239056648255,DEMO4543231,239056648255, Sell,MBTN5,MBT,Micro Bitcoin,107820.0,1,07/02/2025 08:47:26,239056648255, Filled,0,0,5.0,,239056648255,07/02/2025 08:47:26,7/2/25,1,, Market,,,,,1,107820,107820.0
239056648266,DEMO4543231,239056648266, Buy,MESU5,MES,Micro E-mini S&P 500,6239.5,1,07/02/2025 08:50:00,239056648266, Filled,-2,0,0.25,,239056648266,07/02/2025 08:50:00,7/2/25,1,, Market,,,,,1,6239.50,6239.5
239056648275,DEMO4543231,239056648275, Buy,MGCQ5,MGC,E-Micro Gold,3361.7000000000003,1,07/02/2025 08:51:01,239056648275, Filled,-1,0,0.1,,239056648275,07/02/2025 08:51:00,7/2/25,1,, Market,,,,,1,3361.7,3361.7000000000003
239056648284,DEMO4543231,239056648284, Sell,MGCQ5,MGC,E-Micro Gold,3360.3,1,07/02/2025 08:52:01,239056648284, Filled,-1,0,0.1,,239056648284,07/02/2025 08:52:01,7/2/25,1,, Market,,,,,1,3360.3,3360.3
239056648295,DEMO4543231,239056648295, Sell,MESU5,MES,Micro E-mini S&P 500,6241.75,1,07/02/2025 09:01:28,239056648295, Filled,-2,0,0.25,,239056648295,07/02/2025 09:01:28,7/2/25,1,, Market,,,,,1,6241.75,6241.75
239056648306,DEMO4543231,239056648306, Buy,MBTN5,MBT,Micro Bitcoin,107985.0,1,07/02/2025 09:06:04,239056648306, Filled,0,0,5.0,,239056648306,07/02/2025 09:06:04,7/2/25,1,, Market,,,,,1,107985,107985.0
239056648315,DEMO4543231,239056648315, Buy,MGCQ5,MGC,E-Micro Gold,3356.2000000000003,1,07/02/2025 09:09:00,239056648315, Filled,-1,0,0.1,,239056648315,07/02/2025 09:09:00,7/2/25,1,, Market,,,,,1,3356.2,3356.2000000000003
239056648324,DEMO4543231,239056648324, Sell,MGCQ5,MGC,E-Micro Gold,3356.3,1,07/02/2025 09:10:05,239056648324, Filled,-1,0,0.1,,239056648324,07/02/2025 09:10:05,7/2/25,1,, Market,,,,,1,3356.3,3356.3
239056648335,DEMO4543231,239056648335, Sell,MBTN5,MBT,Micro Bitcoin,108015.0,1,07/02/2025 09:10:19,239056648335, Filled,0,0,5.0,,239056648335,07/02/2025 09:10:19,7/2/25,1,, Market,,,,,1,108015,108015.0
239056648346,DEMO4543231,239056648346, Buy,MGCQ5,MGC,E-Micro Gold,3355.1000000000004,1,07/02/2025 09:15:09,239056648346, Filled,-1,0,0.1,,239056648346,07/02/2025 09:15:09,7/2/25,1,, Market,,,,,1,3355.1,3355.1000000000004
239056648355,DEMO4543231,239056648355, Sell,MGCQ5,MGC,E-Micro Gold,3354.2000000000003,1,07/02/2025 09:15:20,239056648355, Filled,-1,0,0.1,,239056648355,07/02/2025 09:15:20,7/2/25,1,, Market,,,,,1,3354.2,3354.2000000000003
239056648366,DEMO4543231,239056648366, Buy,MESU5,MES,Micro E-mini S&P 500,6242.75,1,07/02/2025 09:25:01,239056648366, Filled,-2,0,0.25,,239056648366,07/02/2025 09:25:01,7/2/25,1,, Market,,,,,1,6242.75,6242.75
239056648375,DEMO4543231,239056648375, Buy,MGCQ5,MGC,E-Micro Gold,3355.9,1,07/02/2025 09:27:02,239056648375, Filled,-1,0,0.1,,239056648375,07/02/2025 09:27:02,7/2/25,1,, Market,,,,,1,3355.9,3355.9
239056648384,DEMO4543231,239056648384, Buy,MBTN5,MBT,Micro Bitcoin,108035.0,1,07/02/2025 09:27:07,239056648384, Filled,0,0,5.0,,239056648384,07/02/2025 09:27:07,7/2/25,1,, Market,,,,,1,108035,108035.0
239056648393,DEMO4543231,239056648393, Sell,MGCQ5,MGC,E-Micro Gold,3355.0,1,07/02/2025 09:28:01,239056648393, Filled,-1,0,0.1,,239056648393,07/02/2025 09:28:01,7/2/25,1,, Market,,,,,1,3355.0,3355.0
239056648404,DEMO4543231,239056648404, Sell,MESU5,MES,Micro E-mini S&P 500,6244.5,1,07/02/2025 09:28:01,239056648404, Filled,-2,0,0.25,,239056648404,07/02/2025 09:28:01,7/2/25,1,, Market,,,,,1,6244.50,6244.5
239056648415,DEMO4543231,239056648415, Sell,MBTN5,MBT,Micro Bitcoin,108010.0,1,07/02/2025 09:30:15,239056648415, Filled,0,0,5.0,,239056648415,07/02/2025 09:30:15,7/2/25,1,, Market,,,,,1,108010,108010.0
239056648426,DEMO4543231,239056648426, Buy,MBTN5,MBT,Micro Bitcoin,108120.0,1,07/02/2025 09:36:05,239056648426, Filled,0,0,5.0,,239056648426,07/02/2025 09:36:05,7/2/25,1,, Market,,,,,1,108120,108120.0
239056648435,DEMO4543231,239056648435, Sell,MBTN5,MBT,Micro Bitcoin,108070.0,1,07/02/2025 09:36:16,239056648435, Filled,0,0,5.0,,239056648435,07/02/2025 09:36:16,7/2/25,1,, Market,,,,,1,108070,108070.0
239056648446,DEMO4543231,239056648446, Buy,MESU5,MES,Micro E-mini S&P 500,6244.75,1,07/02/2025 09:40:00,239056648446, Filled,-2,0,0.25,,239056648446,07/02/2025 09:40:00,7/2/25,1,, Market,,,,,1,6244.75,6244.75
239056648455,DEMO4543231,239056648455, Buy,MBTN5,MBT,Micro Bitcoin,108165.0,1,07/02/2025 09:42:00,239056648455, Filled,0,0,5.0,,239056648455,07/02/2025 09:42:00,7/2/25,1,, Market,,,,,1,108165,108165.0
239056648464,DEMO4543231,239056648464, Buy,MGCQ5,MGC,E-Micro Gold,3354.2000000000003,1,07/02/2025 09:42:01,239056648464, Filled,-1,0,0.1,,239056648464,07/02/2025 09:42:01,7/2/25,1,, Market,,,,,1,3354.2,3354.2000000000003
239056648473,DEMO4543231,239056648473, Sell,MBTN5,MBT,Micro Bitcoin,108235.0,1,07/02/2025 09:42:25,239056648473, Filled,0,0,5.0,,239056648473,07/02/2025 09:42:25,7/2/25,1,, Market,,,,,1,108235,108235.0
239056648484,DEMO4543231,239056648484, Sell,MGCQ5,MGC,E-Micro Gold,3353.0,1,07/02/2025 09:42:28,239056648484, Filled,-1,0,0.1,,239056648484,07/02/2025 09:42:28,7/2/25,1,, Market,,,,,1,3353.0,3353.0
239056648495,DEMO4543231,239056648495, Sell,MESU5,MES,Micro E-mini S&P 500,6242.0,1,07/02/2025 09:43:33,239056648495, Filled,-2,0,0.25,,239056648495,07/02/2025 09:43:33,7/2/25,1,, Market,,,,,1,6242.00,6242.0
239056648506,DEMO4543231,239056648506, Buy,MBTN5,MBT,Micro Bitcoin,108480.0,1,07/02/2025 09:48:03,239056648506, Filled,0,0,5.0,,239056648506,07/02/2025 09:48:03,7/2/25,1,, Market,,,,,1,108480,108480.0
239056648515,DEMO4543231,239056648515, Sell,MBTN5,MBT,Micro Bitcoin,108465.0,1,07/02/2025 09:48:05,239056648515, Filled,0,0,5.0,,239056648515,07/02/2025 09:48:05,7/2/25,1,, Market,,,,,1,108465,108465.0
239056648526,DEMO4543231,239056648526, Buy,MGCQ5,MGC,E-Micro Gold,3348.6000000000004,1,07/02/2025 09:54:01,239056648526, Filled,-1,0,0.1,,239056648526,07/02/2025 09:54:01,7/2/25,1,, Market,,,,,1,3348.6,3348.6000000000004
239056648535,DEMO4543231,239056648535, Sell,MGCQ5,MGC,E-Micro Gold,3347.3,1,07/02/2025 09:54:30,239056648535, Filled,-1,0,0.1,,239056648535,07/02/2025 09:54:30,7/2/25,1,, Market,,,,,1,3347.3,3347.3
239056648546,DEMO4543231,239056648546, Buy,MESU5,MES,Micro E-mini S&P 500,6246.75,1,07/02/2025 09:55:01,239056648546, Filled,-2,0,0.25,,239056648546,07/02/2025 09:55:01,7/2/25,1,, Market,,,,,1,6246.75,6246.75
239056648555,DEMO4543231,239056648555, Sell,MESU5,MES,Micro E-mini S&P 500,6244.25,1,07/02/2025 09:55:25,239056648555, Filled,-2,0,0.25,,239056648555,07/02/2025 09:55:25,7/2/25,1,, Market,,,,,1,6244.25,6244.25
239056648566,DEMO4543231,239056648566, Buy,MBTN5,MBT,Micro Bitcoin,108260.0,1,07/02/2025 09:57:01,239056648566, Filled,0,0,5.0,,239056648566,07/02/2025 09:57:01,7/2/25,1,, Market,,,,,1,108260,108260.0
239056648575,DEMO4543231,239056648575, Sell,MBTN5,MBT,Micro Bitcoin,108315.0,1,07/02/2025 09:58:42,239056648575, Filled,0,0,5.0,,239056648575,07/02/2025 09:58:42,7/2/25,1,, Market,,,,,1,108315,108315.0
239056648586,DEMO4543231,239056648586, Buy,MGCQ5,MGC,E-Micro Gold,3347.6000000000004,1,07/02/2025 10:00:32,239056648586, Filled,-1,0,0.1,,239056648586,07/02/2025 10:00:32,7/2/25,1,, Market,,,,,1,3347.6,3347.6000000000004
239056648595,DEMO4543231,239056648595, Sell,MGCQ5,MGC,E-Micro Gold,3348.5,1,07/02/2025 10:00:54,239056648595, Filled,-1,0,0.1,,239056648595,07/02/2025 10:00:54,7/2/25,1,, Market,,,,,1,3348.5,3348.5
239056648606,DEMO4543231,239056648606, Buy,MESU5,MES,Micro E-mini S&P 500,6249.0,1,07/02/2025 10:05:00,239056648606, Filled,-2,0,0.25,,239056648606,07/02/2025 10:05:00,7/2/25,1,, Market,,,,,1,6249.00,6249.0
239056648615,DEMO4543231,239056648615, Buy,MBTN5,MBT,Micro Bitcoin,108385.0,1,07/02/2025 10:06:05,239056648615, Filled,0,0,5.0,,239056648615,07/02/2025 10:06:05,7/2/25,1,, Market,,,,,1,108385,108385.0
239056648624,DEMO4543231,239056648624, Sell,MBTN5,MBT,Micro Bitcoin,108425.0,1,07/02/2025 10:06:37,239056648624, Filled,0,0,5.0,,239056648624,07/02/2025 10:06:37,7/2/25,1,, Market,,,,,1,108425,108425.0
239056648635,DEMO4543231,239056648635, Sell,MESU5,MES,Micro E-mini S&P 500,6251.25,1,07/02/2025 10:06:55,239056648635, Filled,-2,0,0.25,,239056648635,07/02/2025 10:06:55,7/2/25,1,, Market,,,,,1,6251.25,6251.25
239056648646,DEMO4543231,239056648646, Buy,MGCQ5,MGC,E-Micro Gold,3346.8,1,07/02/2025 10:12:05,239056648646, Filled,-1,0,0.1,,239056648646,07/02/2025 10:12:05,7/2/25,1,, Market,,,,,1,3346.8,3346.8
239056648655,DEMO4543231,239056648655, Sell,MGCQ5,MGC,E-Micro Gold,3347.3,1,07/02/2025 10:13:07,239056648655, Filled,-1,0,0.1,,239056648655,07/02/2025 10:13:07,7/2/25,1,, Market,,,,,1,3347.3,3347.3
239056648666,DEMO4543231,239056648666, Buy,MESU5,MES,Micro E-mini S&P 500,6252.0,1,07/02/2025 10:20:01,239056648666, Filled,-2,0,0.25,,239056648666,07/02/2025 10:20:01,7/2/25,1,, Market,,,,,1,6252.00,6252.0
239056648675,DEMO4543231,239056648675, Buy,MGCQ5,MGC,E-Micro Gold,3347.2000000000003,1,07/02/2025 10:21:01,239056648675, Filled,-1,0,0.1,,239056648675,07/02/2025 10:21:01,7/2/25,1,, Market,,,,,1,3347.2,3347.2000000000003
239056648684,DEMO4543231,239056648684, Sell,MGCQ5,MGC,E-Micro Gold,3346.2000000000003,1,07/02/2025 10:21:12,239056648684, Filled,-1,0,0.1,,239056648684,07/02/2025 10:21:12,7/2/25,1,, Market,,,,,1,3346.2,3346.2000000000003
239056648695,DEMO4543231,239056648695, Sell,MESU5,MES,Micro E-mini S&P 500,6253.75,1,07/02/2025 10:25:09,239056648695, Filled,-2,0,0.25,,239056648695,07/02/2025 10:25:09,7/2/25,1,, Market,,,,,1,6253.75,6253.75
239056648706,DEMO4543231,239056648706, Buy,MBTN5,MBT,Micro Bitcoin,108650.0,1,07/02/2025 10:27:01,239056648706, Filled,0,0,5.0,,239056648706,07/02/2025 10:27:01,7/2/25,1,, Market,,,,,1,108650,108650.0
239056648715,DEMO4543231,239056648715, Sell,MBTN5,MBT,Micro Bitcoin,108560.0,1,07/02/2025 10:27:31,239056648715, Filled,0,0,5.0,,239056648715,07/02/2025 10:27:31,7/2/25,1,, Market,,,,,1,108560,108560.0
239056648726,DEMO4543231,239056648726, Buy,MGCQ5,MGC,E-Micro Gold,3349.6000000000004,1,07/02/2025 10:36:04,239056648726, Filled,-1,0,0.1,,239056648726,07/02/2025 10:36:04,7/2/25,1,, Market,,,,,1,3349.6,3349.6000000000004
239056648735,DEMO4543231,239056648735, Buy,MBTN5,MBT,Micro Bitcoin,108380.0,1,07/02/2025 10:36:04,239056648735, Filled,0,0,5.0,,239056648735,07/02/2025 10:36:04,7/2/25,1,, Market,,,,,1,108380,108380.0
239056648744,DEMO4543231,239056648744, Sell,MBTN5,MBT,Micro Bitcoin,108315.0,1,07/02/2025 10:36:22,239056648744, Filled,0,0,5.0,,239056648744,07/02/2025 10:36:22,7/2/25,1,, Market,,,,,1,108315,108315.0
239056648755,DEMO4543231,239056648755, Sell,MGCQ5,MGC,E-Micro Gold,3348.3,1,07/02/2025 10:40:19,239056648755, Filled,-1,0,0.1,,239056648755,07/02/2025 10:40:19,7/2/25,1,, Market,,,,,1,3348.3,3348.3
239056648766,DEMO4543231,239056648766, Buy,MGCQ5,MGC,E-Micro Gold,3351.9,1,07/02/2025 10:48:03,239056648766, Filled,-1,0,0.1,,239056648766,07/02/2025 10:48:03,7/2/25,1,, Market,,,,,1,3351.9,3351.9
239056648775,DEMO4543231,239056648775, Buy,MBTN5,MBT,Micro Bitcoin,108600.0,1,07/02/2025 10:48:03,239056648775, Filled,0,0,5.0,,239056648775,07/02/2025 10:48:03,7/2/25,1,, Market,,,,,1,108600,108600.0
239056648784,DEMO4543231,239056648784, Sell,MGCQ5,MGC,E-Micro Gold,3350.7000000000003,1,07/02/2025 10:48:34,239056648784, Filled,-1,0,0.1,,239056648784,07/02/2025 10:48:34,7/2/25,1,, Market,,,,,1,3350.7,3350.7000000000003
239056648795,DEMO4543231,239056648795, Sell,MBTN5,MBT,Micro Bitcoin,108640.0,1,07/02/2025 10:50:37,239056648795, Filled,0,0,5.0,,239056648795,07/02/2025 10:50:37,7/2/25,1,, Market,,,,,1,108640,108640.0
239056648806,DEMO4543231,239056648806, Buy,MBTN5,MBT,Micro Bitcoin,108705.0,1,07/02/2025 10:57:04,239056648806, Filled,0,0,5.0,,239056648806,07/02/2025 10:57:04,7/2/25,1,, Market,,,,,1,108705,108705.0
239056648815,DEMO4543231,239056648815, Sell,MBTN5,MBT,Micro Bitcoin,108735.0,1,07/02/2025 10:58:27,239056648815, Filled,0,0,5.0,,239056648815,07/02/2025 10:58:27,7/2/25,1,, Market,,,,,1,108735,108735.0
239056648826,DEMO4543231,239056648826, Buy,MGCQ5,MGC,E-Micro Gold,3354.4,1,07/02/2025 11:00:04,239056648826, Filled,-1,0,0.1,,239056648826,07/02/2025 11:00:04,7/2/25,1,, Market,,,,,1,3354.4,3354.4
239056648835,DEMO4543231,239056648835, Sell,MGCQ5,MGC,E-Micro Gold,3353.5,1,07/02/2025 11:01:55,239056648835, Filled,-1,0,0.1,,239056648835,07/02/2025 11:01:55,7/2/25,1,, Market,,,,,1,3353.5,3353.5
239056648846,DEMO4543231,239056648846, Buy,MESU5,MES,Micro E-mini S&P 500,6261.75,1,07/02/2025 11:05:04,239056648846, Filled,-2,0,0.25,,239056648846,07/02/2025 11:05:04,7/2/25,1,, Market,,,,,1,6261.75,6261.75
239056648855,DEMO4543231,239056648855, Sell,MESU5,MES,Micro E-mini S&P 500,6259.0,1,07/02/2025 11:10:12,239056648855, Filled,-2,0,0.25,,239056648855,07/02/2025 11:10:12,7/2/25,1,, Market,,,,,1,6259.00,6259.0
239056648866,DEMO4543231,239056648866, Buy,MBTN5,MBT,Micro Bitcoin,109125.0,1,07/02/2025 11:12:03,239056648866, Filled,0,0,5.0,,239056648866,07/02/2025 11:12:03,7/2/25,1,, Market,,,,,1,109125,109125.0
239056648875,DEMO4543231,239056648875, Sell,MBTN5,MBT,Micro Bitcoin,109060.0,1,07/02/2025 11:12:14,239056648875, Filled,0,0,5.0,,239056648875,07/02/2025 11:12:14,7/2/25,1,, Market,,,,,1,109060,109060.0
239056648886,DEMO4543231,239056648886, Buy,MBTN5,MBT,Micro Bitcoin,109055.0,1,07/02/2025 11:18:05,239056648886, Filled,0,0,5.0,,239056648886,07/02/2025 11:18:05,7/2/25,1,, Market,,,,,1,109055,109055.0
239056648895,DEMO4543231,239056648895, Sell,MBTN5,MBT,Micro Bitcoin,109005.0,1,07/02/2025 11:19:24,239056648895, Filled,0,0,5.0,,239056648895,07/02/2025 11:19:24,7/2/25,1,, Market,,,,,1,109005,109005.0
239056648906,DEMO4543231,239056648906, Buy,MESU5,MES,Micro E-mini S&P 500,6259.5,1,07/02/2025 11:20:01,239056648906, Filled,-2,0,0.25,,239056648906,07/02/2025 11:20:01,7/2/25,1,, Market,,,,,1,6259.50,6259.5
239056648915,DEMO4543231,239056648915, Buy,MGCQ5,MGC,E-Micro Gold,3351.8,1,07/02/2025 11:21:01,239056648915, Filled,-1,0,0.1,,239056648915,07/02/2025 11:21:01,7/2/25,1,, Market,,,,,1,3351.8,3351.8
239056648924,DEMO4543231,239056648924, Sell,MGCQ5,MGC,E-Micro Gold,3350.8,1,07/02/2025 11:21:49,239056648924, Filled,-1,0,0.1,,239056648924,07/02/2025 11:21:49,7/2/25,1,, Market,,,,,1,3350.8,3350.8
239056648935,DEMO4543231,239056648935, Sell,MESU5,MES,Micro E-mini S&P 500,6261.5,1,07/02/2025 11:21:54,239056648935, Filled,-2,0,0.25,,239056648935,07/02/2025 11:21:54,7/2/25,1,, Market,,,,,1,6261.50,6261.5
239056648946,DEMO4543231,239056648946, Buy,MGCQ5,MGC,E-Micro Gold,3352.7000000000003,1,07/02/2025 11:30:20,239056648946, Filled,-1,0,0.1,,239056648946,07/02/2025 11:30:20,7/2/25,1,, Market,,,,,1,3352.7,3352.7000000000003
239056648955,DEMO4543231,239056648955, Buy,MESU5,MES,Micro E-mini S&P 500,6262.5,1,07/02/2025 11:35:05,239056648955, Filled,-2,0,0.25,,239056648955,07/02/2025 11:35:05,7/2/25,1,, Market,,,,,1,6262.50,6262.5
239056648964,DEMO4543231,239056648964, Sell,MESU5,MES,Micro E-mini S&P 500,6264.25,1,07/02/2025 11:35:31,239056648964, Filled,-2,0,0.25,,239056648964,07/02/2025 11:35:31,7/2/25,1,, Market,,,,,1,6264.25,6264.25
239056648975,DEMO4543231,239056648975, Buy,MBTN5,MBT,Micro Bitcoin,109000.0,1,07/02/2025 11:36:01,239056648975, Filled,0,0,5.0,,239056648975,07/02/2025 11:36:01,7/2/25,1,, Market,,,,,1,109000,109000.0
239056648984,DEMO4543231,239056648984, Sell,MGCQ5,MGC,E-Micro Gold,3353.0,1,07/02/2025 11:36:23,239056648984, Filled,-1,0,0.1,,239056648984,07/02/2025 11:36:23,7/2/25,1,, Market,,,,,1,3353.0,3353.0
239056648995,DEMO4543231,239056648995, Sell,MBTN5,MBT,Micro Bitcoin,109055.0,1,07/02/2025 11:37:14,239056648995, Filled,0,0,5.0,,239056648995,07/02/2025 11:37:14,7/2/25,1,, Market,,,,,1,109055,109055.0
239056649006,DEMO4543231,239056649006, Buy,MBTN5,MBT,Micro Bitcoin,109120.0,1,07/02/2025 11:48:06,239056649006, Filled,0,0,5.0,,239056649006,07/02/2025 11:48:06,7/2/25,1,, Market,,,,,1,109120,109120.0
239056649015,DEMO4543231,239056649015, Sell,MBTN5,MBT,Micro Bitcoin,109050.0,1,07/02/2025 11:49:14,239056649015, Filled,0,0,5.0,,239056649015,07/02/2025 11:49:14,7/2/25,1,, Market,,,,,1,109050,109050.0
239056649026,DEMO4543231,239056649026, Buy,MESU5,MES,Micro E-mini S&P 500,6265.0,1,07/02/2025 11:50:02,239056649026, Filled,-2,0,0.25,,239056649026,07/02/2025 11:50:02,7/2/25,1,, Market,,,,,1,6265.00,6265.0
239056649035,DEMO4543231,239056649035, Buy,MCLQ5,MCL,Micro Crude Oil,66.65,1,07/02/2025 11:57:02,239056649035, Filled,-2,0,0.01,,239056649035,07/02/2025 11:57:02,7/2/25,1,, Market,,,,,1,66.65,66.65
239056649042,DEMO4543231,239056649042, Sell,MESU5,MES,Micro E-mini S&P 500,6262.5,1,07/02/2025 11:58:05,239056649042, Filled,-2,0,0.25,,239056649042,07/02/2025 11:58:05,7/2/25,1,, Market,,,,,1,6262.50,6262.5
239056649053,DEMO4543231,239056649053, Sell,MCLQ5,MCL,Micro Crude Oil,66.55,1,07/02/2025 11:58:09,239056649053, Filled,-2,0,0.01,,239056649053,07/02/2025 11:58:09,7/2/25,1,, Market,,,,,1,66.55,66.55
239056649062,DEMO4543231,239056649062, Buy,MGCQ5,MGC,E-Micro Gold,3353.6000000000004,1,07/02/2025 12:03:05,239056649062, Filled,-1,0,0.1,,239056649062,07/02/2025 12:03:05,7/2/25,1,, Market,,,,,1,3353.6,3353.6000000000004
239056649071,DEMO4543231,239056649071, Sell,MGCQ5,MGC,E-Micro Gold,3354.2000000000003,1,07/02/2025 12:04:48,239056649071, Filled,-1,0,0.1,,239056649071,07/02/2025 12:04:48,7/2/25,1,, Market,,,,,1,3354.2,3354.2000000000003
239056649082,DEMO4543231,239056649082, Buy,MGCQ5,MGC,E-Micro Gold,3357.1000000000004,1,07/02/2025 12:09:05,239056649082, Filled,-1,0,0.1,,239056649082,07/02/2025 12:09:05,7/2/25,1,, Market,,,,,1,3357.1,3357.1000000000004
239056649091,DEMO4543231,239056649091, Buy,MESU5,MES,Micro E-mini S&P 500,6262.5,1,07/02/2025 12:10:05,239056649091, Filled,-2,0,0.25,,239056649091,07/02/2025 12:10:05,7/2/25,1,, Market,,,,,1,6262.50,6262.5
239056649100,DEMO4543231,239056649100, Sell,MGCQ5,MGC,E-Micro Gold,3356.0,1,07/02/2025 12:11:19,239056649100, Filled,-1,0,0.1,,239056649100,07/02/2025 12:11:19,7/2/25,1,, Market,,,,,1,3356.0,3356.0
239056649111,DEMO4543231,239056649111, Buy,MBTN5,MBT,Micro Bitcoin,110175.0,1,07/02/2025 12:18:02,239056649111, Filled,0,0,5.0,,239056649111,07/02/2025 12:18:02,7/2/25,1,, Market,,,,,1,110175,110175.0
239056649120,DEMO4543231,239056649120, Buy,MGCQ5,MGC,E-Micro Gold,3358.3,1,07/02/2025 12:18:05,239056649120, Filled,-1,0,0.1,,239056649120,07/02/2025 12:18:05,7/2/25,1,, Market,,,,,1,3358.3,3358.3
239056649129,DEMO4543231,239056649129, Sell,MBTN5,MBT,Micro Bitcoin,110100.0,1,07/02/2025 12:18:07,239056649129, Filled,0,0,5.0,,239056649129,07/02/2025 12:18:07,7/2/25,1,, Market,,,,,1,110100,110100.0
239056649140,DEMO4543231,239056649140, Sell,MGCQ5,MGC,E-Micro Gold,3357.3,1,07/02/2025 12:24:20,239056649140, Filled,-1,0,0.1,,239056649140,07/02/2025 12:24:20,7/2/25,1,, Market,,,,,1,3357.3,3357.3
239056649151,DEMO4543231,239056649151, Buy,MBTN5,MBT,Micro Bitcoin,109985.0,1,07/02/2025 12:30:13,239056649151, Filled,0,0,5.0,,239056649151,07/02/2025 12:30:13,7/2/25,1,, Market,,,,,1,109985,109985.0
239056649160,DEMO4543231,239056649160, Sell,MBTN5,MBT,Micro Bitcoin,109985.0,1,07/02/2025 12:30:29,239056649160, Filled,0,0,5.0,,239056649160,07/02/2025 12:30:29,7/2/25,1,, Market,,,,,1,109985,109985.0
239056649171,DEMO4543231,239056649171, Buy,MBTN5,MBT,Micro Bitcoin,109990.0,1,07/02/2025 12:36:12,239056649171, Filled,0,0,5.0,,239056649171,07/02/2025 12:36:12,7/2/25,1,, Market,,,,,1,109990,109990.0
239056649180,DEMO4543231,239056649180, Sell,MBTN5,MBT,Micro Bitcoin,110025.0,1,07/02/2025 12:36:40,239056649180, Filled,0,0,5.0,,239056649180,07/02/2025 12:36:40,7/2/25,1,, Market,,,,,1,110025,110025.0
239056649191,DEMO4543231,239056649191, Sell,MESU5,MES,Micro E-mini S&P 500,6265.5,1,07/02/2025 12:38:03,239056649191, Filled,-2,0,0.25,,239056649191,07/02/2025 12:38:03,7/2/25,1,, Market,,,,,1,6265.50,6265.5
239056649202,DEMO4543231,239056649202, Buy,MGCQ5,MGC,E-Micro Gold,3357.3,1,07/02/2025 12:39:02,239056649202, Filled,-1,0,0.1,,239056649202,07/02/2025 12:39:02,7/2/25,1,, Market,,,,,1,3357.3,3357.3
239056649211,DEMO4543231,239056649211, Buy,MESU5,MES,Micro E-mini S&P 500,6267.25,1,07/02/2025 12:40:03,239056649211, Filled,-2,0,0.25,,239056649211,07/02/2025 12:40:03,7/2/25,1,, Market,,,,,1,6267.25,6267.25
239056649220,DEMO4543231,239056649220, Sell,MGCQ5,MGC,E-Micro Gold,3358.1000000000004,1,07/02/2025 12:40:11,239056649220, Filled,-1,0,0.1,,239056649220,07/02/2025 12:40:11,7/2/25,1,, Market,,,,,1,3358.1,3358.1000000000004
239056649231,DEMO4543231,239056649231, Buy,MCLQ5,MCL,Micro Crude Oil,66.71000000000001,1,07/02/2025 12:48:04,239056649231, Filled,-2,0,0.01,,239056649231,07/02/2025 12:48:04,7/2/25,1,, Market,,,,,1,66.71,66.71000000000001
239056649238,DEMO4543231,239056649238, Sell,MCLQ5,MCL,Micro Crude Oil,66.77,1,07/02/2025 12:52:08,239056649238, Filled,-2,0,0.01,,239056649238,07/02/2025 12:52:08,7/2/25,1,, Market,,,,,1,66.77,66.77
239056649247,DEMO4543231,239056649247, Buy,MBTN5,MBT,Micro Bitcoin,110225.0,1,07/02/2025 13:00:08,239056649247, Filled,0,0,5.0,,239056649247,07/02/2025 13:00:08,7/2/25,1,, Market,,,,,1,110225,110225.0
239056649256,DEMO4543231,239056649256, Sell,MBTN5,MBT,Micro Bitcoin,110215.0,1,07/02/2025 13:00:15,239056649256, Filled,0,0,5.0,,239056649256,07/02/2025 13:00:15,7/2/25,1,, Market,,,,,1,110215,110215.0
239056649267,DEMO4543231,239056649267, Buy,MCLQ5,MCL,Micro Crude Oil,67.02,1,07/02/2025 13:06:04,239056649267, Filled,-2,0,0.01,,239056649267,07/02/2025 13:06:04,7/2/25,1,, Market,,,,,1,67.02,67.02
239056649274,DEMO4543231,239056649274, Sell,MESU5,MES,Micro E-mini S&P 500,6264.75,1,07/02/2025 13:09:15,239056649274, Filled,-2,0,0.25,,239056649274,07/02/2025 13:09:15,7/2/25,1,, Market,,,,,1,6264.75,6264.75
239056649285,DEMO4543231,239056649285, Sell,MCLQ5,MCL,Micro Crude Oil,66.9,1,07/02/2025 13:12:25,239056649285, Filled,-2,0,0.01,,239056649285,07/02/2025 13:12:25,7/2/25,1,, Market,,,,,1,66.90,66.9
239056649294,DEMO4543231,239056649294, Buy,MESU5,MES,Micro E-mini S&P 500,6266.0,1,07/02/2025 13:15:00,239056649294, Filled,-2,0,0.25,,239056649294,07/02/2025 13:15:00,7/2/25,1,, Market,,,,,1,6266.00,6266.0
239056649303,DEMO4543231,239056649303, Buy,MBTN5,MBT,Micro Bitcoin,110215.0,1,07/02/2025 13:18:03,239056649303, Filled,0,0,5.0,,239056649303,07/02/2025 13:18:03,7/2/25,1,, Market,,,,,1,110215,110215.0
239056649312,DEMO4543231,239056649312, Buy,MGCQ5,MGC,E-Micro Gold,3359.8,1,07/02/2025 13:18:04,239056649312, Filled,-1,0,0.1,,239056649312,07/02/2025 13:18:04,7/2/25,1,, Market,,,,,1,3359.8,3359.8
239056649321,DEMO4543231,239056649321, Sell,MBTN5,MBT,Micro Bitcoin,110135.0,1,07/02/2025 13:18:28,239056649321, Filled,0,0,5.0,,239056649321,07/02/2025 13:18:28,7/2/25,1,, Market,,,,,1,110135,110135.0
239056649332,DEMO4543231,239056649332, Sell,MESU5,MES,Micro E-mini S&P 500,6263.5,1,07/02/2025 13:20:47,239056649332, Filled,-2,0,0.25,,239056649332,07/02/2025 13:20:47,7/2/25,1,, Market,,,,,1,6263.50,6263.5
239056649343,DEMO4543231,239056649343, Sell,MGCQ5,MGC,E-Micro Gold,3358.2000000000003,1,07/02/2025 13:28:10,239056649343, Filled,-1,0,0.1,,239056649343,07/02/2025 13:28:10,7/2/25,1,, Market,,,,,1,3358.2,3358.2000000000003
239056649354,DEMO4543231,239056649354, Buy,MGCQ5,MGC,E-Micro Gold,3359.3,1,07/02/2025 13:36:02,239056649354, Filled,-1,0,0.1,,239056649354,07/02/2025 13:36:02,7/2/25,1,, Market,,,,,1,3359.3,3359.3
239056649363,DEMO4543231,239056649363, Buy,MCLQ5,MCL,Micro Crude Oil,67.05,1,07/02/2025 13:39:03,239056649363, Filled,-2,0,0.01,,239056649363,07/02/2025 13:39:03,7/2/25,1,, Market,,,,,1,67.05,67.05
239056649370,DEMO4543231,239056649370, Buy,MBTN5,MBT,Micro Bitcoin,109830.0,1,07/02/2025 13:45:11,239056649370, Filled,0,0,5.0,,239056649370,07/02/2025 13:45:11,7/2/25,1,, Market,,,,,1,109830,109830.0
239056649379,DEMO4543231,239056649379, Sell,MBTN5,MBT,Micro Bitcoin,109755.0,1,07/02/2025 13:45:26,239056649379, Filled,0,0,5.0,,239056649379,07/02/2025 13:45:26,7/2/25,1,, Market,,,,,1,109755,109755.0
239056649390,DEMO4543231,239056649390, Sell,MCLQ5,MCL,Micro Crude Oil,67.16,1,07/02/2025 13:46:07,239056649390, Filled,-2,0,0.01,,239056649390,07/02/2025 13:46:07,7/2/25,1,, Market,,,,,1,67.16,67.16
239056649399,DEMO4543231,239056649399, Sell,MGCQ5,MGC,E-Micro Gold,3358.3,1,07/02/2025 13:47:25,239056649399, Filled,-1,0,0.1,,239056649399,07/02/2025 13:47:25,7/2/25,1,, Market,,,,,1,3358.3,3358.3
239056649410,DEMO4543231,239056649410, Buy,MESU5,MES,Micro E-mini S&P 500,6266.75,1,07/02/2025 13:50:03,239056649410, Filled,-2,0,0.25,,239056649410,07/02/2025 13:50:03,7/2/25,1,, Market,,,,,1,6266.75,6266.75
239056649419,DEMO4543231,239056649419, Buy,MBTN5,MBT,Micro Bitcoin,109690.0,1,07/02/2025 13:51:03,239056649419, Filled,0,0,5.0,,239056649419,07/02/2025 13:51:03,7/2/25,1,, Market,,,,,1,109690,109690.0
239056649428,DEMO4543231,239056649428, Buy,MGCQ5,MGC,E-Micro Gold,3359.5,1,07/02/2025 13:51:05,239056649428, Filled,-1,0,0.1,,239056649428,07/02/2025 13:51:05,7/2/25,1,, Market,,,,,1,3359.5,3359.5
239056649437,DEMO4543231,239056649437, Sell,MBTN5,MBT,Micro Bitcoin,109620.0,1,07/02/2025 13:51:20,239056649437, Filled,0,0,5.0,,239056649437,07/02/2025 13:51:20,7/2/25,1,, Market,,,,,1,109620,109620.0
239056649448,DEMO4543231,239056649448, Sell,MESU5,MES,Micro E-mini S&P 500,6268.75,1,07/02/2025 13:53:28,239056649448, Filled,-2,0,0.25,,239056649448,07/02/2025 13:53:28,7/2/25,1,, Market,,,,,1,6268.75,6268.75
239056649459,DEMO4543231,239056649459, Buy,MCLQ5,MCL,Micro Crude Oil,67.32000000000001,1,07/02/2025 13:54:01,239056649459, Filled,-2,0,0.01,,239056649459,07/02/2025 13:54:01,7/2/25,1,, Market,,,,,1,67.32,67.32000000000001
239056649466,DEMO4543231,239056649466, Sell,MCLQ5,MCL,Micro Crude Oil,67.4,1,07/02/2025 13:57:11,239056649466, Filled,-2,0,0.01,,239056649466,07/02/2025 13:57:11,7/2/25,1,, Market,,,,,1,67.40,67.4
239056649475,DEMO4543231,239056649475, Buy,MBTN5,MBT,Micro Bitcoin,109885.0,1,07/02/2025 14:00:17,239056649475, Filled,0,0,5.0,,239056649475,07/02/2025 14:00:17,7/2/25,1,, Market,,,,,1,109885,109885.0
239056649484,DEMO4543231,239056649484, Sell,MBTN5,MBT,Micro Bitcoin,109855.0,1,07/02/2025 14:00:43,239056649484, Filled,0,0,5.0,,239056649484,07/02/2025 14:00:43,7/2/25,1,, Market,,,,,1,109855,109855.0
239056649495,DEMO4543231,239056649495, Sell,MGCQ5,MGC,E-Micro Gold,3360.4,1,07/02/2025 14:09:08,239056649495, Filled,-1,0,0.1,,239056649495,07/02/2025 14:09:08,7/2/25,1,, Market,,,,,1,3360.4,3360.4
239056649506,DEMO4543231,239056649506, Buy,MBTN5,MBT,Micro Bitcoin,109860.0,1,07/02/2025 14:15:06,239056649506, Filled,0,0,5.0,,239056649506,07/02/2025 14:15:06,7/2/25,1,, Market,,,,,1,109860,109860.0
239056649515,DEMO4543231,239056649515, Sell,MBTN5,MBT,Micro Bitcoin,109905.0,1,07/02/2025 14:15:51,239056649515, Filled,0,0,5.0,,239056649515,07/02/2025 14:15:51,7/2/25,1,, Market,,,,,1,109905,109905.0
239056649526,DEMO4543231,239056649526, Buy,MESU5,MES,Micro E-mini S&P 500,6268.5,1,07/02/2025 14:20:01,239056649526, Filled,-2,0,0.25,,239056649526,07/02/2025 14:20:01,7/2/25,1,, Market,,,,,1,6268.50,6268.5
239056649535,DEMO4543231,239056649535, Buy,MGCQ5,MGC,E-Micro Gold,3362.4,1,07/02/2025 14:21:06,239056649535, Filled,-1,0,0.1,,239056649535,07/02/2025 14:21:06,7/2/25,1,, Market,,,,,1,3362.4,3362.4
239056649544,DEMO4543231,239056649544, Sell,MGCQ5,MGC,E-Micro Gold,3362.8,1,07/02/2025 14:22:39,239056649544, Filled,-1,0,0.1,,239056649544,07/02/2025 14:22:39,7/2/25,1,, Market,,,,,1,3362.8,3362.8
239056649555,DEMO4543231,239056649555, Buy,MBTN5,MBT,Micro Bitcoin,109905.0,1,07/02/2025 14:24:08,239056649555, Filled,0,0,5.0,,239056649555,07/02/2025 14:24:08,7/2/25,1,, Market,,,,,1,109905,109905.0
239056649564,DEMO4543231,239056649564, Sell,MBTN5,MBT,Micro Bitcoin,109940.0,1,07/02/2025 14:24:22,239056649564, Filled,0,0,5.0,,239056649564,07/02/2025 14:24:22,7/2/25,1,, Market,,,,,1,109940,109940.0
239056649575,DEMO4543231,239056649575, Buy,MBTN5,MBT,Micro Bitcoin,110030.0,1,07/02/2025 14:36:01,239056649575, Filled,0,0,5.0,,239056649575,07/02/2025 14:36:01,7/2/25,1,, Market,,,,,1,110030,110030.0
239056649584,DEMO4543231,239056649584, Sell,MBTN5,MBT,Micro Bitcoin,110020.0,1,07/02/2025 14:37:09,239056649584, Filled,0,0,5.0,,239056649584,07/02/2025 14:37:09,7/2/25,1,, Market,,,,,1,110020,110020.0
239056649595,DEMO4543231,239056649595, Sell,MESU5,MES,Micro E-mini S&P 500,6270.5,1,07/02/2025 14:41:00,239056649595, Filled,-2,0,0.25,,239056649595,07/02/2025 14:41:00,7/2/25,1,, Market,,,,,1,6270.50,6270.5
239056649606,DEMO4543231,239056649606, Buy,MBTN5,MBT,Micro Bitcoin,110055.0,1,07/02/2025 14:45:22,239056649606, Filled,0,0,5.0,,239056649606,07/02/2025 14:45:22,7/2/25,1,, Market,,,,,1,110055,110055.0
239056649615,DEMO4543231,239056649615, Sell,MBTN5,MBT,Micro Bitcoin,110085.0,1,07/02/2025 14:48:24,239056649615, Filled,0,0,5.0,,239056649615,07/02/2025 14:48:24,7/2/25,1,, Market,,,,,1,110085,110085.0
239056649626,DEMO4543231,239056649626, Buy,MGCQ5,MGC,E-Micro Gold,3363.0,1,07/02/2025 14:51:05,239056649626, Filled,-1,0,0.1,,239056649626,07/02/2025 14:51:05,7/2/25,1,, Market,,,,,1,3363.0,3363.0
239056649635,DEMO4543231,239056649635, Buy,MBTN5,MBT,Micro Bitcoin,110115.0,1,07/02/2025 14:54:09,239056649635, Filled,0,0,5.0,,239056649635,07/02/2025 14:54:09,7/2/25,1,, Market,,,,,1,110115,110115.0
239056649644,DEMO4543231,239056649644, Sell,MGCQ5,MGC,E-Micro Gold,3362.4,1,07/02/2025 14:54:44,239056649644, Filled,-1,0,0.1,,239056649644,07/02/2025 14:54:44,7/2/25,1,, Market,,,,,1,3362.4,3362.4
239056649655,DEMO4543231,239056649655, Sell,MBTN5,MBT,Micro Bitcoin,110190.0,1,07/02/2025 14:55:35,239056649655, Filled,0,0,5.0,,239056649655,07/02/2025 14:55:35,7/2/25,1,, Market,,,,,1,110190,110190.0
239056649666,DEMO4543231,239056649666, Buy,MGCQ5,MGC,E-Micro Gold,3363.9,1,07/02/2025 14:57:02,239056649666, Filled,-1,0,0.1,,239056649666,07/02/2025 14:57:02,7/2/25,1,, Market,,,,,1,3363.9,3363.9
239056649675,DEMO4543231,239056649675, Sell,MGCQ5,MGC,E-Micro Gold,3364.4,1,07/02/2025 14:57:31,239056649675, Filled,-1,0,0.1,,239056649675,07/02/2025 14:57:31,7/2/25,1,, Market,,,,,1,3364.4,3364.4
239056649686,DEMO4543231,239056649686, Buy,MBTN5,MBT,Micro Bitcoin,110000.0,1,07/02/2025 15:15:19,239056649686, Filled,0,0,5.0,,239056649686,07/02/2025 15:15:19,7/2/25,1,, Market,,,,,1,110000,110000.0
239056649695,DEMO4543231,239056649695, Sell,MBTN5,MBT,Micro Bitcoin,109985.0,1,07/02/2025 15:15:35,239056649695, Filled,0,0,5.0,,239056649695,07/02/2025 15:15:35,7/2/25,1,, Market,,,,,1,109985,109985.0
239056649706,DEMO4543231,239056649706, Buy,MESU5,MES,Micro E-mini S&P 500,6271.25,1,07/02/2025 15:25:01,239056649706, Filled,-2,0,0.25,,239056649706,07/02/2025 15:25:01,7/2/25,1,, Market,,,,,1,6271.25,6271.25
239056649715,DEMO4543231,239056649715, Buy,MBTN5,MBT,Micro Bitcoin,110160.0,1,07/02/2025 15:30:05,239056649715, Filled,0,0,5.0,,239056649715,07/02/2025 15:30:05,7/2/25,1,, Market,,,,,1,110160,110160.0
239056649724,DEMO4543231,239056649724, Sell,MBTN5,MBT,Micro Bitcoin,110125.0,1,07/02/2025 15:31:30,239056649724, Filled,0,0,5.0,,239056649724,07/02/2025 15:31:30,7/2/25,1,, Market,,,,,1,110125,110125.0
239056649735,DEMO4543231,239056649735, Sell,MESU5,MES,Micro E-mini S&P 500,6269.0,1,07/02/2025 15:38:27,239056649735, Filled,-2,0,0.25,,239056649735,07/02/2025 15:38:27,7/2/25,1,, Market,,,,,1,6269.00,6269.0
239056649746,DEMO4543231,239056649746, Buy,MESU5,MES,Micro E-mini S&P 500,6270.25,1,07/02/2025 15:45:01,239056649746, Filled,-2,0,0.25,,239056649746,07/02/2025 15:45:01,7/2/25,1,, Market,,,,,1,6270.25,6270.25
239056649755,DEMO4543231,239056649755, Sell,MESU5,MES,Micro E-mini S&P 500,6270.5,1,07/02/2025 15:50:04,239056649755, Filled,-2,0,0.25,,239056649755,07/02/2025 15:50:04,7/2/25,1,, Market,,,,,1,6270.50,6270.5
239056649766,DEMO4543231,239056649766, Buy,MBTN5,MBT,Micro Bitcoin,110030.0,1,07/02/2025 15:51:05,239056649766, Filled,0,0,5.0,,239056649766,07/02/2025 15:51:05,7/2/25,1,, Market,,,,,1,110030,110030.0
239056649775,DEMO4543231,239056649775, Sell,MBTN5,MBT,Micro Bitcoin,110045.0,1,07/02/2025 15:51:24,239056649775, Filled,0,0,5.0,,239056649775,07/02/2025 15:51:24,7/2/25,1,, Market,,,,,1,110045,110045.0
239056649786,DEMO4543231,239056649786, Buy,MGCQ5,MGC,E-Micro Gold,3368.5,1,07/02/2025 15:54:06,239056649786, Filled,-1,0,0.1,,239056649786,07/02/2025 15:54:05,7/2/25,1,, Market,,,,,1,3368.5,3368.5
239056649795,DEMO4543231,239056649795, Sell,MGCQ5,MGC,E-Micro Gold,3369.4,1,07/02/2025 15:57:07,239056649795, Filled,-1,0,0.1,,239056649795,07/02/2025 15:57:07,7/2/25,1,, Market,,,,,1,3369.4,3369.4
239056649806,DEMO4543231,239056649806, Buy,MBTN5,MBT,Micro Bitcoin,110160.0,1,07/02/2025 16:06:03,239056649806, Filled,0,0,5.0,,239056649806,07/02/2025 16:06:03,7/2/25,1,, Market,,,,,1,110160,110160.0
239056649815,DEMO4543231,239056649815, Sell,MBTN5,MBT,Micro Bitcoin,110210.0,1,07/02/2025 16:07:02,239056649815, Filled,0,0,5.0,,239056649815,07/02/2025 16:07:02,7/2/25,1,, Market,,,,,1,110210,110210.0
239056649826,DEMO4543231,239056649826, Buy,MGCQ5,MGC,E-Micro Gold,3370.4,1,07/02/2025 16:09:03,239056649826, Filled,-1,0,0.1,,239056649826,07/02/2025 16:09:03,7/2/25,1,, Market,,,,,1,3370.4,3370.4
239056649835,DEMO4543231,239056649835, Sell,MGCQ5,MGC,E-Micro Gold,3369.4,1,07/02/2025 16:11:19,239056649835, Filled,-1,0,0.1,,239056649835,07/02/2025 16:11:19,7/2/25,1,, Market,,,,,1,3369.4,3369.4
239056649846,DEMO4543231,239056649846, Buy,MBTN5,MBT,Micro Bitcoin,110095.0,1,07/02/2025 16:12:01,239056649846, Filled,0,0,5.0,,239056649846,07/02/2025 16:12:01,7/2/25,1,, Market,,,,,1,110095,110095.0
239056649855,DEMO4543231,239056649855, Sell,MBTN5,MBT,Micro Bitcoin,110140.0,1,07/02/2025 16:13:14,239056649855, Filled,0,0,5.0,,239056649855,07/02/2025 16:13:13,7/2/25,1,, Market,,,,,1,110140,110140.0
239056649866,DEMO4543231,239056649866, Buy,MESU5,MES,Micro E-mini S&P 500,6272.0,1,07/02/2025 16:25:03,239056649866, Filled,-2,0,0.25,,239056649866,07/02/2025 16:25:02,7/2/25,1,, Market,,,,,1,6272.00,6272.0
239056649875,DEMO4543231,239056649875, Buy,MBTN5,MBT,Micro Bitcoin,109875.0,1,07/02/2025 16:27:09,239056649875, Filled,0,0,5.0,,239056649875,07/02/2025 16:27:09,7/2/25,1,, Market,,,,,1,109875,109875.0
239056649884,DEMO4543231,239056649884, Sell,MBTN5,MBT,Micro Bitcoin,110060.0,1,07/02/2025 16:28:26,239056649884, Filled,0,0,5.0,,239056649884,07/02/2025 16:28:26,7/2/25,1,, Market,,,,,1,110060,110060.0
239056649895,DEMO4543231,239056649895, Buy,MBTN5,MBT,Micro Bitcoin,110040.0,1,07/02/2025 16:36:11,239056649895, Filled,0,0,5.0,,239056649895,07/02/2025 16:36:11,7/2/25,1,, Market,,,,,1,110040,110040.0
239056649904,DEMO4543231,239056649904, Sell,MESU5,MES,Micro E-mini S&P 500,6274.25,1,07/02/2025 16:38:14,239056649904, Filled,-2,0,0.25,,239056649904,07/02/2025 16:38:14,7/2/25,1,, Market,,,,,1,6274.25,6274.25
239056649915,DEMO4543231,239056649915, Sell,MBTN5,MBT,Micro Bitcoin,109985.0,1,07/02/2025 16:39:02,239056649915, Filled,0,0,5.0,,239056649915,07/02/2025 16:39:02,7/2/25,1,, Market,,,,,1,109985,109985.0
239056649926,DEMO4543231,239056649926, Buy,MBTN5,MBT,Micro Bitcoin,110025.0,1,07/02/2025 16:45:08,239056649926, Filled,0,0,5.0,,239056649926,07/02/2025 16:45:08,7/2/25,1,, Market,,,,,1,110025,110025.0
239056649935,DEMO4543231,239056649935, Sell,MBTN5,MBT,Micro Bitcoin,109970.0,1,07/02/2025 16:46:31,239056649935, Filled,0,0,5.0,,239056649935,07/02/2025 16:46:31,7/2/25,1,, Market,,,,,1,109970,109970.0
239056649946,DEMO4543231,239056649946, Buy,MGCQ5,MGC,E-Micro Gold,3367.0,1,07/02/2025 16:48:13,239056649946, Filled,-1,0,0.1,,239056649946,07/02/2025 16:48:13,7/2/25,1,, Market,,,,,1,3367.0,3367.0
239056649955,DEMO4543231,239056649955, Buy,MESU5,MES,Micro E-mini S&P 500,6278.75,1,07/02/2025 16:55:01,239056649955, Filled,-2,0,0.25,,239056649955,07/02/2025 16:55:01,7/2/25,1,, Market,,,,,1,6278.75,6278.75
239056649964,DEMO4543231,239056649964, Sell,MGCQ5,MGC,E-Micro Gold,3367.9,1,07/02/2025 16:57:17,239056649964, Filled,-1,0,0.1,,239056649964,07/02/2025 16:57:17,7/2/25,1,, Market,,,,,1,3367.9,3367.9
239056649986,DEMO4543231,239056649986, Sell,MESU5,MES,Micro E-mini S&P 500,6275.5,1,07/02/2025 18:00:01,239056649986, Filled,-2,0,0.25,,239056649986,07/02/2025 18:00:01,7/2/25,1,, Market,,,,,1,6275.50,6275.5
239056649997,DEMO4543231,239056649997, Buy,MBTN5,MBT,Micro Bitcoin,109885.0,1,07/02/2025 18:12:06,239056649997, Filled,0,0,5.0,,239056649997,07/02/2025 18:12:06,7/2/25,1,, Market,,,,,1,109885,109885.0
247302400008,DEMO4543231,247302400008, Buy,MGCQ5,MGC,E-Micro Gold,3374.4,1,07/02/2025 18:24:04,247302400008, Filled,-1,0,0.1,,247302400008,07/02/2025 18:24:04,7/2/25,1,, Market,,,,,1,3374.4,3374.4
247302400017,DEMO4543231,247302400017, Buy,MESU5,MES,Micro E-mini S&P 500,6273.75,1,07/02/2025 18:25:08,247302400017, Filled,-2,0,0.25,,247302400017,07/02/2025 18:25:08,7/2/25,1,, Market,,,,,1,6273.75,6273.75
247302400026,DEMO4543231,247302400026, Sell,MGCQ5,MGC,E-Micro Gold,3373.4,1,07/02/2025 18:25:13,247302400026, Filled,-1,0,0.1,,247302400026,07/02/2025 18:25:13,7/2/25,1,, Market,,,,,1,3373.4,3373.4
247302400037,DEMO4543231,247302400037, Sell,MBTN5,MBT,Micro Bitcoin,109930.0,1,07/02/2025 18:27:00,247302400037, Filled,0,0,5.0,,247302400037,07/02/2025 18:27:00,7/2/25,1,, Market,,,,,1,109930,109930.0
247302400048,DEMO4543231,247302400048, Buy,MGCQ5,MGC,E-Micro Gold,3375.2000000000003,1,07/02/2025 18:30:01,247302400048, Filled,-1,0,0.1,,247302400048,07/02/2025 18:30:01,7/2/25,1,, Market,,,,,1,3375.2,3375.2000000000003
247302400057,DEMO4543231,247302400057, Sell,MGCQ5,MGC,E-Micro Gold,3374.5,1,07/02/2025 18:32:19,247302400057, Filled,-1,0,0.1,,247302400057,07/02/2025 18:32:19,7/2/25,1,, Market,,,,,1,3374.5,3374.5
247302400068,DEMO4543231,247302400068, Buy,MBTN5,MBT,Micro Bitcoin,109970.0,1,07/02/2025 18:33:09,247302400068, Filled,0,0,5.0,,247302400068,07/02/2025 18:33:09,7/2/25,1,, Market,,,,,1,109970,109970.0
247302400077,DEMO4543231,247302400077, Sell,MBTN5,MBT,Micro Bitcoin,109990.0,1,07/02/2025 18:33:19,247302400077, Filled,0,0,5.0,,247302400077,07/02/2025 18:33:19,7/2/25,1,, Market,,,,,1,109990,109990.0
247302400088,DEMO4543231,247302400088, Sell,MESU5,MES,Micro E-mini S&P 500,6276.0,1,07/02/2025 18:41:31,247302400088, Filled,-2,0,0.25,,247302400088,07/02/2025 18:41:31,7/2/25,1,, Market,,,,,1,6276.00,6276.0
247302400099,DEMO4543231,247302400099, Buy,MBTN5,MBT,Micro Bitcoin,109835.0,1,07/02/2025 18:45:15,247302400099, Filled,0,0,5.0,,247302400099,07/02/2025 18:45:15,7/2/25,1,, Market,,,,,1,109835,109835.0
247302400108,DEMO4543231,247302400108, Sell,MBTN5,MBT,Micro Bitcoin,109775.0,1,07/02/2025 18:46:47,247302400108, Filled,0,0,5.0,,247302400108,07/02/2025 18:46:47,7/2/25,1,, Market,,,,,1,109775,109775.0
247302400119,DEMO4543231,247302400119, Buy,MBTN5,MBT,Micro Bitcoin,109810.0,1,07/02/2025 18:51:01,247302400119, Filled,0,0,5.0,,247302400119,07/02/2025 18:51:01,7/2/25,1,, Market,,,,,1,109810,109810.0
247302400128,DEMO4543231,247302400128, Buy,MESU5,MES,Micro E-mini S&P 500,6276.75,1,07/02/2025 18:55:08,247302400128, Filled,-2,0,0.25,,247302400128,07/02/2025 18:55:08,7/2/25,1,, Market,,,,,1,6276.75,6276.75
247302400137,DEMO4543231,247302400137, Sell,MBTN5,MBT,Micro Bitcoin,109765.0,1,07/02/2025 18:57:04,247302400137, Filled,0,0,5.0,,247302400137,07/02/2025 18:57:04,7/2/25,1,, Market,,,,,1,109765,109765.0
247302400148,DEMO4543231,247302400148, Buy,MGCQ5,MGC,E-Micro Gold,3373.1000000000004,1,07/02/2025 19:00:06,247302400148, Filled,-1,0,0.1,,247302400148,07/02/2025 19:00:06,7/2/25,1,, Market,,,,,1,3373.1,3373.1000000000004
247302400157,DEMO4543231,247302400157, Sell,MGCQ5,MGC,E-Micro Gold,3372.1000000000004,1,07/02/2025 19:00:30,247302400157, Filled,-1,0,0.1,,247302400157,07/02/2025 19:00:30,7/2/25,1,, Market,,,,,1,3372.1,3372.1000000000004
247302400168,DEMO4543231,247302400168, Buy,MGCQ5,MGC,E-Micro Gold,3370.5,1,07/02/2025 19:06:04,247302400168, Filled,-1,0,0.1,,247302400168,07/02/2025 19:06:04,7/2/25,1,, Market,,,,,1,3370.5,3370.5
247302400177,DEMO4543231,247302400177, Sell,MGCQ5,MGC,E-Micro Gold,3369.1000000000004,1,07/02/2025 19:07:12,247302400177, Filled,-1,0,0.1,,247302400177,07/02/2025 19:07:12,7/2/25,1,, Market,,,,,1,3369.1,3369.1000000000004
247302400188,DEMO4543231,247302400188, Buy,MBTN5,MBT,Micro Bitcoin,109760.0,1,07/02/2025 19:12:04,247302400188, Filled,0,0,5.0,,247302400188,07/02/2025 19:12:04,7/2/25,1,, Market,,,,,1,109760,109760.0
247302400197,DEMO4543231,247302400197, Sell,MBTN5,MBT,Micro Bitcoin,109720.0,1,07/02/2025 19:17:23,247302400197, Filled,0,0,5.0,,247302400197,07/02/2025 19:17:23,7/2/25,1,, Market,,,,,1,109720,109720.0
247302400208,DEMO4543231,247302400208, Buy,MGCQ5,MGC,E-Micro Gold,3362.1000000000004,1,07/02/2025 19:24:05,247302400208, Filled,-1,0,0.1,,247302400208,07/02/2025 19:24:05,7/2/25,1,, Market,,,,,1,3362.1,3362.1000000000004
247302400217,DEMO4543231,247302400217, Sell,MGCQ5,MGC,E-Micro Gold,3361.3,1,07/02/2025 19:25:29,247302400217, Filled,-1,0,0.1,,247302400217,07/02/2025 19:25:29,7/2/25,1,, Market,,,,,1,3361.3,3361.3
247302400228,DEMO4543231,247302400228, Buy,MBTN5,MBT,Micro Bitcoin,109665.0,1,07/02/2025 19:27:14,247302400228, Filled,0,0,5.0,,247302400228,07/02/2025 19:27:14,7/2/25,1,, Market,,,,,1,109665,109665.0
247302400237,DEMO4543231,247302400237, Sell,MBTN5,MBT,Micro Bitcoin,109630.0,1,07/02/2025 19:27:21,247302400237, Filled,0,0,5.0,,247302400237,07/02/2025 19:27:21,7/2/25,1,, Market,,,,,1,109630,109630.0
247302400248,DEMO4543231,247302400248, Buy,MGCQ5,MGC,E-Micro Gold,3362.0,1,07/02/2025 19:45:04,247302400248, Filled,-1,0,0.1,,247302400248,07/02/2025 19:45:04,7/2/25,1,, Market,,,,,1,3362.0,3362.0
247302400257,DEMO4543231,247302400257, Sell,MGCQ5,MGC,E-Micro Gold,3360.7000000000003,1,07/02/2025 19:45:47,247302400257, Filled,-1,0,0.1,,247302400257,07/02/2025 19:45:47,7/2/25,1,, Market,,,,,1,3360.7,3360.7000000000003
247302400268,DEMO4543231,247302400268, Buy,MBTN5,MBT,Micro Bitcoin,109515.0,1,07/02/2025 19:48:01,247302400268, Filled,0,0,5.0,,247302400268,07/02/2025 19:48:01,7/2/25,1,, Market,,,,,1,109515,109515.0
247302400277,DEMO4543231,247302400277, Sell,MBTN5,MBT,Micro Bitcoin,109440.0,1,07/02/2025 19:50:36,247302400277, Filled,0,0,5.0,,247302400277,07/02/2025 19:50:35,7/2/25,1,, Market,,,,,1,109440,109440.0
247302400288,DEMO4543231,247302400288, Buy,MBTN5,MBT,Micro Bitcoin,109485.0,1,07/02/2025 19:54:03,247302400288, Filled,0,0,5.0,,247302400288,07/02/2025 19:54:03,7/2/25,1,, Market,,,,,1,109485,109485.0
247302400297,DEMO4543231,247302400297, Sell,MBTN5,MBT,Micro Bitcoin,109500.0,1,07/02/2025 19:55:28,247302400297, Filled,0,0,5.0,,247302400297,07/02/2025 19:55:28,7/2/25,1,, Market,,,,,1,109500,109500.0
247302400308,DEMO4543231,247302400308, Buy,MBTN5,MBT,Micro Bitcoin,109520.0,1,07/02/2025 20:00:04,247302400308, Filled,0,0,5.0,,247302400308,07/02/2025 20:00:04,7/2/25,1,, Market,,,,,1,109520,109520.0
247302400317,DEMO4543231,247302400317, Sell,MBTN5,MBT,Micro Bitcoin,109550.0,1,07/02/2025 20:00:42,247302400317, Filled,0,0,5.0,,247302400317,07/02/2025 20:00:42,7/2/25,1,, Market,,,,,1,109550,109550.0
247302400328,DEMO4543231,247302400328, Sell,MESU5,MES,Micro E-mini S&P 500,6278.5,1,07/02/2025 20:11:51,247302400328, Filled,-2,0,0.25,,247302400328,07/02/2025 20:11:51,7/2/25,1,, Market,,,,,1,6278.50,6278.5
247302400339,DEMO4543231,247302400339, Buy,MGCQ5,MGC,E-Micro Gold,3357.7000000000003,1,07/02/2025 20:12:04,247302400339, Filled,-1,0,0.1,,247302400339,07/02/2025 20:12:04,7/2/25,1,, Market,,,,,1,3357.7,3357.7000000000003
247302400348,DEMO4543231,247302400348, Sell,MGCQ5,MGC,E-Micro Gold,3356.6000000000004,1,07/02/2025 20:12:13,247302400348, Filled,-1,0,0.1,,247302400348,07/02/2025 20:12:13,7/2/25,1,, Market,,,,,1,3356.6,3356.6000000000004
247302400359,DEMO4543231,247302400359, Buy,MBTN5,MBT,Micro Bitcoin,109640.0,1,07/02/2025 20:18:09,247302400359, Filled,0,0,5.0,,247302400359,07/02/2025 20:18:09,7/2/25,1,, Market,,,,,1,109640,109640.0
247302400368,DEMO4543231,247302400368, Sell,MBTN5,MBT,Micro Bitcoin,109545.0,1,07/02/2025 20:19:43,247302400368, Filled,0,0,5.0,,247302400368,07/02/2025 20:19:43,7/2/25,1,, Market,,,,,1,109545,109545.0
247302400379,DEMO4543231,247302400379, Buy,MESU5,MES,Micro E-mini S&P 500,6278.25,1,07/02/2025 20:20:09,247302400379, Filled,-2,0,0.25,,247302400379,07/02/2025 20:20:09,7/2/25,1,, Market,,,,,1,6278.25,6278.25
247302400388,DEMO4543231,247302400388, Buy,MBTN5,MBT,Micro Bitcoin,109580.0,1,07/02/2025 20:30:02,247302400388, Filled,0,0,5.0,,247302400388,07/02/2025 20:30:02,7/2/25,1,, Market,,,,,1,109580,109580.0
247302400397,DEMO4543231,247302400397, Sell,MESU5,MES,Micro E-mini S&P 500,6275.75,1,07/02/2025 20:32:03,247302400397, Filled,-2,0,0.25,,247302400397,07/02/2025 20:32:03,7/2/25,1,, Market,,,,,1,6275.75,6275.75
247302400408,DEMO4543231,247302400408, Sell,MBTN5,MBT,Micro Bitcoin,109505.0,1,07/02/2025 20:32:17,247302400408, Filled,0,0,5.0,,247302400408,07/02/2025 20:32:17,7/2/25,1,, Market,,,,,1,109505,109505.0
247302400419,DEMO4543231,247302400419, Buy,MBTN5,MBT,Micro Bitcoin,109530.0,1,07/02/2025 20:36:39,247302400419, Filled,0,0,5.0,,247302400419,07/02/2025 20:36:39,7/2/25,1,, Market,,,,,1,109530,109530.0
247302400428,DEMO4543231,247302400428, Sell,MBTN5,MBT,Micro Bitcoin,109480.0,1,07/02/2025 20:37:03,247302400428, Filled,0,0,5.0,,247302400428,07/02/2025 20:37:03,7/2/25,1,, Market,,,,,1,109480,109480.0
247302400439,DEMO4543231,247302400439, Buy,MBTN5,MBT,Micro Bitcoin,109660.0,1,07/02/2025 20:42:17,247302400439, Filled,0,0,5.0,,247302400439,07/02/2025 20:42:17,7/2/25,1,, Market,,,,,1,109660,109660.0
247302400448,DEMO4543231,247302400448, Buy,MESU5,MES,Micro E-mini S&P 500,6278.5,1,07/02/2025 20:45:02,247302400448, Filled,-2,0,0.25,,247302400448,07/02/2025 20:45:02,7/2/25,1,, Market,,,,,1,6278.50,6278.5
247302400457,DEMO4543231,247302400457, Buy,MGCQ5,MGC,E-Micro Gold,3356.0,1,07/02/2025 20:54:03,247302400457, Filled,-1,0,0.1,,247302400457,07/02/2025 20:54:02,7/2/25,1,, Market,,,,,1,3356.0,3356.0
247302400466,DEMO4543231,247302400466, Sell,MGCQ5,MGC,E-Micro Gold,3355.4,1,07/02/2025 20:54:28,247302400466, Filled,-1,0,0.1,,247302400466,07/02/2025 20:54:28,7/2/25,1,, Market,,,,,1,3355.4,3355.4
247302400477,DEMO4543231,247302400477, Sell,MESU5,MES,Micro E-mini S&P 500,6276.0,1,07/02/2025 21:03:12,247302400477, Filled,-2,0,0.25,,247302400477,07/02/2025 21:03:12,7/2/25,1,, Market,,,,,1,6276.00,6276.0
247302400488,DEMO4543231,247302400488, Sell,MBTN5,MBT,Micro Bitcoin,109590.0,1,07/02/2025 21:08:51,247302400488, Filled,0,0,5.0,,247302400488,07/02/2025 21:08:51,7/2/25,1,, Market,,,,,1,109590,109590.0
247302400499,DEMO4543231,247302400499, Buy,MGCQ5,MGC,E-Micro Gold,3354.3,1,07/02/2025 21:12:04,247302400499, Filled,-1,0,0.1,,247302400499,07/02/2025 21:12:04,7/2/25,1,, Market,,,,,1,3354.3,3354.3
247302400508,DEMO4543231,247302400508, Sell,MGCQ5,MGC,E-Micro Gold,3354.6000000000004,1,07/02/2025 21:12:17,247302400508, Filled,-1,0,0.1,,247302400508,07/02/2025 21:12:17,7/2/25,1,, Market,,,,,1,3354.6,3354.6000000000004
247302400519,DEMO4543231,247302400519, Buy,MBTN5,MBT,Micro Bitcoin,109645.0,1,07/02/2025 21:18:03,247302400519, Filled,0,0,5.0,,247302400519,07/02/2025 21:18:03,7/2/25,1,, Market,,,,,1,109645,109645.0
247302400528,DEMO4543231,247302400528, Buy,MESU5,MES,Micro E-mini S&P 500,6276.5,1,07/02/2025 21:20:00,247302400528, Filled,-2,0,0.25,,247302400528,07/02/2025 21:20:00,7/2/25,1,, Market,,,,,1,6276.50,6276.5
247302400537,DEMO4543231,247302400537, Sell,MBTN5,MBT,Micro Bitcoin,109645.0,1,07/02/2025 21:21:16,247302400537, Filled,0,0,5.0,,247302400537,07/02/2025 21:21:16,7/2/25,1,, Market,,,,,1,109645,109645.0
247302400548,DEMO4543231,247302400548, Sell,MESU5,MES,Micro E-mini S&P 500,6279.0,1,07/02/2025 21:25:13,247302400548, Filled,-2,0,0.25,,247302400548,07/02/2025 21:25:13,7/2/25,1,, Market,,,,,1,6279.00,6279.0
247302400559,DEMO4543231,247302400559, Buy,MGCQ5,MGC,E-Micro Gold,3354.5,1,07/02/2025 21:30:13,247302400559, Filled,-1,0,0.1,,247302400559,07/02/2025 21:30:13,7/2/25,1,, Market,,,,,1,3354.5,3354.5
247302400568,DEMO4543231,247302400568, Sell,MGCQ5,MGC,E-Micro Gold,3353.3,1,07/02/2025 21:31:24,247302400568, Filled,-1,0,0.1,,247302400568,07/02/2025 21:31:24,7/2/25,1,, Market,,,,,1,3353.3,3353.3
247302400579,DEMO4543231,247302400579, Buy,MBTN5,MBT,Micro Bitcoin,109720.0,1,07/02/2025 21:33:07,247302400579, Filled,0,0,5.0,,247302400579,07/02/2025 21:33:07,7/2/25,1,, Market,,,,,1,109720,109720.0
247302400588,DEMO4543231,247302400588, Sell,MBTN5,MBT,Micro Bitcoin,109660.0,1,07/02/2025 21:34:19,247302400588, Filled,0,0,5.0,,247302400588,07/02/2025 21:34:19,7/2/25,1,, Market,,,,,1,109660,109660.0
247302400599,DEMO4543231,247302400599, Buy,MBTN5,MBT,Micro Bitcoin,109675.0,1,07/02/2025 21:42:10,247302400599, Filled,0,0,5.0,,247302400599,07/02/2025 21:42:10,7/2/25,1,, Market,,,,,1,109675,109675.0
247302400608,DEMO4543231,247302400608, Sell,MBTN5,MBT,Micro Bitcoin,109615.0,1,07/02/2025 21:44:01,247302400608, Filled,0,0,5.0,,247302400608,07/02/2025 21:44:01,7/2/25,1,, Market,,,,,1,109615,109615.0
247302400619,DEMO4543231,247302400619, Buy,MBTN5,MBT,Micro Bitcoin,109650.0,1,07/02/2025 21:48:36,247302400619, Filled,0,0,5.0,,247302400619,07/02/2025 21:48:36,7/2/25,1,, Market,,,,,1,109650,109650.0
247302400628,DEMO4543231,247302400628, Sell,MBTN5,MBT,Micro Bitcoin,109680.0,1,07/02/2025 21:48:54,247302400628, Filled,0,0,5.0,,247302400628,07/02/2025 21:48:54,7/2/25,1,, Market,,,,,1,109680,109680.0
247302400639,DEMO4543231,247302400639, Buy,MGCQ5,MGC,E-Micro Gold,3356.1000000000004,1,07/02/2025 21:57:02,247302400639, Filled,-1,0,0.1,,247302400639,07/02/2025 21:57:02,7/2/25,1,, Market,,,,,1,3356.1,3356.1000000000004
247302400648,DEMO4543231,247302400648, Buy,MBTN5,MBT,Micro Bitcoin,109685.0,1,07/02/2025 21:57:23,247302400648, Filled,0,0,5.0,,247302400648,07/02/2025 21:57:23,7/2/25,1,, Market,,,,,1,109685,109685.0
247302400657,DEMO4543231,247302400657, Sell,MGCQ5,MGC,E-Micro Gold,3356.6000000000004,1,07/02/2025 21:59:18,247302400657, Filled,-1,0,0.1,,247302400657,07/02/2025 21:59:18,7/2/25,1,, Market,,,,,1,3356.6,3356.6000000000004
247302400668,DEMO4543231,247302400668, Sell,MBTN5,MBT,Micro Bitcoin,109615.0,1,07/02/2025 21:59:27,247302400668, Filled,0,0,5.0,,247302400668,07/02/2025 21:59:27,7/2/25,1,, Market,,,,,1,109615,109615.0
247302400679,DEMO4543231,247302400679, Buy,MGCQ5,MGC,E-Micro Gold,3358.8,1,07/02/2025 22:15:09,247302400679, Filled,-1,0,0.1,,247302400679,07/02/2025 22:15:09,7/2/25,1,, Market,,,,,1,3358.8,3358.8
247302400688,DEMO4543231,247302400688, Sell,MGCQ5,MGC,E-Micro Gold,3357.8,1,07/02/2025 22:18:59,247302400688, Filled,-1,0,0.1,,247302400688,07/02/2025 22:18:59,7/2/25,1,, Market,,,,,1,3357.8,3357.8
247302400699,DEMO4543231,247302400699, Buy,MESU5,MES,Micro E-mini S&P 500,6274.75,1,07/02/2025 22:20:05,247302400699, Filled,-2,0,0.25,,247302400699,07/02/2025 22:20:05,7/2/25,1,, Market,,,,,1,6274.75,6274.75
247302400708,DEMO4543231,247302400708, Buy,MBTN5,MBT,Micro Bitcoin,109350.0,1,07/02/2025 22:27:03,247302400708, Filled,0,0,5.0,,247302400708,07/02/2025 22:27:03,7/2/25,1,, Market,,,,,1,109350,109350.0
247302400717,DEMO4543231,247302400717, Sell,MBTN5,MBT,Micro Bitcoin,109290.0,1,07/02/2025 22:27:39,247302400717, Filled,0,0,5.0,,247302400717,07/02/2025 22:27:39,7/2/25,1,, Market,,,,,1,109290,109290.0
247302400728,DEMO4543231,247302400728, Sell,MESU5,MES,Micro E-mini S&P 500,6272.0,1,07/02/2025 22:30:12,247302400728, Filled,-2,0,0.25,,247302400728,07/02/2025 22:30:12,7/2/25,1,, Market,,,,,1,6272.00,6272.0
247302400739,DEMO4543231,247302400739, Buy,MESU5,MES,Micro E-mini S&P 500,6272.5,1,07/02/2025 22:40:08,247302400739, Filled,-2,0,0.25,,247302400739,07/02/2025 22:40:08,7/2/25,1,, Market,,,,,1,6272.50,6272.5
247302400748,DEMO4543231,247302400748, Buy,MBTN5,MBT,Micro Bitcoin,109225.0,1,07/02/2025 22:45:12,247302400748, Filled,0,0,5.0,,247302400748,07/02/2025 22:45:12,7/2/25,1,, Market,,,,,1,109225,109225.0
247302400757,DEMO4543231,247302400757, Buy,MGCQ5,MGC,E-Micro Gold,3359.5,1,07/02/2025 22:48:00,247302400757, Filled,-1,0,0.1,,247302400757,07/02/2025 22:48:00,7/2/25,1,, Market,,,,,1,3359.5,3359.5
247302400766,DEMO4543231,247302400766, Sell,MBTN5,MBT,Micro Bitcoin,109190.0,1,07/02/2025 22:48:36,247302400766, Filled,0,0,5.0,,247302400766,07/02/2025 22:48:36,7/2/25,1,, Market,,,,,1,109190,109190.0
247302400777,DEMO4543231,247302400777, Sell,MESU5,MES,Micro E-mini S&P 500,6274.5,1,07/02/2025 22:49:01,247302400777, Filled,-2,0,0.25,,247302400777,07/02/2025 22:49:01,7/2/25,1,, Market,,,,,1,6274.50,6274.5
247302400788,DEMO4543231,247302400788, Sell,MGCQ5,MGC,E-Micro Gold,3360.2000000000003,1,07/02/2025 22:49:03,247302400788, Filled,-1,0,0.1,,247302400788,07/02/2025 22:49:03,7/2/25,1,, Market,,,,,1,3360.2,3360.2000000000003
247302400799,DEMO4543231,247302400799, Buy,MBTN5,MBT,Micro Bitcoin,109310.0,1,07/02/2025 22:51:22,247302400799, Filled,0,0,5.0,,247302400799,07/02/2025 22:51:22,7/2/25,1,, Market,,,,,1,109310,109310.0
247302400808,DEMO4543231,247302400808, Sell,MBTN5,MBT,Micro Bitcoin,109230.0,1,07/02/2025 22:53:24,247302400808, Filled,0,0,5.0,,247302400808,07/02/2025 22:53:24,7/2/25,1,, Market,,,,,1,109230,109230.0
247302400819,DEMO4543231,247302400819, Buy,MESU5,MES,Micro E-mini S&P 500,6275.5,1,07/02/2025 22:55:01,247302400819, Filled,-2,0,0.25,,247302400819,07/02/2025 22:55:01,7/2/25,1,, Market,,,,,1,6275.50,6275.5
247302400828,DEMO4543231,247302400828, Buy,MGCQ5,MGC,E-Micro Gold,3361.7000000000003,1,07/02/2025 22:57:01,247302400828, Filled,-1,0,0.1,,247302400828,07/02/2025 22:57:01,7/2/25,1,, Market,,,,,1,3361.7,3361.7000000000003
247302400837,DEMO4543231,247302400837, Buy,MBTN5,MBT,Micro Bitcoin,109345.0,1,07/02/2025 22:57:13,247302400837, Filled,0,0,5.0,,247302400837,07/02/2025 22:57:13,7/2/25,1,, Market,,,,,1,109345,109345.0
247302400846,DEMO4543231,247302400846, Sell,MBTN5,MBT,Micro Bitcoin,109325.0,1,07/02/2025 22:57:14,247302400846, Filled,0,0,5.0,,247302400846,07/02/2025 22:57:14,7/2/25,1,, Market,,,,,1,109325,109325.0
247302400857,DEMO4543231,247302400857, Sell,MGCQ5,MGC,E-Micro Gold,3361.0,1,07/02/2025 23:04:52,247302400857, Filled,-1,0,0.1,,247302400857,07/02/2025 23:04:52,7/2/25,1,, Market,,,,,1,3361.0,3361.0
247302400868,DEMO4543231,247302400868, Buy,MBTN5,MBT,Micro Bitcoin,109410.0,1,07/02/2025 23:06:02,247302400868, Filled,0,0,5.0,,247302400868,07/02/2025 23:06:02,7/2/25,1,, Market,,,,,1,109410,109410.0
247302400877,DEMO4543231,247302400877, Sell,MBTN5,MBT,Micro Bitcoin,109290.0,1,07/02/2025 23:11:36,247302400877, Filled,0,0,5.0,,247302400877,07/02/2025 23:11:36,7/2/25,1,, Market,,,,,1,109290,109290.0
247302400888,DEMO4543231,247302400888, Sell,MESU5,MES,Micro E-mini S&P 500,6277.5,1,07/02/2025 23:15:16,247302400888, Filled,-2,0,0.25,,247302400888,07/02/2025 23:15:15,7/2/25,1,, Market,,,,,1,6277.50,6277.5
247302400899,DEMO4543231,247302400899, Buy,MESU5,MES,Micro E-mini S&P 500,6280.0,1,07/02/2025 23:20:01,247302400899, Filled,-2,0,0.25,,247302400899,07/02/2025 23:20:01,7/2/25,1,, Market,,,,,1,6280.00,6280.0
247302400908,DEMO4543231,247302400908, Buy,MBTN5,MBT,Micro Bitcoin,109270.0,1,07/02/2025 23:21:41,247302400908, Filled,0,0,5.0,,247302400908,07/02/2025 23:21:41,7/2/25,1,, Market,,,,,1,109270,109270.0
247302400917,DEMO4543231,247302400917, Sell,MBTN5,MBT,Micro Bitcoin,109370.0,1,07/02/2025 23:24:10,247302400917, Filled,0,0,5.0,,247302400917,07/02/2025 23:24:10,7/2/25,1,, Market,,,,,1,109370,109370.0
247302400928,DEMO4543231,247302400928, Sell,MESU5,MES,Micro E-mini S&P 500,6281.75,1,07/02/2025 23:26:12,247302400928, Filled,-2,0,0.25,,247302400928,07/02/2025 23:26:12,7/2/25,1,, Market,,,,,1,6281.75,6281.75
247302400939,DEMO4543231,247302400939, Buy,MGCQ5,MGC,E-Micro Gold,3357.2000000000003,1,07/02/2025 23:27:03,247302400939, Filled,-1,0,0.1,,247302400939,07/02/2025 23:27:03,7/2/25,1,, Market,,,,,1,3357.2,3357.2000000000003
247302400948,DEMO4543231,247302400948, Buy,MBTN5,MBT,Micro Bitcoin,109400.0,1,07/02/2025 23:27:04,247302400948, Filled,0,0,5.0,,247302400948,07/02/2025 23:27:04,7/2/25,1,, Market,,,,,1,109400,109400.0
247302400957,DEMO4543231,247302400957, Sell,MBTN5,MBT,Micro Bitcoin,109345.0,1,07/02/2025 23:28:29,247302400957, Filled,0,0,5.0,,247302400957,07/02/2025 23:28:29,7/2/25,1,, Market,,,,,1,109345,109345.0
247302400968,DEMO4543231,247302400968, Sell,MGCQ5,MGC,E-Micro Gold,3358.2000000000003,1,07/02/2025 23:29:30,247302400968, Filled,-1,0,0.1,,247302400968,07/02/2025 23:29:30,7/2/25,1,, Market,,,,,1,3358.2,3358.2000000000003
247302400979,DEMO4543231,247302400979, Buy,MESU5,MES,Micro E-mini S&P 500,6282.0,1,07/02/2025 23:35:04,247302400979, Filled,-2,0,0.25,,247302400979,07/02/2025 23:35:04,7/2/25,1,, Market,,,,,1,6282.00,6282.0
247302400988,DEMO4543231,247302400988, Buy,MBTN5,MBT,Micro Bitcoin,109380.0,1,07/02/2025 23:39:13,247302400988, Filled,0,0,5.0,,247302400988,07/02/2025 23:39:13,7/2/25,1,, Market,,,,,1,109380,109380.0
247302400997,DEMO4543231,247302400997, Sell,MBTN5,MBT,Micro Bitcoin,109300.0,1,07/02/2025 23:50:06,247302400997, Filled,0,0,5.0,,247302400997,07/02/2025 23:50:06,7/2/25,1,, Market,,,,,1,109300,109300.0
247302401008,DEMO4543231,247302401008, Sell,MESU5,MES,Micro E-mini S&P 500,6279.25,1,07/02/2025 23:56:15,247302401008, Filled,-2,0,0.25,,247302401008,07/02/2025 23:56:15,7/2/25,1,, Market,,,,,1,6279.25,6279.25
247302401019,DEMO4543231,247302401019, Buy,MGCQ5,MGC,E-Micro Gold,3358.2000000000003,1,07/02/2025 23:57:01,247302401019, Filled,-1,0,0.1,,247302401019,07/02/2025 23:57:01,7/2/25,1,, Market,,,,,1,3358.2,3358.2000000000003
247302401028,DEMO4543231,247302401028, Sell,MGCQ5,MGC,E-Micro Gold,3359.0,1,07/03/2025 00:02:46,247302401028, Filled,-1,0,0.1,,247302401028,07/03/2025 00:02:46,7/3/25,1,, Market,,,,,1,3359.0,3359.0
247302401039,DEMO4543231,247302401039, Buy,MESU5,MES,Micro E-mini S&P 500,6279.75,1,07/03/2025 00:05:05,247302401039, Filled,-2,0,0.25,,247302401039,07/03/2025 00:05:05,7/3/25,1,, Market,,,,,1,6279.75,6279.75
247302401048,DEMO4543231,247302401048, Buy,MBTN5,MBT,Micro Bitcoin,109315.0,1,07/03/2025 00:06:18,247302401048, Filled,0,0,5.0,,247302401048,07/03/2025 00:06:18,7/3/25,1,, Market,,,,,1,109315,109315.0
247302401057,DEMO4543231,247302401057, Buy,MGCQ5,MGC,E-Micro Gold,3360.4,1,07/03/2025 00:18:02,247302401057, Filled,-1,0,0.1,,247302401057,07/03/2025 00:18:02,7/3/25,1,, Market,,,,,1,3360.4,3360.4
247302401066,DEMO4543231,247302401066, Sell,MGCQ5,MGC,E-Micro Gold,3361.3,1,07/03/2025 00:22:42,247302401066, Filled,-1,0,0.1,,247302401066,07/03/2025 00:22:42,7/3/25,1,, Market,,,,,1,3361.3,3361.3
247302401077,DEMO4543231,247302401077, Sell,MBTN5,MBT,Micro Bitcoin,109575.0,1,07/03/2025 00:22:43,247302401077, Filled,0,0,5.0,,247302401077,07/03/2025 00:22:43,7/3/25,1,, Market,,,,,1,109575,109575.0
247302401088,DEMO4543231,247302401088, Sell,MESU5,MES,Micro E-mini S&P 500,6281.75,1,07/03/2025 00:26:39,247302401088, Filled,-2,0,0.25,,247302401088,07/03/2025 00:26:39,7/3/25,1,, Market,,,,,1,6281.75,6281.75
247302401099,DEMO4543231,247302401099, Buy,MBTN5,MBT,Micro Bitcoin,109580.0,1,07/03/2025 00:33:29,247302401099, Filled,0,0,5.0,,247302401099,07/03/2025 00:33:29,7/3/25,1,, Market,,,,,1,109580,109580.0
247302401108,DEMO4543231,247302401108, Sell,MBTN5,MBT,Micro Bitcoin,109520.0,1,07/03/2025 00:42:16,247302401108, Filled,0,0,5.0,,247302401108,07/03/2025 00:42:16,7/3/25,1,, Market,,,,,1,109520,109520.0
247302401119,DEMO4543231,247302401119, Buy,MGCQ5,MGC,E-Micro Gold,3362.7000000000003,1,07/03/2025 00:51:02,247302401119, Filled,-1,0,0.1,,247302401119,07/03/2025 00:51:02,7/3/25,1,, Market,,,,,1,3362.7,3362.7000000000003
247302401128,DEMO4543231,247302401128, Sell,MGCQ5,MGC,E-Micro Gold,3361.6000000000004,1,07/03/2025 00:52:27,247302401128, Filled,-1,0,0.1,,247302401128,07/03/2025 00:52:27,7/3/25,1,, Market,,,,,1,3361.6,3361.6000000000004
247302401139,DEMO4543231,247302401139, Buy,MBTN5,MBT,Micro Bitcoin,109455.0,1,07/03/2025 00:54:03,247302401139, Filled,0,0,5.0,,247302401139,07/03/2025 00:54:03,7/3/25,1,, Market,,,,,1,109455,109455.0
247302401148,DEMO4543231,247302401148, Sell,MBTN5,MBT,Micro Bitcoin,109405.0,1,07/03/2025 00:54:31,247302401148, Filled,0,0,5.0,,247302401148,07/03/2025 00:54:31,7/3/25,1,, Market,,,,,1,109405,109405.0
247302401159,DEMO4543231,247302401159, Buy,MESU5,MES,Micro E-mini S&P 500,6280.25,1,07/03/2025 01:00:20,247302401159, Filled,-2,0,0.25,,247302401159,07/03/2025 01:00:20,7/3/25,1,, Market,,,,,1,6280.25,6280.25
247302401168,DEMO4543231,247302401168, Buy,MBTN5,MBT,Micro Bitcoin,109525.0,1,07/03/2025 01:06:05,247302401168, Filled,0,0,5.0,,247302401168,07/03/2025 01:06:05,7/3/25,1,, Market,,,,,1,109525,109525.0
247302401177,DEMO4543231,247302401177, Sell,MBTN5,MBT,Micro Bitcoin,109530.0,1,07/03/2025 01:08:21,247302401177, Filled,0,0,5.0,,247302401177,07/03/2025 01:08:21,7/3/25,1,, Market,,,,,1,109530,109530.0
247302401188,DEMO4543231,247302401188, Buy,MGCQ5,MGC,E-Micro Gold,3363.2000000000003,1,07/03/2025 01:09:02,247302401188, Filled,-1,0,0.1,,247302401188,07/03/2025 01:09:02,7/3/25,1,, Market,,,,,1,3363.2,3363.2000000000003
247302401197,DEMO4543231,247302401197, Sell,MGCQ5,MGC,E-Micro Gold,3364.1000000000004,1,07/03/2025 01:15:12,247302401197, Filled,-1,0,0.1,,247302401197,07/03/2025 01:15:12,7/3/25,1,, Market,,,,,1,3364.1,3364.1000000000004
247302401208,DEMO4543231,247302401208, Buy,MBTN5,MBT,Micro Bitcoin,109770.0,1,07/03/2025 01:18:10,247302401208, Filled,0,0,5.0,,247302401208,07/03/2025 01:18:10,7/3/25,1,, Market,,,,,1,109770,109770.0
247302401217,DEMO4543231,247302401217, Sell,MBTN5,MBT,Micro Bitcoin,109730.0,1,07/03/2025 01:19:05,247302401217, Filled,0,0,5.0,,247302401217,07/03/2025 01:19:05,7/3/25,1,, Market,,,,,1,109730,109730.0
247302401228,DEMO4543231,247302401228, Buy,MBTN5,MBT,Micro Bitcoin,109885.0,1,07/03/2025 01:39:02,247302401228, Filled,0,0,5.0,,247302401228,07/03/2025 01:39:02,7/3/25,1,, Market,,,,,1,109885,109885.0
247302401237,DEMO4543231,247302401237, Buy,MGCQ5,MGC,E-Micro Gold,3363.2000000000003,1,07/03/2025 01:39:05,247302401237, Filled,-1,0,0.1,,247302401237,07/03/2025 01:39:05,7/3/25,1,, Market,,,,,1,3363.2,3363.2000000000003
247302401246,DEMO4543231,247302401246, Sell,MBTN5,MBT,Micro Bitcoin,109935.0,1,07/03/2025 01:42:07,247302401246, Filled,0,0,5.0,,247302401246,07/03/2025 01:42:07,7/3/25,1,, Market,,,,,1,109935,109935.0
247302401257,DEMO4543231,247302401257, Sell,MGCQ5,MGC,E-Micro Gold,3364.2000000000003,1,07/03/2025 01:42:16,247302401257, Filled,-1,0,0.1,,247302401257,07/03/2025 01:42:16,7/3/25,1,, Market,,,,,1,3364.2,3364.2000000000003
247302401268,DEMO4543231,247302401268, Sell,MESU5,MES,Micro E-mini S&P 500,6277.25,1,07/03/2025 01:49:02,247302401268, Filled,-2,0,0.25,,247302401268,07/03/2025 01:49:02,7/3/25,1,, Market,,,,,1,6277.25,6277.25
247302401279,DEMO4543231,247302401279, Buy,MGCQ5,MGC,E-Micro Gold,3367.3,1,07/03/2025 01:51:02,247302401279, Filled,-1,0,0.1,,247302401279,07/03/2025 01:51:02,7/3/25,1,, Market,,,,,1,3367.3,3367.3
247302401288,DEMO4543231,247302401288, Buy,MBTN5,MBT,Micro Bitcoin,109970.0,1,07/03/2025 01:51:19,247302401288, Filled,0,0,5.0,,247302401288,07/03/2025 01:51:19,7/3/25,1,, Market,,,,,1,109970,109970.0
247302401297,DEMO4543231,247302401297, Sell,MGCQ5,MGC,E-Micro Gold,3368.1000000000004,1,07/03/2025 01:52:42,247302401297, Filled,-1,0,0.1,,247302401297,07/03/2025 01:52:42,7/3/25,1,, Market,,,,,1,3368.1,3368.1000000000004
247302401308,DEMO4543231,247302401308, Sell,MBTN5,MBT,Micro Bitcoin,109895.0,1,07/03/2025 02:04:26,247302401308, Filled,0,0,5.0,,247302401308,07/03/2025 02:04:26,7/3/25,1,, Market,,,,,1,109895,109895.0
247302401319,DEMO4543231,247302401319, Buy,MGCQ5,MGC,E-Micro Gold,3373.2000000000003,1,07/03/2025 02:06:00,247302401319, Filled,-1,0,0.1,,247302401319,07/03/2025 02:06:00,7/3/25,1,, Market,,,,,1,3373.2,3373.2000000000003
247302401328,DEMO4543231,247302401328, Sell,MGCQ5,MGC,E-Micro Gold,3372.0,1,07/03/2025 02:06:13,247302401328, Filled,-1,0,0.1,,247302401328,07/03/2025 02:06:13,7/3/25,1,, Market,,,,,1,3372.0,3372.0
247302401339,DEMO4543231,247302401339, Buy,MBTN5,MBT,Micro Bitcoin,110000.0,1,07/03/2025 02:09:07,247302401339, Filled,0,0,5.0,,247302401339,07/03/2025 02:09:07,7/3/25,1,, Market,,,,,1,110000,110000.0
247302401348,DEMO4543231,247302401348, Sell,MBTN5,MBT,Micro Bitcoin,109895.0,1,07/03/2025 02:12:12,247302401348, Filled,0,0,5.0,,247302401348,07/03/2025 02:12:12,7/3/25,1,, Market,,,,,1,109895,109895.0
247302401359,DEMO4543231,247302401359, Buy,MGCQ5,MGC,E-Micro Gold,3370.9,1,07/03/2025 02:21:01,247302401359, Filled,-1,0,0.1,,247302401359,07/03/2025 02:21:01,7/3/25,1,, Market,,,,,1,3370.9,3370.9
247302401368,DEMO4543231,247302401368, Buy,MBTN5,MBT,Micro Bitcoin,110065.0,1,07/03/2025 02:21:40,247302401368, Filled,0,0,5.0,,247302401368,07/03/2025 02:21:40,7/3/25,1,, Market,,,,,1,110065,110065.0
247302401377,DEMO4543231,247302401377, Sell,MBTN5,MBT,Micro Bitcoin,110050.0,1,07/03/2025 02:21:41,247302401377, Filled,0,0,5.0,,247302401377,07/03/2025 02:21:41,7/3/25,1,, Market,,,,,1,110050,110050.0
247302401388,DEMO4543231,247302401388, Sell,MGCQ5,MGC,E-Micro Gold,3370.0,1,07/03/2025 02:25:49,247302401388, Filled,-1,0,0.1,,247302401388,07/03/2025 02:25:49,7/3/25,1,, Market,,,,,1,3370.0,3370.0
247302401399,DEMO4543231,247302401399, Buy,MBTN5,MBT,Micro Bitcoin,110080.0,1,07/03/2025 02:30:09,247302401399, Filled,0,0,5.0,,247302401399,07/03/2025 02:30:09,7/3/25,1,, Market,,,,,1,110080,110080.0
247302401408,DEMO4543231,247302401408, Sell,MBTN5,MBT,Micro Bitcoin,110065.0,1,07/03/2025 02:30:44,247302401408, Filled,0,0,5.0,,247302401408,07/03/2025 02:30:44,7/3/25,1,, Market,,,,,1,110065,110065.0
247302401419,DEMO4543231,247302401419, Buy,MBTN5,MBT,Micro Bitcoin,110020.0,1,07/03/2025 02:39:21,247302401419, Filled,0,0,5.0,,247302401419,07/03/2025 02:39:21,7/3/25,1,, Market,,,,,1,110020,110020.0
247302401428,DEMO4543231,247302401428, Sell,MBTN5,MBT,Micro Bitcoin,110085.0,1,07/03/2025 02:43:09,247302401428, Filled,0,0,5.0,,247302401428,07/03/2025 02:43:09,7/3/25,1,, Market,,,,,1,110085,110085.0
247302401439,DEMO4543231,247302401439, Buy,MESU5,MES,Micro E-mini S&P 500,6283.75,1,07/03/2025 02:45:05,247302401439, Filled,-2,0,0.25,,247302401439,07/03/2025 02:45:05,7/3/25,1,, Market,,,,,1,6283.75,6283.75
247302401448,DEMO4543231,247302401448, Buy,MBTN5,MBT,Micro Bitcoin,110130.0,1,07/03/2025 02:45:11,247302401448, Filled,0,0,5.0,,247302401448,07/03/2025 02:45:11,7/3/25,1,, Market,,,,,1,110130,110130.0
247302401457,DEMO4543231,247302401457, Buy,MGCQ5,MGC,E-Micro Gold,3367.7000000000003,1,07/03/2025 02:48:02,247302401457, Filled,-1,0,0.1,,247302401457,07/03/2025 02:48:02,7/3/25,1,, Market,,,,,1,3367.7,3367.7000000000003
247302401466,DEMO4543231,247302401466, Sell,MBTN5,MBT,Micro Bitcoin,110175.0,1,07/03/2025 02:48:46,247302401466, Filled,0,0,5.0,,247302401466,07/03/2025 02:48:46,7/3/25,1,, Market,,,,,1,110175,110175.0
247302401477,DEMO4543231,247302401477, Sell,MGCQ5,MGC,E-Micro Gold,3368.6000000000004,1,07/03/2025 02:51:06,247302401477, Filled,-1,0,0.1,,247302401477,07/03/2025 02:51:06,7/3/25,1,, Market,,,,,1,3368.6,3368.6000000000004
247302401488,DEMO4543231,247302401488, Buy,MGCQ5,MGC,E-Micro Gold,3371.4,1,07/03/2025 02:57:02,247302401488, Filled,-1,0,0.1,,247302401488,07/03/2025 02:57:02,7/3/25,1,, Market,,,,,1,3371.4,3371.4
247302401497,DEMO4543231,247302401497, Sell,MGCQ5,MGC,E-Micro Gold,3372.0,1,07/03/2025 02:59:13,247302401497, Filled,-1,0,0.1,,247302401497,07/03/2025 02:59:13,7/3/25,1,, Market,,,,,1,3372.0,3372.0
247302401508,DEMO4543231,247302401508, Sell,MESU5,MES,Micro E-mini S&P 500,6281.25,1,07/03/2025 03:00:12,247302401508, Filled,-2,0,0.25,,247302401508,07/03/2025 03:00:12,7/3/25,1,, Market,,,,,1,6281.25,6281.25
247302401519,DEMO4543231,247302401519, Buy,MESU5,MES,Micro E-mini S&P 500,6282.0,1,07/03/2025 03:20:00,247302401519, Filled,-2,0,0.25,,247302401519,07/03/2025 03:20:00,7/3/25,1,, Market,,,,,1,6282.00,6282.0
247302401528,DEMO4543231,247302401528, Buy,MGCQ5,MGC,E-Micro Gold,3367.2000000000003,1,07/03/2025 03:21:00,247302401528, Filled,-1,0,0.1,,247302401528,07/03/2025 03:21:00,7/3/25,1,, Market,,,,,1,3367.2,3367.2000000000003
247302401537,DEMO4543231,247302401537, Sell,MGCQ5,MGC,E-Micro Gold,3366.5,1,07/03/2025 03:22:12,247302401537, Filled,-1,0,0.1,,247302401537,07/03/2025 03:22:12,7/3/25,1,, Market,,,,,1,3366.5,3366.5
247302401548,DEMO4543231,247302401548, Buy,MBTN5,MBT,Micro Bitcoin,109885.0,1,07/03/2025 03:27:05,247302401548, Filled,0,0,5.0,,247302401548,07/03/2025 03:27:05,7/3/25,1,, Market,,,,,1,109885,109885.0
247302401557,DEMO4543231,247302401557, Sell,MESU5,MES,Micro E-mini S&P 500,6283.75,1,07/03/2025 03:27:14,247302401557, Filled,-2,0,0.25,,247302401557,07/03/2025 03:27:14,7/3/25,1,, Market,,,,,1,6283.75,6283.75
247302401568,DEMO4543231,247302401568, Sell,MBTN5,MBT,Micro Bitcoin,109915.0,1,07/03/2025 03:29:08,247302401568, Filled,0,0,5.0,,247302401568,07/03/2025 03:29:08,7/3/25,1,, Market,,,,,1,109915,109915.0
247302401579,DEMO4543231,247302401579, Buy,MGCQ5,MGC,E-Micro Gold,3367.9,1,07/03/2025 03:33:02,247302401579, Filled,-1,0,0.1,,247302401579,07/03/2025 03:33:02,7/3/25,1,, Market,,,,,1,3367.9,3367.9
247302401588,DEMO4543231,247302401588, Sell,MGCQ5,MGC,E-Micro Gold,3368.4,1,07/03/2025 03:33:16,247302401588, Filled,-1,0,0.1,,247302401588,07/03/2025 03:33:16,7/3/25,1,, Market,,,,,1,3368.4,3368.4
247302401599,DEMO4543231,247302401599, Buy,MBTN5,MBT,Micro Bitcoin,110070.0,1,07/03/2025 03:39:04,247302401599, Filled,0,0,5.0,,247302401599,07/03/2025 03:39:04,7/3/25,1,, Market,,,,,1,110070,110070.0
247302401608,DEMO4543231,247302401608, Sell,MBTN5,MBT,Micro Bitcoin,110005.0,1,07/03/2025 03:41:02,247302401608, Filled,0,0,5.0,,247302401608,07/03/2025 03:41:02,7/3/25,1,, Market,,,,,1,110005,110005.0
247302401619,DEMO4543231,247302401619, Buy,MBTN5,MBT,Micro Bitcoin,109925.0,1,07/03/2025 03:48:23,247302401619, Filled,0,0,5.0,,247302401619,07/03/2025 03:48:23,7/3/25,1,, Market,,,,,1,109925,109925.0
247302401628,DEMO4543231,247302401628, Sell,MBTN5,MBT,Micro Bitcoin,109905.0,1,07/03/2025 03:48:50,247302401628, Filled,0,0,5.0,,247302401628,07/03/2025 03:48:50,7/3/25,1,, Market,,,,,1,109905,109905.0
247302401639,DEMO4543231,247302401639, Buy,MGCQ5,MGC,E-Micro Gold,3365.2000000000003,1,07/03/2025 03:51:02,247302401639, Filled,-1,0,0.1,,247302401639,07/03/2025 03:51:02,7/3/25,1,, Market,,,,,1,3365.2,3365.2000000000003
247302401648,DEMO4543231,247302401648, Sell,MGCQ5,MGC,E-Micro Gold,3363.9,1,07/03/2025 03:52:43,247302401648, Filled,-1,0,0.1,,247302401648,07/03/2025 03:52:43,7/3/25,1,, Market,,,,,1,3363.9,3363.9
247302401659,DEMO4543231,247302401659, Buy,MGCQ5,MGC,E-Micro Gold,3363.8,1,07/03/2025 04:03:01,247302401659, Filled,-1,0,0.1,,247302401659,07/03/2025 04:03:01,7/3/25,1,, Market,,,,,1,3363.8,3363.8
247302401668,DEMO4543231,247302401668, Buy,MESU5,MES,Micro E-mini S&P 500,6281.5,1,07/03/2025 04:05:02,247302401668, Filled,-2,0,0.25,,247302401668,07/03/2025 04:05:02,7/3/25,1,, Market,,,,,1,6281.50,6281.5
247302401677,DEMO4543231,247302401677, Buy,MBTN5,MBT,Micro Bitcoin,110025.0,1,07/03/2025 04:06:05,247302401677, Filled,0,0,5.0,,247302401677,07/03/2025 04:06:05,7/3/25,1,, Market,,,,,1,110025,110025.0
247302401686,DEMO4543231,247302401686, Sell,MBTN5,MBT,Micro Bitcoin,110055.0,1,07/03/2025 04:07:04,247302401686, Filled,0,0,5.0,,247302401686,07/03/2025 04:07:04,7/3/25,1,, Market,,,,,1,110055,110055.0
247302401697,DEMO4543231,247302401697, Buy,MBTN5,MBT,Micro Bitcoin,110050.0,1,07/03/2025 04:12:05,247302401697, Filled,0,0,5.0,,247302401697,07/03/2025 04:12:05,7/3/25,1,, Market,,,,,1,110050,110050.0
247302401706,DEMO4543231,247302401706, Sell,MBTN5,MBT,Micro Bitcoin,110005.0,1,07/03/2025 04:16:24,247302401706, Filled,0,0,5.0,,247302401706,07/03/2025 04:16:24,7/3/25,1,, Market,,,,,1,110005,110005.0
247302401717,DEMO4543231,247302401717, Buy,MBTN5,MBT,Micro Bitcoin,110100.0,1,07/03/2025 04:18:34,247302401717, Filled,0,0,5.0,,247302401717,07/03/2025 04:18:34,7/3/25,1,, Market,,,,,1,110100,110100.0
247302401726,DEMO4543231,247302401726, Sell,MGCQ5,MGC,E-Micro Gold,3362.3,1,07/03/2025 04:20:30,247302401726, Filled,-1,0,0.1,,247302401726,07/03/2025 04:20:30,7/3/25,1,, Market,,,,,1,3362.3,3362.3
247302401737,DEMO4543231,247302401737, Buy,MGCQ5,MGC,E-Micro Gold,3364.2000000000003,1,07/03/2025 04:24:05,247302401737, Filled,-1,0,0.1,,247302401737,07/03/2025 04:24:05,7/3/25,1,, Market,,,,,1,3364.2,3364.2000000000003
247302401746,DEMO4543231,247302401746, Sell,MBTN5,MBT,Micro Bitcoin,110170.0,1,07/03/2025 04:27:19,247302401746, Filled,0,0,5.0,,247302401746,07/03/2025 04:27:19,7/3/25,1,, Market,,,,,1,110170,110170.0
247302401757,DEMO4543231,247302401757, Sell,MGCQ5,MGC,E-Micro Gold,3364.9,1,07/03/2025 04:28:16,247302401757, Filled,-1,0,0.1,,247302401757,07/03/2025 04:28:16,7/3/25,1,, Market,,,,,1,3364.9,3364.9
247302401768,DEMO4543231,247302401768, Buy,MGCQ5,MGC,E-Micro Gold,3366.5,1,07/03/2025 04:36:01,247302401768, Filled,-1,0,0.1,,247302401768,07/03/2025 04:36:01,7/3/25,1,, Market,,,,,1,3366.5,3366.5
247302401777,DEMO4543231,247302401777, Sell,MGCQ5,MGC,E-Micro Gold,3365.4,1,07/03/2025 04:37:22,247302401777, Filled,-1,0,0.1,,247302401777,07/03/2025 04:37:22,7/3/25,1,, Market,,,,,1,3365.4,3365.4
247302401788,DEMO4543231,247302401788, Sell,MESU5,MES,Micro E-mini S&P 500,6278.25,1,07/03/2025 04:44:57,247302401788, Filled,-2,0,0.25,,247302401788,07/03/2025 04:44:57,7/3/25,1,, Market,,,,,1,6278.25,6278.25
247302401799,DEMO4543231,247302401799, Buy,MBTN5,MBT,Micro Bitcoin,110160.0,1,07/03/2025 04:45:21,247302401799, Filled,0,0,5.0,,247302401799,07/03/2025 04:45:21,7/3/25,1,, Market,,,,,1,110160,110160.0
247302401808,DEMO4543231,247302401808, Sell,MBTN5,MBT,Micro Bitcoin,110085.0,1,07/03/2025 04:46:15,247302401808, Filled,0,0,5.0,,247302401808,07/03/2025 04:46:15,7/3/25,1,, Market,,,,,1,110085,110085.0
247302401819,DEMO4543231,247302401819, Buy,MGCQ5,MGC,E-Micro Gold,3368.0,1,07/03/2025 04:48:04,247302401819, Filled,-1,0,0.1,,247302401819,07/03/2025 04:48:04,7/3/25,1,, Market,,,,,1,3368.0,3368.0
247302401828,DEMO4543231,247302401828, Sell,MGCQ5,MGC,E-Micro Gold,3366.9,1,07/03/2025 04:50:44,247302401828, Filled,-1,0,0.1,,247302401828,07/03/2025 04:50:44,7/3/25,1,, Market,,,,,1,3366.9,3366.9
247302401839,DEMO4543231,247302401839, Buy,MBTN5,MBT,Micro Bitcoin,110050.0,1,07/03/2025 05:03:20,247302401839, Filled,0,0,5.0,,247302401839,07/03/2025 05:03:20,7/3/25,1,, Market,,,,,1,110050,110050.0
247302401848,DEMO4543231,247302401848, Buy,MESU5,MES,Micro E-mini S&P 500,6277.0,1,07/03/2025 05:05:03,247302401848, Filled,-2,0,0.25,,247302401848,07/03/2025 05:05:03,7/3/25,1,, Market,,,,,1,6277.00,6277.0
247302401857,DEMO4543231,247302401857, Sell,MBTN5,MBT,Micro Bitcoin,110090.0,1,07/03/2025 05:05:07,247302401857, Filled,0,0,5.0,,247302401857,07/03/2025 05:05:07,7/3/25,1,, Market,,,,,1,110090,110090.0
247302401868,DEMO4543231,247302401868, Buy,MBTN5,MBT,Micro Bitcoin,110170.0,1,07/03/2025 05:09:26,247302401868, Filled,0,0,5.0,,247302401868,07/03/2025 05:09:26,7/3/25,1,, Market,,,,,1,110170,110170.0
247302401877,DEMO4543231,247302401877, Sell,MBTN5,MBT,Micro Bitcoin,110215.0,1,07/03/2025 05:10:40,247302401877, Filled,0,0,5.0,,247302401877,07/03/2025 05:10:40,7/3/25,1,, Market,,,,,1,110215,110215.0
247302401888,DEMO4543231,247302401888, Buy,MBTN5,MBT,Micro Bitcoin,110360.0,1,07/03/2025 05:18:08,247302401888, Filled,0,0,5.0,,247302401888,07/03/2025 05:18:08,7/3/25,1,, Market,,,,,1,110360,110360.0
247302401897,DEMO4543231,247302401897, Sell,MBTN5,MBT,Micro Bitcoin,110375.0,1,07/03/2025 05:18:35,247302401897, Filled,0,0,5.0,,247302401897,07/03/2025 05:18:35,7/3/25,1,, Market,,,,,1,110375,110375.0
247302401908,DEMO4543231,247302401908, Sell,MESU5,MES,Micro E-mini S&P 500,6278.5,1,07/03/2025 05:21:50,247302401908, Filled,-2,0,0.25,,247302401908,07/03/2025 05:21:50,7/3/25,1,, Market,,,,,1,6278.50,6278.5
247302401919,DEMO4543231,247302401919, Buy,MGCQ5,MGC,E-Micro Gold,3362.7000000000003,1,07/03/2025 05:24:03,247302401919, Filled,-1,0,0.1,,247302401919,07/03/2025 05:24:03,7/3/25,1,, Market,,,,,1,3362.7,3362.7000000000003
247302401928,DEMO4543231,247302401928, Sell,MGCQ5,MGC,E-Micro Gold,3361.7000000000003,1,07/03/2025 05:25:33,247302401928, Filled,-1,0,0.1,,247302401928,07/03/2025 05:25:33,7/3/25,1,, Market,,,,,1,3361.7,3361.7000000000003
247302401939,DEMO4543231,247302401939, Buy,MBTN5,MBT,Micro Bitcoin,110660.0,1,07/03/2025 05:30:21,247302401939, Filled,0,0,5.0,,247302401939,07/03/2025 05:30:21,7/3/25,1,, Market,,,,,1,110660,110660.0
247302401948,DEMO4543231,247302401948, Sell,MBTN5,MBT,Micro Bitcoin,110580.0,1,07/03/2025 05:31:35,247302401948, Filled,0,0,5.0,,247302401948,07/03/2025 05:31:35,7/3/25,1,, Market,,,,,1,110580,110580.0
247302401959,DEMO4543231,247302401959, Buy,MBTN5,MBT,Micro Bitcoin,110650.0,1,07/03/2025 05:39:05,247302401959, Filled,0,0,5.0,,247302401959,07/03/2025 05:39:05,7/3/25,1,, Market,,,,,1,110650,110650.0
247302401968,DEMO4543231,247302401968, Sell,MBTN5,MBT,Micro Bitcoin,110600.0,1,07/03/2025 05:40:24,247302401968, Filled,0,0,5.0,,247302401968,07/03/2025 05:40:24,7/3/25,1,, Market,,,,,1,110600,110600.0
247302401979,DEMO4543231,247302401979, Buy,MGCQ5,MGC,E-Micro Gold,3357.1000000000004,1,07/03/2025 05:42:00,247302401979, Filled,-1,0,0.1,,247302401979,07/03/2025 05:42:00,7/3/25,1,, Market,,,,,1,3357.1,3357.1000000000004
247302401988,DEMO4543231,247302401988, Sell,MGCQ5,MGC,E-Micro Gold,3355.8,1,07/03/2025 05:44:29,247302401988, Filled,-1,0,0.1,,247302401988,07/03/2025 05:44:29,7/3/25,1,, Market,,,,,1,3355.8,3355.8
247302401999,DEMO4543231,247302401999, Buy,MGCQ5,MGC,E-Micro Gold,3356.9,1,07/03/2025 05:48:05,247302401999, Filled,-1,0,0.1,,247302401999,07/03/2025 05:48:05,7/3/25,1,, Market,,,,,1,3356.9,3356.9
247302402008,DEMO4543231,247302402008, Buy,MESU5,MES,Micro E-mini S&P 500,6278.25,1,07/03/2025 05:50:01,247302402008, Filled,-2,0,0.25,,247302402008,07/03/2025 05:50:01,7/3/25,1,, Market,,,,,1,6278.25,6278.25
247302402017,DEMO4543231,247302402017, Sell,MGCQ5,MGC,E-Micro Gold,3356.9,1,07/03/2025 05:52:54,247302402017, Filled,-1,0,0.1,,247302402017,07/03/2025 05:52:54,7/3/25,1,, Market,,,,,1,3356.9,3356.9
247302402028,DEMO4543231,247302402028, Buy,MBTN5,MBT,Micro Bitcoin,110665.0,1,07/03/2025 05:54:05,247302402028, Filled,0,0,5.0,,247302402028,07/03/2025 05:54:05,7/3/25,1,, Market,,,,,1,110665,110665.0
247302402037,DEMO4543231,247302402037, Sell,MBTN5,MBT,Micro Bitcoin,110600.0,1,07/03/2025 05:56:08,247302402037, Filled,0,0,5.0,,247302402037,07/03/2025 05:56:08,7/3/25,1,, Market,,,,,1,110600,110600.0
247302402048,DEMO4543231,247302402048, Sell,MESU5,MES,Micro E-mini S&P 500,6276.0,1,07/03/2025 05:58:04,247302402048, Filled,-2,0,0.25,,247302402048,07/03/2025 05:58:04,7/3/25,1,, Market,,,,,1,6276.00,6276.0
247302402059,DEMO4543231,247302402059, Buy,MBTN5,MBT,Micro Bitcoin,110605.0,1,07/03/2025 06:06:02,247302402059, Filled,0,0,5.0,,247302402059,07/03/2025 06:06:02,7/3/25,1,, Market,,,,,1,110605,110605.0
247302402068,DEMO4543231,247302402068, Sell,MBTN5,MBT,Micro Bitcoin,110595.0,1,07/03/2025 06:06:37,247302402068, Filled,0,0,5.0,,247302402068,07/03/2025 06:06:36,7/3/25,1,, Market,,,,,1,110595,110595.0
247302402079,DEMO4543231,247302402079, Buy,MBTN5,MBT,Micro Bitcoin,110590.0,1,07/03/2025 06:15:12,247302402079, Filled,0,0,5.0,,247302402079,07/03/2025 06:15:12,7/3/25,1,, Market,,,,,1,110590,110590.0
247302402088,DEMO4543231,247302402088, Sell,MBTN5,MBT,Micro Bitcoin,110515.0,1,07/03/2025 06:16:40,247302402088, Filled,0,0,5.0,,247302402088,07/03/2025 06:16:40,7/3/25,1,, Market,,,,,1,110515,110515.0
247302402099,DEMO4543231,247302402099, Buy,MBTN5,MBT,Micro Bitcoin,110400.0,1,07/03/2025 06:24:47,247302402099, Filled,0,0,5.0,,247302402099,07/03/2025 06:24:47,7/3/25,1,, Market,,,,,1,110400,110400.0
247302402108,DEMO4543231,247302402108, Sell,MBTN5,MBT,Micro Bitcoin,110405.0,1,07/03/2025 06:26:08,247302402108, Filled,0,0,5.0,,247302402108,07/03/2025 06:26:08,7/3/25,1,, Market,,,,,1,110405,110405.0
247302402119,DEMO4543231,247302402119, Buy,MGCQ5,MGC,E-Micro Gold,3359.7000000000003,1,07/03/2025 06:27:05,247302402119, Filled,-1,0,0.1,,247302402119,07/03/2025 06:27:05,7/3/25,1,, Market,,,,,1,3359.7,3359.7000000000003
247302402128,DEMO4543231,247302402128, Sell,MGCQ5,MGC,E-Micro Gold,3360.8,1,07/03/2025 06:33:03,247302402128, Filled,-1,0,0.1,,247302402128,07/03/2025 06:33:03,7/3/25,1,, Market,,,,,1,3360.8,3360.8
247302402139,DEMO4543231,247302402139, Buy,MBTN5,MBT,Micro Bitcoin,110425.0,1,07/03/2025 06:39:36,247302402139, Filled,0,0,5.0,,247302402139,07/03/2025 06:39:36,7/3/25,1,, Market,,,,,1,110425,110425.0
247302402148,DEMO4543231,247302402148, Buy,MGCQ5,MGC,E-Micro Gold,3362.7000000000003,1,07/03/2025 06:42:03,247302402148, Filled,-1,0,0.1,,247302402148,07/03/2025 06:42:03,7/3/25,1,, Market,,,,,1,3362.7,3362.7000000000003
247302402157,DEMO4543231,247302402157, Sell,MGCQ5,MGC,E-Micro Gold,3363.3,1,07/03/2025 06:43:45,247302402157, Filled,-1,0,0.1,,247302402157,07/03/2025 06:43:45,7/3/25,1,, Market,,,,,1,3363.3,3363.3
247302402168,DEMO4543231,247302402168, Sell,MBTN5,MBT,Micro Bitcoin,110345.0,1,07/03/2025 06:47:27,247302402168, Filled,0,0,5.0,,247302402168,07/03/2025 06:47:27,7/3/25,1,, Market,,,,,1,110345,110345.0
247302402179,DEMO4543231,247302402179, Buy,MBTN5,MBT,Micro Bitcoin,110495.0,1,07/03/2025 06:54:07,247302402179, Filled,0,0,5.0,,247302402179,07/03/2025 06:54:07,7/3/25,1,, Market,,,,,1,110495,110495.0
247302402188,DEMO4543231,247302402188, Buy,MESU5,MES,Micro E-mini S&P 500,6277.75,1,07/03/2025 06:55:05,247302402188, Filled,-2,0,0.25,,247302402188,07/03/2025 06:55:05,7/3/25,1,, Market,,,,,1,6277.75,6277.75
247302402197,DEMO4543231,247302402197, Sell,MBTN5,MBT,Micro Bitcoin,110425.0,1,07/03/2025 07:00:49,247302402197, Filled,0,0,5.0,,247302402197,07/03/2025 07:00:49,7/3/25,1,, Market,,,,,1,110425,110425.0
247302402208,DEMO4543231,247302402208, Sell,MESU5,MES,Micro E-mini S&P 500,6279.75,1,07/03/2025 07:11:51,247302402208, Filled,-2,0,0.25,,247302402208,07/03/2025 07:11:51,7/3/25,1,, Market,,,,,1,6279.75,6279.75
247302402219,DEMO4543231,247302402219, Buy,MGCQ5,MGC,E-Micro Gold,3361.1000000000004,1,07/03/2025 07:12:01,247302402219, Filled,-1,0,0.1,,247302402219,07/03/2025 07:12:00,7/3/25,1,, Market,,,,,1,3361.1,3361.1000000000004
247302402228,DEMO4543231,247302402228, Buy,MBTN5,MBT,Micro Bitcoin,110350.0,1,07/03/2025 07:12:02,247302402228, Filled,0,0,5.0,,247302402228,07/03/2025 07:12:02,7/3/25,1,, Market,,,,,1,110350,110350.0
247302402237,DEMO4543231,247302402237, Sell,MGCQ5,MGC,E-Micro Gold,3359.6000000000004,1,07/03/2025 07:13:42,247302402237, Filled,-1,0,0.1,,247302402237,07/03/2025 07:13:42,7/3/25,1,, Market,,,,,1,3359.6,3359.6000000000004
247302402248,DEMO4543231,247302402248, Sell,MBTN5,MBT,Micro Bitcoin,110260.0,1,07/03/2025 07:18:10,247302402248, Filled,0,0,5.0,,247302402248,07/03/2025 07:18:10,7/3/25,1,, Market,,,,,1,110260,110260.0
247302402259,DEMO4543231,247302402259, Buy,MESU5,MES,Micro E-mini S&P 500,6279.75,1,07/03/2025 07:20:02,247302402259, Filled,-2,0,0.25,,247302402259,07/03/2025 07:20:02,7/3/25,1,, Market,,,,,1,6279.75,6279.75
247302402268,DEMO4543231,247302402268, Buy,MGCQ5,MGC,E-Micro Gold,3358.5,1,07/03/2025 07:21:01,247302402268, Filled,-1,0,0.1,,247302402268,07/03/2025 07:21:01,7/3/25,1,, Market,,,,,1,3358.5,3358.5
247302402277,DEMO4543231,247302402277, Buy,MBTN5,MBT,Micro Bitcoin,110345.0,1,07/03/2025 07:21:03,247302402277, Filled,0,0,5.0,,247302402277,07/03/2025 07:21:03,7/3/25,1,, Market,,,,,1,110345,110345.0
247302402286,DEMO4543231,247302402286, Sell,MGCQ5,MGC,E-Micro Gold,3359.1000000000004,1,07/03/2025 07:22:25,247302402286, Filled,-1,0,0.1,,247302402286,07/03/2025 07:22:25,7/3/25,1,, Market,,,,,1,3359.1,3359.1000000000004
247302402297,DEMO4543231,247302402297, Buy,MGCQ5,MGC,E-Micro Gold,3358.7000000000003,1,07/03/2025 07:27:01,247302402297, Filled,-1,0,0.1,,247302402297,07/03/2025 07:27:01,7/3/25,1,, Market,,,,,1,3358.7,3358.7000000000003
247302402306,DEMO4543231,247302402306, Sell,MBTN5,MBT,Micro Bitcoin,110270.0,1,07/03/2025 07:27:42,247302402306, Filled,0,0,5.0,,247302402306,07/03/2025 07:27:42,7/3/25,1,, Market,,,,,1,110270,110270.0
247302402317,DEMO4543231,247302402317, Sell,MGCQ5,MGC,E-Micro Gold,3357.8,1,07/03/2025 07:31:04,247302402317, Filled,-1,0,0.1,,247302402317,07/03/2025 07:31:04,7/3/25,1,, Market,,,,,1,3357.8,3357.8
247302402328,DEMO4543231,247302402328, Buy,MBTN5,MBT,Micro Bitcoin,110270.0,1,07/03/2025 07:33:04,247302402328, Filled,0,0,5.0,,247302402328,07/03/2025 07:33:04,7/3/25,1,, Market,,,,,1,110270,110270.0
247302402337,DEMO4543231,247302402337, Sell,MBTN5,MBT,Micro Bitcoin,110220.0,1,07/03/2025 07:33:59,247302402337, Filled,0,0,5.0,,247302402337,07/03/2025 07:33:59,7/3/25,1,, Market,,,,,1,110220,110220.0
247302402348,DEMO4543231,247302402348, Buy,MGCQ5,MGC,E-Micro Gold,3357.2000000000003,1,07/03/2025 07:36:04,247302402348, Filled,-1,0,0.1,,247302402348,07/03/2025 07:36:04,7/3/25,1,, Market,,,,,1,3357.2,3357.2000000000003
247302402357,DEMO4543231,247302402357, Sell,MESU5,MES,Micro E-mini S&P 500,6277.25,1,07/03/2025 07:37:24,247302402357, Filled,-2,0,0.25,,247302402357,07/03/2025 07:37:24,7/3/25,1,, Market,,,,,1,6277.25,6277.25
247302402368,DEMO4543231,247302402368, Sell,MGCQ5,MGC,E-Micro Gold,3356.0,1,07/03/2025 07:37:49,247302402368, Filled,-1,0,0.1,,247302402368,07/03/2025 07:37:49,7/3/25,1,, Market,,,,,1,3356.0,3356.0
247302402379,DEMO4543231,247302402379, Buy,MESU5,MES,Micro E-mini S&P 500,6280.0,1,07/03/2025 07:45:00,247302402379, Filled,-2,0,0.25,,247302402379,07/03/2025 07:45:00,7/3/25,1,, Market,,,,,1,6280.00,6280.0
247302402388,DEMO4543231,247302402388, Buy,MGCQ5,MGC,E-Micro Gold,3356.7000000000003,1,07/03/2025 07:45:01,247302402388, Filled,-1,0,0.1,,247302402388,07/03/2025 07:45:01,7/3/25,1,, Market,,,,,1,3356.7,3356.7000000000003
247302402397,DEMO4543231,247302402397, Sell,MGCQ5,MGC,E-Micro Gold,3355.4,1,07/03/2025 07:47:09,247302402397, Filled,-1,0,0.1,,247302402397,07/03/2025 07:47:09,7/3/25,1,, Market,,,,,1,3355.4,3355.4
247302402408,DEMO4543231,247302402408, Buy,MGCQ5,MGC,E-Micro Gold,3356.2000000000003,1,07/03/2025 07:51:01,247302402408, Filled,-1,0,0.1,,247302402408,07/03/2025 07:51:01,7/3/25,1,, Market,,,,,1,3356.2,3356.2000000000003
247302402417,DEMO4543231,247302402417, Sell,MGCQ5,MGC,E-Micro Gold,3355.3,1,07/03/2025 07:51:32,247302402417, Filled,-1,0,0.1,,247302402417,07/03/2025 07:51:32,7/3/25,1,, Market,,,,,1,3355.3,3355.3
247302402428,DEMO4543231,247302402428, Buy,MGCQ5,MGC,E-Micro Gold,3355.9,1,07/03/2025 07:57:05,247302402428, Filled,-1,0,0.1,,247302402428,07/03/2025 07:57:05,7/3/25,1,, Market,,,,,1,3355.9,3355.9
247302402437,DEMO4543231,247302402437, Sell,MESU5,MES,Micro E-mini S&P 500,6277.75,1,07/03/2025 07:58:23,247302402437, Filled,-2,0,0.25,,247302402437,07/03/2025 07:58:23,7/3/25,1,, Market,,,,,1,6277.75,6277.75
247302402448,DEMO4543231,247302402448, Sell,MGCQ5,MGC,E-Micro Gold,3356.5,1,07/03/2025 07:59:51,247302402448, Filled,-1,0,0.1,,247302402448,07/03/2025 07:59:51,7/3/25,1,, Market,,,,,1,3356.5,3356.5
247302402459,DEMO4543231,247302402459, Buy,MESU5,MES,Micro E-mini S&P 500,6280.0,1,07/03/2025 08:00:01,247302402459, Filled,-2,0,0.25,,247302402459,07/03/2025 08:00:01,7/3/25,1,, Market,,,,,1,6280.00,6280.0
247302402468,DEMO4543231,247302402468, Sell,MESU5,MES,Micro E-mini S&P 500,6283.0,1,07/03/2025 08:04:16,247302402468, Filled,-2,0,0.25,,247302402468,07/03/2025 08:04:16,7/3/25,1,, Market,,,,,1,6283.00,6283.0
247302402479,DEMO4543231,247302402479, Buy,MGCQ5,MGC,E-Micro Gold,3355.3,1,07/03/2025 08:12:01,247302402479, Filled,-1,0,0.1,,247302402479,07/03/2025 08:12:01,7/3/25,1,, Market,,,,,1,3355.3,3355.3
247302402488,DEMO4543231,247302402488, Buy,MBTN5,MBT,Micro Bitcoin,110235.0,1,07/03/2025 08:12:03,247302402488, Filled,0,0,5.0,,247302402488,07/03/2025 08:12:03,7/3/25,1,, Market,,,,,1,110235,110235.0
247302402497,DEMO4543231,247302402497, Sell,MBTN5,MBT,Micro Bitcoin,110155.0,1,07/03/2025 08:12:09,247302402497, Filled,0,0,5.0,,247302402497,07/03/2025 08:12:09,7/3/25,1,, Market,,,,,1,110155,110155.0
247302402508,DEMO4543231,247302402508, Sell,MGCQ5,MGC,E-Micro Gold,3356.0,1,07/03/2025 08:12:23,247302402508, Filled,-1,0,0.1,,247302402508,07/03/2025 08:12:23,7/3/25,1,, Market,,,,,1,3356.0,3356.0
247302402519,DEMO4543231,247302402519, Buy,MBTN5,MBT,Micro Bitcoin,110235.0,1,07/03/2025 08:18:17,247302402519, Filled,0,0,5.0,,247302402519,07/03/2025 08:18:17,7/3/25,1,, Market,,,,,1,110235,110235.0
247302402528,DEMO4543231,247302402528, Sell,MBTN5,MBT,Micro Bitcoin,110195.0,1,07/03/2025 08:22:33,247302402528, Filled,0,0,5.0,,247302402528,07/03/2025 08:22:33,7/3/25,1,, Market,,,,,1,110195,110195.0
247302402539,DEMO4543231,247302402539, Buy,MBTN5,MBT,Micro Bitcoin,110210.0,1,07/03/2025 08:27:03,247302402539, Filled,0,0,5.0,,247302402539,07/03/2025 08:27:03,7/3/25,1,, Market,,,,,1,110210,110210.0
247302402548,DEMO4543231,247302402548, Sell,MBTN5,MBT,Micro Bitcoin,110175.0,1,07/03/2025 08:27:16,247302402548, Filled,0,0,5.0,,247302402548,07/03/2025 08:27:16,7/3/25,1,, Market,,,,,1,110175,110175.0
247302402559,DEMO4543231,247302402559, Buy,MESU5,MES,Micro E-mini S&P 500,6293.25,1,07/03/2025 08:30:03,247302402559, Filled,-2,0,0.25,,247302402559,07/03/2025 08:30:03,7/3/25,1,, Market,,,,,1,6293.25,6293.25
247302402568,DEMO4543231,247302402568, Sell,MESU5,MES,Micro E-mini S&P 500,6289.0,1,07/03/2025 08:30:05,247302402568, Filled,-2,0,0.25,,247302402568,07/03/2025 08:30:05,7/3/25,1,, Market,,,,,1,6289.00,6289.0
247302402579,DEMO4543231,247302402579, Buy,MGCQ5,MGC,E-Micro Gold,3326.8,1,07/03/2025 08:42:01,247302402579, Filled,-1,0,0.1,,247302402579,07/03/2025 08:42:01,7/3/25,1,, Market,,,,,1,3326.8,3326.8
247302402588,DEMO4543231,247302402588, Sell,MGCQ5,MGC,E-Micro Gold,3327.3,1,07/03/2025 08:42:14,247302402588, Filled,-1,0,0.1,,247302402588,07/03/2025 08:42:14,7/3/25,1,, Market,,,,,1,3327.3,3327.3
247302402599,DEMO4543231,247302402599, Buy,MBTN5,MBT,Micro Bitcoin,109535.0,1,07/03/2025 08:45:09,247302402599, Filled,0,0,5.0,,247302402599,07/03/2025 08:45:09,7/3/25,1,, Market,,,,,1,109535,109535.0
247302402608,DEMO4543231,247302402608, Sell,MBTN5,MBT,Micro Bitcoin,109475.0,1,07/03/2025 08:45:36,247302402608, Filled,0,0,5.0,,247302402608,07/03/2025 08:45:36,7/3/25,1,, Market,,,,,1,109475,109475.0
247302402619,DEMO4543231,247302402619, Buy,MGCQ5,MGC,E-Micro Gold,3327.4,1,07/03/2025 08:48:00,247302402619, Filled,-1,0,0.1,,247302402619,07/03/2025 08:48:00,7/3/25,1,, Market,,,,,1,3327.4,3327.4
247302402628,DEMO4543231,247302402628, Sell,MGCQ5,MGC,E-Micro Gold,3327.5,1,07/03/2025 08:48:10,247302402628, Filled,-1,0,0.1,,247302402628,07/03/2025 08:48:10,7/3/25,1,, Market,,,,,1,3327.5,3327.5
247302402639,DEMO4543231,247302402639, Buy,MBTN5,MBT,Micro Bitcoin,109545.0,1,07/03/2025 08:51:04,247302402639, Filled,0,0,5.0,,247302402639,07/03/2025 08:51:04,7/3/25,1,, Market,,,,,1,109545,109545.0
247302402648,DEMO4543231,247302402648, Sell,MBTN5,MBT,Micro Bitcoin,109560.0,1,07/03/2025 08:51:28,247302402648, Filled,0,0,5.0,,247302402648,07/03/2025 08:51:28,7/3/25,1,, Market,,,,,1,109560,109560.0
247302402659,DEMO4543231,247302402659, Buy,MGCQ5,MGC,E-Micro Gold,3329.9,1,07/03/2025 08:54:02,247302402659, Filled,-1,0,0.1,,247302402659,07/03/2025 08:54:02,7/3/25,1,, Market,,,,,1,3329.9,3329.9
247302402668,DEMO4543231,247302402668, Sell,MGCQ5,MGC,E-Micro Gold,3330.5,1,07/03/2025 08:54:51,247302402668, Filled,-1,0,0.1,,247302402668,07/03/2025 08:54:51,7/3/25,1,, Market,,,,,1,3330.5,3330.5
247302402679,DEMO4543231,247302402679, Buy,MESU5,MES,Micro E-mini S&P 500,6286.0,1,07/03/2025 08:55:00,247302402679, Filled,-2,0,0.25,,247302402679,07/03/2025 08:55:00,7/3/25,1,, Market,,,,,1,6286.00,6286.0
247302402688,DEMO4543231,247302402688, Sell,MESU5,MES,Micro E-mini S&P 500,6288.25,1,07/03/2025 09:02:55,247302402688, Filled,-2,0,0.25,,247302402688,07/03/2025 09:02:55,7/3/25,1,, Market,,,,,1,6288.25,6288.25
247302402699,DEMO4543231,247302402699, Buy,MESU5,MES,Micro E-mini S&P 500,6289.0,1,07/03/2025 09:05:01,247302402699, Filled,-2,0,0.25,,247302402699,07/03/2025 09:05:01,7/3/25,1,, Market,,,,,1,6289.00,6289.0
247302402708,DEMO4543231,247302402708, Sell,MESU5,MES,Micro E-mini S&P 500,6291.25,1,07/03/2025 09:06:37,247302402708, Filled,-2,0,0.25,,247302402708,07/03/2025 09:06:37,7/3/25,1,, Market,,,,,1,6291.25,6291.25
247302402719,DEMO4543231,247302402719, Buy,MGCQ5,MGC,E-Micro Gold,3338.1000000000004,1,07/03/2025 09:18:00,247302402719, Filled,-1,0,0.1,,247302402719,07/03/2025 09:18:00,7/3/25,1,, Market,,,,,1,3338.1,3338.1000000000004
247302402728,DEMO4543231,247302402728, Sell,MGCQ5,MGC,E-Micro Gold,3337.3,1,07/03/2025 09:18:24,247302402728, Filled,-1,0,0.1,,247302402728,07/03/2025 09:18:24,7/3/25,1,, Market,,,,,1,3337.3,3337.3
247302402739,DEMO4543231,247302402739, Buy,MBTN5,MBT,Micro Bitcoin,109940.0,1,07/03/2025 09:24:02,247302402739, Filled,0,0,5.0,,247302402739,07/03/2025 09:24:02,7/3/25,1,, Market,,,,,1,109940,109940.0
247302402748,DEMO4543231,247302402748, Sell,MBTN5,MBT,Micro Bitcoin,109920.0,1,07/03/2025 09:24:06,247302402748, Filled,0,0,5.0,,247302402748,07/03/2025 09:24:06,7/3/25,1,, Market,,,,,1,109920,109920.0
247302402759,DEMO4543231,247302402759, Buy,MESU5,MES,Micro E-mini S&P 500,6292.5,1,07/03/2025 09:25:01,247302402759, Filled,-2,0,0.25,,247302402759,07/03/2025 09:25:01,7/3/25,1,, Market,,,,,1,6292.50,6292.5
247302402768,DEMO4543231,247302402768, Sell,MESU5,MES,Micro E-mini S&P 500,6294.5,1,07/03/2025 09:28:07,247302402768, Filled,-2,0,0.25,,247302402768,07/03/2025 09:28:07,7/3/25,1,, Market,,,,,1,6294.50,6294.5
247302402779,DEMO4543231,247302402779, Buy,MGCQ5,MGC,E-Micro Gold,3344.9,1,07/03/2025 09:33:02,247302402779, Filled,-1,0,0.1,,247302402779,07/03/2025 09:33:02,7/3/25,1,, Market,,,,,1,3344.9,3344.9
247302402788,DEMO4543231,247302402788, Sell,MGCQ5,MGC,E-Micro Gold,3345.4,1,07/03/2025 09:33:18,247302402788, Filled,-1,0,0.1,,247302402788,07/03/2025 09:33:18,7/3/25,1,, Market,,,,,1,3345.4,3345.4
247302402799,DEMO4543231,247302402799, Buy,MBTN5,MBT,Micro Bitcoin,110495.0,1,07/03/2025 09:36:05,247302402799, Filled,0,0,5.0,,247302402799,07/03/2025 09:36:05,7/3/25,1,, Market,,,,,1,110495,110495.0
247302402808,DEMO4543231,247302402808, Sell,MBTN5,MBT,Micro Bitcoin,110445.0,1,07/03/2025 09:36:35,247302402808, Filled,0,0,5.0,,247302402808,07/03/2025 09:36:35,7/3/25,1,, Market,,,,,1,110445,110445.0
247302402819,DEMO4543231,247302402819, Buy,MGCQ5,MGC,E-Micro Gold,3348.3,1,07/03/2025 09:42:01,247302402819, Filled,-1,0,0.1,,247302402819,07/03/2025 09:42:01,7/3/25,1,, Market,,,,,1,3348.3,3348.3
247302402828,DEMO4543231,247302402828, Sell,MGCQ5,MGC,E-Micro Gold,3347.0,1,07/03/2025 09:42:39,247302402828, Filled,-1,0,0.1,,247302402828,07/03/2025 09:42:39,7/3/25,1,, Market,,,,,1,3347.0,3347.0
247302402839,DEMO4543231,247302402839, Buy,MGCQ5,MGC,E-Micro Gold,3344.9,1,07/03/2025 09:54:01,247302402839, Filled,-1,0,0.1,,247302402839,07/03/2025 09:54:01,7/3/25,1,, Market,,,,,1,3344.9,3344.9
247302402848,DEMO4543231,247302402848, Buy,MBTN5,MBT,Micro Bitcoin,111040.0,1,07/03/2025 09:54:03,247302402848, Filled,0,0,5.0,,247302402848,07/03/2025 09:54:03,7/3/25,1,, Market,,,,,1,111040,111040.0
247302402857,DEMO4543231,247302402857, Sell,MGCQ5,MGC,E-Micro Gold,3345.7000000000003,1,07/03/2025 09:54:38,247302402857, Filled,-1,0,0.1,,247302402857,07/03/2025 09:54:38,7/3/25,1,, Market,,,,,1,3345.7,3345.7000000000003
247302402868,DEMO4543231,247302402868, Sell,MBTN5,MBT,Micro Bitcoin,110990.0,1,07/03/2025 09:54:42,247302402868, Filled,0,0,5.0,,247302402868,07/03/2025 09:54:42,7/3/25,1,, Market,,,,,1,110990,110990.0
247302402879,DEMO4543231,247302402879, Buy,MGCQ5,MGC,E-Micro Gold,3340.3,1,07/03/2025 10:06:06,247302402879, Filled,-1,0,0.1,,247302402879,07/03/2025 10:06:06,7/3/25,1,, Market,,,,,1,3340.3,3340.3
247302402888,DEMO4543231,247302402888, Sell,MGCQ5,MGC,E-Micro Gold,3340.3,1,07/03/2025 10:06:14,247302402888, Filled,-1,0,0.1,,247302402888,07/03/2025 10:06:14,7/3/25,1,, Market,,,,,1,3340.3,3340.3
247302402899,DEMO4543231,247302402899, Buy,MBTN5,MBT,Micro Bitcoin,110780.0,1,07/03/2025 10:18:06,247302402899, Filled,0,0,5.0,,247302402899,07/03/2025 10:18:06,7/3/25,1,, Market,,,,,1,110780,110780.0
247302402908,DEMO4543231,247302402908, Sell,MBTN5,MBT,Micro Bitcoin,110820.0,1,07/03/2025 10:18:40,247302402908, Filled,0,0,5.0,,247302402908,07/03/2025 10:18:40,7/3/25,1,, Market,,,,,1,110820,110820.0
247302402919,DEMO4543231,247302402919, Buy,MESU5,MES,Micro E-mini S&P 500,6319.5,1,07/03/2025 10:20:01,247302402919, Filled,-2,0,0.25,,247302402919,07/03/2025 10:20:01,7/3/25,1,, Market,,,,,1,6319.50,6319.5
247302402928,DEMO4543231,247302402928, Buy,MBTN5,MBT,Micro Bitcoin,110980.0,1,07/03/2025 10:24:05,247302402928, Filled,0,0,5.0,,247302402928,07/03/2025 10:24:05,7/3/25,1,, Market,,,,,1,110980,110980.0
247302402937,DEMO4543231,247302402937, Sell,MBTN5,MBT,Micro Bitcoin,110965.0,1,07/03/2025 10:24:06,247302402937, Filled,0,0,5.0,,247302402937,07/03/2025 10:24:06,7/3/25,1,, Market,,,,,1,110965,110965.0
247302402948,DEMO4543231,247302402948, Buy,MGCQ5,MGC,E-Micro Gold,3336.0,1,07/03/2025 10:27:02,247302402948, Filled,-1,0,0.1,,247302402948,07/03/2025 10:27:02,7/3/25,1,, Market,,,,,1,3336.0,3336.0
247302402957,DEMO4543231,247302402957, Sell,MGCQ5,MGC,E-Micro Gold,3335.2000000000003,1,07/03/2025 10:28:02,247302402957, Filled,-1,0,0.1,,247302402957,07/03/2025 10:28:02,7/3/25,1,, Market,,,,,1,3335.2,3335.2000000000003
247302402968,DEMO4543231,247302402968, Buy,MBTN5,MBT,Micro Bitcoin,110505.0,1,07/03/2025 10:36:21,247302402968, Filled,0,0,5.0,,247302402968,07/03/2025 10:36:21,7/3/25,1,, Market,,,,,1,110505,110505.0
247302402977,DEMO4543231,247302402977, Sell,MBTN5,MBT,Micro Bitcoin,110595.0,1,07/03/2025 10:36:57,247302402977, Filled,0,0,5.0,,247302402977,07/03/2025 10:36:57,7/3/25,1,, Market,,,,,1,110595,110595.0
247302402988,DEMO4543231,247302402988, Sell,MESU5,MES,Micro E-mini S&P 500,6320.75,1,07/03/2025 10:37:05,247302402988, Filled,-2,0,0.25,,247302402988,07/03/2025 10:37:05,7/3/25,1,, Market,,,,,1,6320.75,6320.75
247302402999,DEMO4543231,247302402999, Buy,MESU5,MES,Micro E-mini S&P 500,6322.25,1,07/03/2025 10:40:00,247302402999, Filled,-2,0,0.25,,247302402999,07/03/2025 10:40:00,7/3/25,1,, Market,,,,,1,6322.25,6322.25
247302403008,DEMO4543231,247302403008, Sell,MESU5,MES,Micro E-mini S&P 500,6324.25,1,07/03/2025 10:41:33,247302403008, Filled,-2,0,0.25,,247302403008,07/03/2025 10:41:33,7/3/25,1,, Market,,,,,1,6324.25,6324.25
247302403019,DEMO4543231,247302403019, Buy,MGCQ5,MGC,E-Micro Gold,3337.9,1,07/03/2025 10:48:01,247302403019, Filled,-1,0,0.1,,247302403019,07/03/2025 10:48:01,7/3/25,1,, Market,,,,,1,3337.9,3337.9
247302403028,DEMO4543231,247302403028, Sell,MGCQ5,MGC,E-Micro Gold,3338.7000000000003,1,07/03/2025 10:48:40,247302403028, Filled,-1,0,0.1,,247302403028,07/03/2025 10:48:40,7/3/25,1,, Market,,,,,1,3338.7,3338.7000000000003
247302403039,DEMO4543231,247302403039, Buy,MBTN5,MBT,Micro Bitcoin,110355.0,1,07/03/2025 10:57:05,247302403039, Filled,0,0,5.0,,247302403039,07/03/2025 10:57:05,7/3/25,1,, Market,,,,,1,110355,110355.0
247302403048,DEMO4543231,247302403048, Sell,MBTN5,MBT,Micro Bitcoin,110400.0,1,07/03/2025 10:58:34,247302403048, Filled,0,0,5.0,,247302403048,07/03/2025 10:58:34,7/3/25,1,, Market,,,,,1,110400,110400.0
247302403059,DEMO4543231,247302403059, Buy,MESU5,MES,Micro E-mini S&P 500,6324.75,1,07/03/2025 11:05:01,247302403059, Filled,-2,0,0.25,,247302403059,07/03/2025 11:05:01,7/3/25,1,, Market,,,,,1,6324.75,6324.75
247302403068,DEMO4543231,247302403068, Buy,MGCQ5,MGC,E-Micro Gold,3335.7000000000003,1,07/03/2025 11:06:04,247302403068, Filled,-1,0,0.1,,247302403068,07/03/2025 11:06:04,7/3/25,1,, Market,,,,,1,3335.7,3335.7000000000003
247302403077,DEMO4543231,247302403077, Sell,MGCQ5,MGC,E-Micro Gold,3334.3,1,07/03/2025 11:06:36,247302403077, Filled,-1,0,0.1,,247302403077,07/03/2025 11:06:36,7/3/25,1,, Market,,,,,1,3334.3,3334.3
247302403088,DEMO4543231,247302403088, Sell,MESU5,MES,Micro E-mini S&P 500,6327.0,1,07/03/2025 11:07:05,247302403088, Filled,-2,0,0.25,,247302403088,07/03/2025 11:07:05,7/3/25,1,, Market,,,,,1,6327.00,6327.0
247302403099,DEMO4543231,247302403099, Buy,MBTN5,MBT,Micro Bitcoin,110155.0,1,07/03/2025 11:12:03,247302403099, Filled,0,0,5.0,,247302403099,07/03/2025 11:12:03,7/3/25,1,, Market,,,,,1,110155,110155.0
247302403108,DEMO4543231,247302403108, Sell,MBTN5,MBT,Micro Bitcoin,110150.0,1,07/03/2025 11:12:07,247302403108, Filled,0,0,5.0,,247302403108,07/03/2025 11:12:07,7/3/25,1,, Market,,,,,1,110150,110150.0
247302403119,DEMO4543231,247302403119, Buy,MESU5,MES,Micro E-mini S&P 500,6327.75,1,07/03/2025 11:15:01,247302403119, Filled,-2,0,0.25,,247302403119,07/03/2025 11:15:01,7/3/25,1,, Market,,,,,1,6327.75,6327.75
247302403128,DEMO4543231,247302403128, Buy,MGCQ5,MGC,E-Micro Gold,3337.6000000000004,1,07/03/2025 11:15:13,247302403128, Filled,-1,0,0.1,,247302403128,07/03/2025 11:15:13,7/3/25,1,, Market,,,,,1,3337.6,3337.6000000000004
247302403137,DEMO4543231,247302403137, Sell,MGCQ5,MGC,E-Micro Gold,3338.0,1,07/03/2025 11:17:22,247302403137, Filled,-1,0,0.1,,247302403137,07/03/2025 11:17:22,7/3/25,1,, Market,,,,,1,3338.0,3338.0
247302403148,DEMO4543231,247302403148, Sell,MESU5,MES,Micro E-mini S&P 500,6325.5,1,07/03/2025 11:18:07,247302403148, Filled,-2,0,0.25,,247302403148,07/03/2025 11:18:07,7/3/25,1,, Market,,,,,1,6325.50,6325.5
247302403159,DEMO4543231,247302403159, Buy,MGCQ5,MGC,E-Micro Gold,3340.2000000000003,1,07/03/2025 11:24:00,247302403159, Filled,-1,0,0.1,,247302403159,07/03/2025 11:24:00,7/3/25,1,, Market,,,,,1,3340.2,3340.2000000000003
247302403168,DEMO4543231,247302403168, Buy,MBTN5,MBT,Micro Bitcoin,110160.0,1,07/03/2025 11:24:07,247302403168, Filled,0,0,5.0,,247302403168,07/03/2025 11:24:07,7/3/25,1,, Market,,,,,1,110160,110160.0
247302403177,DEMO4543231,247302403177, Sell,MBTN5,MBT,Micro Bitcoin,110140.0,1,07/03/2025 11:24:08,247302403177, Filled,0,0,5.0,,247302403177,07/03/2025 11:24:08,7/3/25,1,, Market,,,,,1,110140,110140.0
247302403188,DEMO4543231,247302403188, Sell,MGCQ5,MGC,E-Micro Gold,3340.8,1,07/03/2025 11:25:10,247302403188, Filled,-1,0,0.1,,247302403188,07/03/2025 11:25:10,7/3/25,1,, Market,,,,,1,3340.8,3340.8
247302403199,DEMO4543231,247302403199, Buy,MESU5,MES,Micro E-mini S&P 500,6324.5,1,07/03/2025 11:30:04,247302403199, Filled,-2,0,0.25,,247302403199,07/03/2025 11:30:04,7/3/25,1,, Market,,,,,1,6324.50,6324.5
247302403208,DEMO4543231,247302403208, Sell,MESU5,MES,Micro E-mini S&P 500,6326.25,1,07/03/2025 11:31:18,247302403208, Filled,-2,0,0.25,,247302403208,07/03/2025 11:31:18,7/3/25,1,, Market,,,,,1,6326.25,6326.25
247302403219,DEMO4543231,247302403219, Buy,MBTN5,MBT,Micro Bitcoin,110040.0,1,07/03/2025 11:39:05,247302403219, Filled,0,0,5.0,,247302403219,07/03/2025 11:39:05,7/3/25,1,, Market,,,,,1,110040,110040.0
247302403228,DEMO4543231,247302403228, Sell,MBTN5,MBT,Micro Bitcoin,109960.0,1,07/03/2025 11:39:17,247302403228, Filled,0,0,5.0,,247302403228,07/03/2025 11:39:17,7/3/25,1,, Market,,,,,1,109960,109960.0
247302403239,DEMO4543231,247302403239, Buy,MESU5,MES,Micro E-mini S&P 500,6327.75,1,07/03/2025 11:40:04,247302403239, Filled,-2,0,0.25,,247302403239,07/03/2025 11:40:04,7/3/25,1,, Market,,,,,1,6327.75,6327.75
247302403248,DEMO4543231,247302403248, Sell,MESU5,MES,Micro E-mini S&P 500,6329.5,1,07/03/2025 11:41:39,247302403248, Filled,-2,0,0.25,,247302403248,07/03/2025 11:41:39,7/3/25,1,, Market,,,,,1,6329.50,6329.5
247302403259,DEMO4543231,247302403259, Buy,MGCQ5,MGC,E-Micro Gold,3337.9,1,07/03/2025 11:45:11,247302403259, Filled,-1,0,0.1,,247302403259,07/03/2025 11:45:11,7/3/25,1,, Market,,,,,1,3337.9,3337.9
247302403268,DEMO4543231,247302403268, Sell,MGCQ5,MGC,E-Micro Gold,3337.0,1,07/03/2025 11:46:18,247302403268, Filled,-1,0,0.1,,247302403268,07/03/2025 11:46:18,7/3/25,1,, Market,,,,,1,3337.0,3337.0
247302403279,DEMO4543231,247302403279, Buy,MBTN5,MBT,Micro Bitcoin,109890.0,1,07/03/2025 11:51:06,247302403279, Filled,0,0,5.0,,247302403279,07/03/2025 11:51:06,7/3/25,1,, Market,,,,,1,109890,109890.0
247302403288,DEMO4543231,247302403288, Sell,MBTN5,MBT,Micro Bitcoin,109835.0,1,07/03/2025 11:51:13,247302403288, Filled,0,0,5.0,,247302403288,07/03/2025 11:51:13,7/3/25,1,, Market,,,,,1,109835,109835.0
247302403299,DEMO4543231,247302403299, Buy,MGCQ5,MGC,E-Micro Gold,3338.2000000000003,1,07/03/2025 11:54:05,247302403299, Filled,-1,0,0.1,,247302403299,07/03/2025 11:54:04,7/3/25,1,, Market,,,,,1,3338.2,3338.2000000000003
247302403308,DEMO4543231,247302403308, Buy,MBTN5,MBT,Micro Bitcoin,109710.0,1,07/03/2025 12:00:08,247302403308, Filled,0,0,5.0,,247302403308,07/03/2025 12:00:08,7/3/25,1,, Market,,,,,1,109710,109710.0
247302403317,DEMO4543231,247302403317, Sell,MBTN5,MBT,Micro Bitcoin,109805.0,1,07/03/2025 12:00:55,247302403317, Filled,0,0,5.0,,247302403317,07/03/2025 12:00:55,7/3/25,1,, Market,,,,,1,109805,109805.0
247302403328,DEMO4543231,247302403328, Sell,MGCQ5,MGC,E-Micro Gold,3336.8,1,07/03/2025 12:06:43,247302403328, Filled,-1,0,0.1,,247302403328,07/03/2025 12:06:43,7/3/25,1,, Market,,,,,1,3336.8,3336.8
247302403339,DEMO4543231,247302403339, Buy,MBTN5,MBT,Micro Bitcoin,109870.0,1,07/03/2025 12:12:04,247302403339, Filled,0,0,5.0,,247302403339,07/03/2025 12:12:04,7/3/25,1,, Market,,,,,1,109870,109870.0
247302403348,DEMO4543231,247302403348, Sell,MBTN5,MBT,Micro Bitcoin,109895.0,1,07/03/2025 12:12:24,247302403348, Filled,0,0,5.0,,247302403348,07/03/2025 12:12:24,7/3/25,1,, Market,,,,,1,109895,109895.0
247302403359,DEMO4543231,247302403359, Buy,MGCQ5,MGC,E-Micro Gold,3337.0,1,07/03/2025 12:21:02,247302403359, Filled,-1,0,0.1,,247302403359,07/03/2025 12:21:02,7/3/25,1,, Market,,,,,1,3337.0,3337.0
247302403368,DEMO4543231,247302403368, Buy,MBTN5,MBT,Micro Bitcoin,109740.0,1,07/03/2025 12:24:08,247302403368, Filled,0,0,5.0,,247302403368,07/03/2025 12:24:08,7/3/25,1,, Market,,,,,1,109740,109740.0
247302403377,DEMO4543231,247302403377, Sell,MBTN5,MBT,Micro Bitcoin,109785.0,1,07/03/2025 12:24:42,247302403377, Filled,0,0,5.0,,247302403377,07/03/2025 12:24:42,7/3/25,1,, Market,,,,,1,109785,109785.0
247302403388,DEMO4543231,247302403388, Sell,MGCQ5,MGC,E-Micro Gold,3337.8,1,07/03/2025 12:27:31,247302403388, Filled,-1,0,0.1,,247302403388,07/03/2025 12:27:31,7/3/25,1,, Market,,,,,1,3337.8,3337.8
247302403399,DEMO4543231,247302403399, Buy,MBTN5,MBT,Micro Bitcoin,109875.0,1,07/03/2025 12:33:02,247302403399, Filled,0,0,5.0,,247302403399,07/03/2025 12:33:02,7/3/25,1,, Market,,,,,1,109875,109875.0
247302403408,DEMO4543231,247302403408, Buy,MESU5,MES,Micro E-mini S&P 500,6329.25,1,07/03/2025 12:35:01,247302403408, Filled,-2,0,0.25,,247302403408,07/03/2025 12:35:01,7/3/25,1,, Market,,,,,1,6329.25,6329.25
247302403417,DEMO4543231,247302403417, Sell,MBTN5,MBT,Micro Bitcoin,109805.0,1,07/03/2025 12:35:34,247302403417, Filled,0,0,5.0,,247302403417,07/03/2025 12:35:34,7/3/25,1,, Market,,,,,1,109805,109805.0
247302403428,DEMO4543231,247302403428, Buy,MBTN5,MBT,Micro Bitcoin,109940.0,1,07/03/2025 12:39:10,247302403428, Filled,0,0,5.0,,247302403428,07/03/2025 12:39:10,7/3/25,1,, Market,,,,,1,109940,109940.0
247302403437,DEMO4543231,247302403437, Sell,MBTN5,MBT,Micro Bitcoin,109960.0,1,07/03/2025 12:40:52,247302403437, Filled,0,0,5.0,,247302403437,07/03/2025 12:40:52,7/3/25,1,, Market,,,,,1,109960,109960.0
247302403448,DEMO4543231,247302403448, Sell,MESU5,MES,Micro E-mini S&P 500,6331.5,1,07/03/2025 12:40:59,247302403448, Filled,-2,0,0.25,,247302403448,07/03/2025 12:40:59,7/3/25,1,, Market,,,,,1,6331.50,6331.5
247302403459,DEMO4543231,247302403459, Buy,MGCQ5,MGC,E-Micro Gold,3342.6000000000004,1,07/03/2025 12:45:04,247302403459, Filled,-1,0,0.1,,247302403459,07/03/2025 12:45:04,7/3/25,1,, Market,,,,,1,3342.6,3342.6000000000004
247302403468,DEMO4543231,247302403468, Sell,MGCQ5,MGC,E-Micro Gold,3343.4,1,07/03/2025 12:45:47,247302403468, Filled,-1,0,0.1,,247302403468,07/03/2025 12:45:47,7/3/25,1,, Market,,,,,1,3343.4,3343.4
247302403479,DEMO4543231,247302403479, Buy,MBTN5,MBT,Micro Bitcoin,110280.0,1,07/03/2025 12:48:04,247302403479, Filled,0,0,5.0,,247302403479,07/03/2025 12:48:04,7/3/25,1,, Market,,,,,1,110280,110280.0
247302403488,DEMO4543231,247302403488, Sell,MBTN5,MBT,Micro Bitcoin,110310.0,1,07/03/2025 12:49:49,247302403488, Filled,0,0,5.0,,247302403488,07/03/2025 12:49:49,7/3/25,1,, Market,,,,,1,110310,110310.0
247302403499,DEMO4543231,247302403499, Buy,MBTN5,MBT,Micro Bitcoin,109965.0,1,07/03/2025 12:57:05,247302403499, Filled,0,0,5.0,,247302403499,07/03/2025 12:57:05,7/3/25,1,, Market,,,,,1,109965,109965.0
247302403508,DEMO4543231,247302403508, Sell,MBTN5,MBT,Micro Bitcoin,110010.0,1,07/03/2025 12:57:31,247302403508, Filled,0,0,5.0,,247302403508,07/03/2025 12:57:31,7/3/25,1,, Market,,,,,1,110010,110010.0
247302403519,DEMO4543231,247302403519, Buy,MBTN5,MBT,Micro Bitcoin,110055.0,1,07/03/2025 13:03:02,247302403519, Filled,0,0,5.0,,247302403519,07/03/2025 13:03:02,7/3/25,1,, Market,,,,,1,110055,110055.0
247302403528,DEMO4543231,247302403528, Buy,MESU5,MES,Micro E-mini S&P 500,6324.25,1,07/03/2025 13:05:00,247302403528, Filled,-2,0,0.25,,247302403528,07/03/2025 13:05:00,7/3/25,1,, Market,,,,,1,6324.25,6324.25
247302403537,DEMO4543231,247302403537, Sell,MBTN5,MBT,Micro Bitcoin,110045.0,1,07/03/2025 13:07:06,247302403537, Filled,0,0,5.0,,247302403537,07/03/2025 13:07:06,7/3/25,1,, Market,,,,,1,110045,110045.0
247302403548,DEMO4543231,247302403548, Sell,MESU5,MES,Micro E-mini S&P 500,6321.5,1,07/03/2025 13:11:21,247302403548, Filled,-2,0,0.25,,247302403548,07/03/2025 13:11:21,7/3/25,1,, Market,,,,,1,6321.50,6321.5
247302403559,DEMO4543231,247302403559, Buy,MBTN5,MBT,Micro Bitcoin,110075.0,1,07/03/2025 13:12:16,247302403559, Filled,0,0,5.0,,247302403559,07/03/2025 13:12:16,7/3/25,1,, Market,,,,,1,110075,110075.0
247302403568,DEMO4543231,247302403568, Sell,MBTN5,MBT,Micro Bitcoin,110135.0,1,07/03/2025 13:14:58,247302403568, Filled,0,0,5.0,,247302403568,07/03/2025 13:14:58,7/3/25,1,, Market,,,,,1,110135,110135.0
247302403579,DEMO4543231,247302403579, Buy,MBTN5,MBT,Micro Bitcoin,110090.0,1,07/03/2025 13:33:08,247302403579, Filled,0,0,5.0,,247302403579,07/03/2025 13:33:08,7/3/25,1,, Market,,,,,1,110090,110090.0
247302403588,DEMO4543231,247302403588, Sell,MBTN5,MBT,Micro Bitcoin,110155.0,1,07/03/2025 13:34:11,247302403588, Filled,0,0,5.0,,247302403588,07/03/2025 13:34:11,7/3/25,1,, Market,,,,,1,110155,110155.0
247302403599,DEMO4543231,247302403599, Buy,MGCQ5,MGC,E-Micro Gold,3340.4,1,07/03/2025 13:39:03,247302403599, Filled,-1,0,0.1,,247302403599,07/03/2025 13:39:03,7/3/25,1,, Market,,,,,1,3340.4,3340.4
247302403608,DEMO4543231,247302403608, Sell,MGCQ5,MGC,E-Micro Gold,3340.7000000000003,1,07/03/2025 13:39:42,247302403608, Filled,-1,0,0.1,,247302403608,07/03/2025 13:39:42,7/3/25,1,, Market,,,,,1,3340.7,3340.7000000000003
247302403619,DEMO4543231,247302403619, Buy,MBTN5,MBT,Micro Bitcoin,110200.0,1,07/03/2025 13:48:03,247302403619, Filled,0,0,5.0,,247302403619,07/03/2025 13:48:03,7/3/25,1,, Market,,,,,1,110200,110200.0
247302403628,DEMO4543231,247302403628, Sell,MBTN5,MBT,Micro Bitcoin,110250.0,1,07/03/2025 13:49:48,247302403628, Filled,0,0,5.0,,247302403628,07/03/2025 13:49:48,7/3/25,1,, Market,,,,,1,110250,110250.0
247302403639,DEMO4543231,247302403639, Buy,MGCQ5,MGC,E-Micro Gold,3339.6000000000004,1,07/03/2025 13:51:02,247302403639, Filled,-1,0,0.1,,247302403639,07/03/2025 13:51:01,7/3/25,1,, Market,,,,,1,3339.6,3339.6000000000004
247302403648,DEMO4543231,247302403648, Buy,MBTN5,MBT,Micro Bitcoin,110295.0,1,07/03/2025 14:06:46,247302403648, Filled,0,0,5.0,,247302403648,07/03/2025 14:06:46,7/3/25,1,, Market,,,,,1,110295,110295.0
247302403657,DEMO4543231,247302403657, Sell,MBTN5,MBT,Micro Bitcoin,110160.0,1,07/03/2025 14:12:10,247302403657, Filled,0,0,5.0,,247302403657,07/03/2025 14:12:10,7/3/25,1,, Market,,,,,1,110160,110160.0
247302403668,DEMO4543231,247302403668, Sell,MGCQ5,MGC,E-Micro Gold,3338.1000000000004,1,07/03/2025 14:13:41,247302403668, Filled,-1,0,0.1,,247302403668,07/03/2025 14:13:41,7/3/25,1,, Market,,,,,1,3338.1,3338.1000000000004
247302403679,DEMO4543231,247302403679, Buy,MGCQ5,MGC,E-Micro Gold,3338.7000000000003,1,07/03/2025 14:21:12,247302403679, Filled,-1,0,0.1,,247302403679,07/03/2025 14:21:12,7/3/25,1,, Market,,,,,1,3338.7,3338.7000000000003
247302403688,DEMO4543231,247302403688, Buy,MBTN5,MBT,Micro Bitcoin,110060.0,1,07/03/2025 14:21:43,247302403688, Filled,0,0,5.0,,247302403688,07/03/2025 14:21:43,7/3/25,1,, Market,,,,,1,110060,110060.0
247302403697,DEMO4543231,247302403697, Sell,MBTN5,MBT,Micro Bitcoin,110070.0,1,07/03/2025 14:23:06,247302403697, Filled,0,0,5.0,,247302403697,07/03/2025 14:23:06,7/3/25,1,, Market,,,,,1,110070,110070.0
247302403708,DEMO4543231,247302403708, Buy,MBTN5,MBT,Micro Bitcoin,110290.0,1,07/03/2025 14:42:10,247302403708, Filled,0,0,5.0,,247302403708,07/03/2025 14:42:10,7/3/25,1,, Market,,,,,1,110290,110290.0
247302403717,DEMO4543231,247302403717, Sell,MBTN5,MBT,Micro Bitcoin,110190.0,1,07/03/2025 14:46:11,247302403717, Filled,0,0,5.0,,247302403717,07/03/2025 14:46:11,7/3/25,1,, Market,,,,,1,110190,110190.0
247302403728,DEMO4543231,247302403728, Sell,MGCQ5,MGC,E-Micro Gold,3339.6000000000004,1,07/03/2025 14:47:33,247302403728, Filled,-1,0,0.1,,247302403728,07/03/2025 14:47:33,7/3/25,1,, Market,,,,,1,3339.6,3339.6000000000004
247302403739,DEMO4543231,247302403739, Buy,MBTN5,MBT,Micro Bitcoin,110300.0,1,07/03/2025 14:54:12,247302403739, Filled,0,0,5.0,,247302403739,07/03/2025 14:54:12,7/3/25,1,, Market,,,,,1,110300,110300.0
247302403748,DEMO4543231,247302403748, Sell,MBTN5,MBT,Micro Bitcoin,110250.0,1,07/03/2025 14:56:06,247302403748, Filled,0,0,5.0,,247302403748,07/03/2025 14:56:04,7/3/25,1,, Market,,,,,1,110250,110250.0
247302403759,DEMO4543231,247302403759, Buy,MBTN5,MBT,Micro Bitcoin,110315.0,1,07/03/2025 15:00:00,247302403759, Filled,0,0,5.0,,247302403759,07/03/2025 15:00:00,7/3/25,1,, Market,,,,,1,110315,110315.0
247302403768,DEMO4543231,247302403768, Sell,MBTN5,MBT,Micro Bitcoin,110365.0,1,07/03/2025 15:04:43,247302403768, Filled,0,0,5.0,,247302403768,07/03/2025 15:04:43,7/3/25,1,, Market,,,,,1,110365,110365.0
247302403779,DEMO4543231,247302403779, Buy,MGCQ5,MGC,E-Micro Gold,3337.5,1,07/03/2025 15:09:11,247302403779, Filled,-1,0,0.1,,247302403779,07/03/2025 15:09:09,7/3/25,1,, Market,,,,,1,3337.5,3337.5
247302403788,DEMO4543231,247302403788, Sell,MGCQ5,MGC,E-Micro Gold,3338.4,1,07/03/2025 15:17:54,247302403788, Filled,-1,0,0.1,,247302403788,07/03/2025 15:17:54,7/3/25,1,, Market,,,,,1,3338.4,3338.4
247302403799,DEMO4543231,247302403799, Buy,MBTN5,MBT,Micro Bitcoin,110450.0,1,07/03/2025 15:18:11,247302403799, Filled,0,0,5.0,,247302403799,07/03/2025 15:18:11,7/3/25,1,, Market,,,,,1,110450,110450.0
247302403808,DEMO4543231,247302403808, Sell,MBTN5,MBT,Micro Bitcoin,110500.0,1,07/03/2025 15:19:03,247302403808, Filled,0,0,5.0,,247302403808,07/03/2025 15:19:03,7/3/25,1,, Market,,,,,1,110500,110500.0
247302403819,DEMO4543231,247302403819, Buy,MBTN5,MBT,Micro Bitcoin,110550.0,1,07/03/2025 15:27:07,247302403819, Filled,0,0,5.0,,247302403819,07/03/2025 15:27:07,7/3/25,1,, Market,,,,,1,110550,110550.0
247302403828,DEMO4543231,247302403828, Sell,MBTN5,MBT,Micro Bitcoin,110535.0,1,07/03/2025 15:27:46,247302403828, Filled,0,0,5.0,,247302403828,07/03/2025 15:27:46,7/3/25,1,, Market,,,,,1,110535,110535.0
247302403839,DEMO4543231,247302403839, Buy,MBTN5,MBT,Micro Bitcoin,110405.0,1,07/03/2025 15:39:06,247302403839, Filled,0,0,5.0,,247302403839,07/03/2025 15:39:06,7/3/25,1,, Market,,,,,1,110405,110405.0
247302403848,DEMO4543231,247302403848, Sell,MBTN5,MBT,Micro Bitcoin,110365.0,1,07/03/2025 15:45:38,247302403848, Filled,0,0,5.0,,247302403848,07/03/2025 15:45:38,7/3/25,1,, Market,,,,,1,110365,110365.0
247302403859,DEMO4543231,247302403859, Buy,MBTN5,MBT,Micro Bitcoin,110375.0,1,07/03/2025 15:54:00,247302403859, Filled,0,0,5.0,,247302403859,07/03/2025 15:54:00,7/3/25,1,, Market,,,,,1,110375,110375.0
247302403868,DEMO4543231,247302403868, Sell,MBTN5,MBT,Micro Bitcoin,110420.0,1,07/03/2025 15:55:48,247302403868, Filled,0,0,5.0,,247302403868,07/03/2025 15:55:48,7/3/25,1,, Market,,,,,1,110420,110420.0
247302403879,DEMO4543231,247302403879, Buy,MGCQ5,MGC,E-Micro Gold,3336.7000000000003,1,07/03/2025 16:18:14,247302403879, Filled,-1,0,0.1,,247302403879,07/03/2025 16:18:12,7/3/25,1,, Market,,,,,1,3336.7,3336.7000000000003
247302403888,DEMO4543231,247302403888, Buy,MBTN5,MBT,Micro Bitcoin,110455.0,1,07/03/2025 16:21:22,247302403888, Filled,0,0,5.0,,247302403888,07/03/2025 16:21:22,7/3/25,1,, Market,,,,,1,110455,110455.0
247302403897,DEMO4543231,247302403897, Sell,MBTN5,MBT,Micro Bitcoin,110460.0,1,07/03/2025 16:21:56,247302403897, Filled,0,0,5.0,,247302403897,07/03/2025 16:21:56,7/3/25,1,, Market,,,,,1,110460,110460.0
247302403908,DEMO4543231,247302403908, Sell,MGCQ5,MGC,E-Micro Gold,3335.7000000000003,1,07/03/2025 16:25:26,247302403908, Filled,-1,0,0.1,,247302403908,07/03/2025 16:25:26,7/3/25,1,, Market,,,,,1,3335.7,3335.7000000000003
247302403919,DEMO4543231,247302403919, Buy,MGCQ5,MGC,E-Micro Gold,3336.7000000000003,1,07/03/2025 16:27:10,247302403919, Filled,-1,0,0.1,,247302403919,07/03/2025 16:27:06,7/3/25,1,, Market,,,,,1,3336.7,3336.7000000000003
247302403928,DEMO4543231,247302403928, Buy,MBTN5,MBT,Micro Bitcoin,110500.0,1,07/03/2025 16:36:35,247302403928, Filled,0,0,5.0,,247302403928,07/03/2025 16:36:35,7/3/25,1,, Market,,,,,1,110500,110500.0
247302403937,DEMO4543231,247302403937, Sell,MBTN5,MBT,Micro Bitcoin,110520.0,1,07/03/2025 16:38:48,247302403937, Filled,0,0,5.0,,247302403937,07/03/2025 16:38:48,7/3/25,1,, Market,,,,,1,110520,110520.0
247302403948,DEMO4543231,247302403948, Sell,MGCQ5,MGC,E-Micro Gold,3335.7000000000003,1,07/03/2025 16:38:56,247302403948, Filled,-1,0,0.1,,247302403948,07/03/2025 16:38:56,7/3/25,1,, Market,,,,,1,3335.7,3335.7000000000003
247302403959,DEMO4543231,247302403959, Buy,MGCQ5,MGC,E-Micro Gold,3337.1000000000004,1,07/03/2025 16:42:01,247302403959, Filled,-1,0,0.1,,247302403959,07/03/2025 16:42:01,7/3/25,1,, Market,,,,,1,3337.1,3337.1000000000004
247302403968,DEMO4543231,247302403968, Buy,MBTN5,MBT,Micro Bitcoin,110550.0,1,07/03/2025 16:45:01,247302403968, Filled,0,0,5.0,,247302403968,07/03/2025 16:45:01,7/3/25,1,, Market,,,,,1,110550,110550.0
247302403977,DEMO4543231,247302403977, Sell,MBTN5,MBT,Micro Bitcoin,110500.0,1,07/03/2025 16:46:09,247302403977, Filled,0,0,5.0,,247302403977,07/03/2025 16:46:09,7/3/25,1,, Market,,,,,1,110500,110500.0
247302403988,DEMO4543231,247302403988, Sell,MGCQ5,MGC,E-Micro Gold,3335.8,1,07/03/2025 16:49:28,247302403988, Filled,-1,0,0.1,,247302403988,07/03/2025 16:49:27,7/3/25,1,, Market,,,,,1,3335.8,3335.8
247302403999,DEMO4543231,247302403999, Buy,MBTN5,MBT,Micro Bitcoin,110515.0,1,07/03/2025 16:51:00,247302403999, Filled,0,0,5.0,,247302403999,07/03/2025 16:51:00,7/3/25,1,, Market,,,,,1,110515,110515.0
247302404008,DEMO4543231,247302404008, Buy,MGCQ5,MGC,E-Micro Gold,3335.3,1,07/03/2025 16:57:03,247302404008, Filled,-1,0,0.1,,247302404008,07/03/2025 16:57:03,7/3/25,1,, Market,,,,,1,3335.3,3335.3
247302404017,DEMO4543231,247302404017, Sell,MGCQ5,MGC,E-Micro Gold,3336.2000000000003,1,07/03/2025 16:58:01,247302404017, Filled,-1,0,0.1,,247302404017,07/03/2025 16:58:01,7/3/25,1,, Market,,,,,1,3336.2,3336.2000000000003
247302404028,DEMO4543231,247302404028, Sell,MBTN5,MBT,Micro Bitcoin,110555.0,1,07/03/2025 16:59:47,247302404028, Filled,0,0,5.0,,247302404028,07/03/2025 16:59:47,7/3/25,1,, Market,,,,,1,110555,110555.0
247302404048,DEMO4543231,247302404048, Buy,MBTN5,MBT,Micro Bitcoin,110505.0,1,07/03/2025 18:06:07,247302404048, Filled,0,0,5.0,,247302404048,07/03/2025 18:06:07,7/3/25,1,, Market,,,,,1,110505,110505.0
247302404058,DEMO4543231,247302404058, Sell,MBTN5,MBT,Micro Bitcoin,110405.0,1,07/03/2025 18:09:00,247302404058, Filled,0,0,5.0,,247302404058,07/03/2025 18:09:00,7/3/25,1,, Market,,,,,1,110405,110405.0
247302404069,DEMO4543231,247302404069, Buy,MGCQ5,MGC,E-Micro Gold,3334.9,1,07/03/2025 18:09:00,247302404069, Filled,-1,0,0.1,,247302404069,07/03/2025 18:09:00,7/3/25,1,, Market,,,,,1,3334.9,3334.9
247302404078,DEMO4543231,247302404078, Sell,MGCQ5,MGC,E-Micro Gold,3334.3,1,07/03/2025 18:09:07,247302404078, Filled,-1,0,0.1,,247302404078,07/03/2025 18:09:07,7/3/25,1,, Market,,,,,1,3334.3,3334.3
247302404089,DEMO4543231,247302404089, Buy,MESU5,MES,Micro E-mini S&P 500,6319.5,1,07/03/2025 18:10:01,247302404089, Filled,-2,0,0.25,,247302404089,07/03/2025 18:10:01,7/3/25,1,, Market,,,,,1,6319.50,6319.5
247302404098,DEMO4543231,247302404098, Buy,MBTN5,MBT,Micro Bitcoin,110405.0,1,07/03/2025 18:12:16,247302404098, Filled,0,0,5.0,,247302404098,07/03/2025 18:12:16,7/3/25,1,, Market,,,,,1,110405,110405.0
247302404107,DEMO4543231,247302404107, Sell,MBTN5,MBT,Micro Bitcoin,110360.0,1,07/03/2025 18:12:44,247302404107, Filled,0,0,5.0,,247302404107,07/03/2025 18:12:44,7/3/25,1,, Market,,,,,1,110360,110360.0
247302404118,DEMO4543231,247302404118, Buy,MGCQ5,MGC,E-Micro Gold,3333.8,1,07/03/2025 18:15:09,247302404118, Filled,-1,0,0.1,,247302404118,07/03/2025 18:15:09,7/3/25,1,, Market,,,,,1,3333.8,3333.8
247302404127,DEMO4543231,247302404127, Buy,MBTN5,MBT,Micro Bitcoin,110325.0,1,07/03/2025 18:21:06,247302404127, Filled,0,0,5.0,,247302404127,07/03/2025 18:21:06,7/3/25,1,, Market,,,,,1,110325,110325.0
247302404136,DEMO4543231,247302404136, Sell,MBTN5,MBT,Micro Bitcoin,110275.0,1,07/03/2025 18:22:55,247302404136, Filled,0,0,5.0,,247302404136,07/03/2025 18:22:55,7/3/25,1,, Market,,,,,1,110275,110275.0
247302404147,DEMO4543231,247302404147, Buy,MBTN5,MBT,Micro Bitcoin,110280.0,1,07/03/2025 18:27:01,247302404147, Filled,0,0,5.0,,247302404147,07/03/2025 18:27:01,7/3/25,1,, Market,,,,,1,110280,110280.0
247302404156,DEMO4543231,247302404156, Sell,MBTN5,MBT,Micro Bitcoin,110240.0,1,07/03/2025 18:27:10,247302404156, Filled,0,0,5.0,,247302404156,07/03/2025 18:27:10,7/3/25,1,, Market,,,,,1,110240,110240.0
247302404167,DEMO4543231,247302404167, Sell,MGCQ5,MGC,E-Micro Gold,3334.4,1,07/03/2025 18:28:06,247302404167, Filled,-1,0,0.1,,247302404167,07/03/2025 18:28:06,7/3/25,1,, Market,,,,,1,3334.4,3334.4
247302404178,DEMO4543231,247302404178, Buy,MBTN5,MBT,Micro Bitcoin,110395.0,1,07/03/2025 18:33:01,247302404178, Filled,0,0,5.0,,247302404178,07/03/2025 18:33:01,7/3/25,1,, Market,,,,,1,110395,110395.0
247302404187,DEMO4543231,247302404187, Sell,MESU5,MES,Micro E-mini S&P 500,6321.25,1,07/03/2025 18:37:49,247302404187, Filled,-2,0,0.25,,247302404187,07/03/2025 18:37:49,7/3/25,1,, Market,,,,,1,6321.25,6321.25
247302404198,DEMO4543231,247302404198, Sell,MBTN5,MBT,Micro Bitcoin,110415.0,1,07/03/2025 18:39:03,247302404198, Filled,0,0,5.0,,247302404198,07/03/2025 18:39:03,7/3/25,1,, Market,,,,,1,110415,110415.0
247302404209,DEMO4543231,247302404209, Buy,MGCQ5,MGC,E-Micro Gold,3336.8,1,07/03/2025 18:42:01,247302404209, Filled,-1,0,0.1,,247302404209,07/03/2025 18:42:01,7/3/25,1,, Market,,,,,1,3336.8,3336.8
247302404218,DEMO4543231,247302404218, Sell,MGCQ5,MGC,E-Micro Gold,3337.2000000000003,1,07/03/2025 18:49:48,247302404218, Filled,-1,0,0.1,,247302404218,07/03/2025 18:49:48,7/3/25,1,, Market,,,,,1,3337.2,3337.2000000000003
247302404229,DEMO4543231,247302404229, Buy,MGCQ5,MGC,E-Micro Gold,3337.7000000000003,1,07/03/2025 18:51:03,247302404229, Filled,-1,0,0.1,,247302404229,07/03/2025 18:51:03,7/3/25,1,, Market,,,,,1,3337.7,3337.7000000000003
247302404238,DEMO4543231,247302404238, Buy,MBTN5,MBT,Micro Bitcoin,110355.0,1,07/03/2025 18:51:15,247302404238, Filled,0,0,5.0,,247302404238,07/03/2025 18:51:15,7/3/25,1,, Market,,,,,1,110355,110355.0
247302404247,DEMO4543231,247302404247, Sell,MGCQ5,MGC,E-Micro Gold,3338.5,1,07/03/2025 18:52:27,247302404247, Filled,-1,0,0.1,,247302404247,07/03/2025 18:52:27,7/3/25,1,, Market,,,,,1,3338.5,3338.5
247302404258,DEMO4543231,247302404258, Buy,MGCQ5,MGC,E-Micro Gold,3338.6000000000004,1,07/03/2025 19:03:00,247302404258, Filled,-1,0,0.1,,247302404258,07/03/2025 19:03:00,7/3/25,1,, Market,,,,,1,3338.6,3338.6000000000004
247302404267,DEMO4543231,247302404267, Sell,MBTN5,MBT,Micro Bitcoin,110390.0,1,07/03/2025 19:03:37,247302404267, Filled,0,0,5.0,,247302404267,07/03/2025 19:03:37,7/3/25,1,, Market,,,,,1,110390,110390.0
247302404278,DEMO4543231,247302404278, Buy,MESU5,MES,Micro E-mini S&P 500,6318.75,1,07/03/2025 19:05:01,247302404278, Filled,-2,0,0.25,,247302404278,07/03/2025 19:05:01,7/3/25,1,, Market,,,,,1,6318.75,6318.75
247302404287,DEMO4543231,247302404287, Sell,MGCQ5,MGC,E-Micro Gold,3337.7000000000003,1,07/03/2025 19:05:11,247302404287, Filled,-1,0,0.1,,247302404287,07/03/2025 19:05:11,7/3/25,1,, Market,,,,,1,3337.7,3337.7000000000003
247302404298,DEMO4543231,247302404298, Buy,MGCQ5,MGC,E-Micro Gold,3339.1000000000004,1,07/03/2025 19:12:05,247302404298, Filled,-1,0,0.1,,247302404298,07/03/2025 19:12:05,7/3/25,1,, Market,,,,,1,3339.1,3339.1000000000004
247302404307,DEMO4543231,247302404307, Sell,MESU5,MES,Micro E-mini S&P 500,6316.0,1,07/03/2025 19:13:24,247302404307, Filled,-2,0,0.25,,247302404307,07/03/2025 19:13:24,7/3/25,1,, Market,,,,,1,6316.00,6316.0
247302404318,DEMO4543231,247302404318, Sell,MGCQ5,MGC,E-Micro Gold,3339.7000000000003,1,07/03/2025 19:15:50,247302404318, Filled,-1,0,0.1,,247302404318,07/03/2025 19:15:50,7/3/25,1,, Market,,,,,1,3339.7,3339.7000000000003
247302404329,DEMO4543231,247302404329, Buy,MESU5,MES,Micro E-mini S&P 500,6316.5,1,07/03/2025 19:25:06,247302404329, Filled,-2,0,0.25,,247302404329,07/03/2025 19:25:06,7/3/25,1,, Market,,,,,1,6316.50,6316.5
247302404338,DEMO4543231,247302404338, Buy,MBTN5,MBT,Micro Bitcoin,110250.0,1,07/03/2025 19:27:03,247302404338, Filled,0,0,5.0,,247302404338,07/03/2025 19:27:03,7/3/25,1,, Market,,,,,1,110250,110250.0
247302404347,DEMO4543231,247302404347, Buy,MGCQ5,MGC,E-Micro Gold,3339.9,1,07/03/2025 19:30:05,247302404347, Filled,-1,0,0.1,,247302404347,07/03/2025 19:30:04,7/3/25,1,, Market,,,,,1,3339.9,3339.9
247302404356,DEMO4543231,247302404356, Sell,MGCQ5,MGC,E-Micro Gold,3340.6000000000004,1,07/03/2025 19:32:02,247302404356, Filled,-1,0,0.1,,247302404356,07/03/2025 19:32:02,7/3/25,1,, Market,,,,,1,3340.6,3340.6000000000004
247302404367,DEMO4543231,247302404367, Buy,MGCQ5,MGC,E-Micro Gold,3340.9,1,07/03/2025 19:39:02,247302404367, Filled,-1,0,0.1,,247302404367,07/03/2025 19:39:02,7/3/25,1,, Market,,,,,1,3340.9,3340.9
247302404376,DEMO4543231,247302404376, Sell,MBTN5,MBT,Micro Bitcoin,110155.0,1,07/03/2025 19:41:06,247302404376, Filled,0,0,5.0,,247302404376,07/03/2025 19:41:06,7/3/25,1,, Market,,,,,1,110155,110155.0
247302404387,DEMO4543231,247302404387, Sell,MGCQ5,MGC,E-Micro Gold,3339.9,1,07/03/2025 19:42:23,247302404387, Filled,-1,0,0.1,,247302404387,07/03/2025 19:42:23,7/3/25,1,, Market,,,,,1,3339.9,3339.9
247302404398,DEMO4543231,247302404398, Buy,MGCQ5,MGC,E-Micro Gold,3341.5,1,07/03/2025 19:45:00,247302404398, Filled,-1,0,0.1,,247302404398,07/03/2025 19:45:00,7/3/25,1,, Market,,,,,1,3341.5,3341.5
247302404407,DEMO4543231,247302404407, Buy,MBTN5,MBT,Micro Bitcoin,110210.0,1,07/03/2025 19:48:42,247302404407, Filled,0,0,5.0,,247302404407,07/03/2025 19:48:42,7/3/25,1,, Market,,,,,1,110210,110210.0
247302404416,DEMO4543231,247302404416, Sell,MBTN5,MBT,Micro Bitcoin,110215.0,1,07/03/2025 19:51:04,247302404416, Filled,0,0,5.0,,247302404416,07/03/2025 19:51:04,7/3/25,1,, Market,,,,,1,110215,110215.0
247302404427,DEMO4543231,247302404427, Sell,MGCQ5,MGC,E-Micro Gold,3340.4,1,07/03/2025 19:52:20,247302404427, Filled,-1,0,0.1,,247302404427,07/03/2025 19:52:20,7/3/25,1,, Market,,,,,1,3340.4,3340.4
247302404438,DEMO4543231,247302404438, Buy,MGCQ5,MGC,E-Micro Gold,3340.6000000000004,1,07/03/2025 19:57:01,247302404438, Filled,-1,0,0.1,,247302404438,07/03/2025 19:57:01,7/3/25,1,, Market,,,,,1,3340.6,3340.6000000000004
247302404447,DEMO4543231,247302404447, Buy,MBTN5,MBT,Micro Bitcoin,110265.0,1,07/03/2025 19:57:24,247302404447, Filled,0,0,5.0,,247302404447,07/03/2025 19:57:24,7/3/25,1,, Market,,,,,1,110265,110265.0
247302404456,DEMO4543231,247302404456, Sell,MGCQ5,MGC,E-Micro Gold,3339.8,1,07/03/2025 19:59:47,247302404456, Filled,-1,0,0.1,,247302404456,07/03/2025 19:59:46,7/3/25,1,, Market,,,,,1,3339.8,3339.8
247302404467,DEMO4543231,247302404467, Sell,MESU5,MES,Micro E-mini S&P 500,6313.25,1,07/03/2025 20:07:30,247302404467, Filled,-2,0,0.25,,247302404467,07/03/2025 20:07:30,7/3/25,1,, Market,,,,,1,6313.25,6313.25
247302404478,DEMO4543231,247302404478, Sell,MBTN5,MBT,Micro Bitcoin,110175.0,1,07/03/2025 20:11:42,247302404478, Filled,0,0,5.0,,247302404478,07/03/2025 20:11:42,7/3/25,1,, Market,,,,,1,110175,110175.0
247302404489,DEMO4543231,247302404489, Buy,MESU5,MES,Micro E-mini S&P 500,6314.75,1,07/03/2025 20:15:00,247302404489, Filled,-2,0,0.25,,247302404489,07/03/2025 20:15:00,7/3/25,1,, Market,,,,,1,6314.75,6314.75
247302404498,DEMO4543231,247302404498, Buy,MBTN5,MBT,Micro Bitcoin,110240.0,1,07/03/2025 20:15:04,247302404498, Filled,0,0,5.0,,247302404498,07/03/2025 20:15:04,7/3/25,1,, Market,,,,,1,110240,110240.0
247302404507,DEMO4543231,247302404507, Sell,MBTN5,MBT,Micro Bitcoin,110170.0,1,07/03/2025 20:16:05,247302404507, Filled,0,0,5.0,,247302404507,07/03/2025 20:16:05,7/3/25,1,, Market,,,,,1,110170,110170.0
247302404518,DEMO4543231,247302404518, Buy,MGCQ5,MGC,E-Micro Gold,3335.7000000000003,1,07/03/2025 20:18:04,247302404518, Filled,-1,0,0.1,,247302404518,07/03/2025 20:18:04,7/3/25,1,, Market,,,,,1,3335.7,3335.7000000000003
247302404527,DEMO4543231,247302404527, Sell,MGCQ5,MGC,E-Micro Gold,3336.8,1,07/03/2025 20:19:25,247302404527, Filled,-1,0,0.1,,247302404527,07/03/2025 20:19:24,7/3/25,1,, Market,,,,,1,3336.8,3336.8
247302404538,DEMO4543231,247302404538, Sell,MESU5,MES,Micro E-mini S&P 500,6312.25,1,07/03/2025 20:23:06,247302404538, Filled,-2,0,0.25,,247302404538,07/03/2025 20:23:06,7/3/25,1,, Market,,,,,1,6312.25,6312.25
247302404549,DEMO4543231,247302404549, Buy,MBTN5,MBT,Micro Bitcoin,110195.0,1,07/03/2025 20:27:11,247302404549, Filled,0,0,5.0,,247302404549,07/03/2025 20:27:11,7/3/25,1,, Market,,,,,1,110195,110195.0
